"UNIPROT","Symbol","logFC","adj.P.Val","degree","betweenness","CDS","rank_base","rank_sd","rank_min","rank_max","robustness_label"
"P22735","TGM1",-10.0491677052415,3.82493263184569e-13,16,683.977442284385,0.756813340397567,1,0,1,1,"robust_candidate"
"P39060","COL18A1",9.08578773124355,2.02523624639194e-12,24,3.38174467512717,0.698950430971595,2,0.31,2,3,"robust_candidate"
"O43854","EDIL3",11.7505731211699,5.27430626303094e-14,2,0,0.682012208607953,3,0.6,2,5,"robust_candidate"
"P55268","LAMB2",7.94397288514485,3.82493263184569e-13,28,4.98354032590543,0.659543880023312,4,0.39,3,5,"robust_candidate"
"P15144","ANPEP",-8.56574498933558,2.77336249970818e-11,12,32.8470087693188,0.653228873459472,5,0.39,4,6,"robust_candidate"
"Q92817","EVPL",-7.66667425231876,8.19384930912627e-13,12,1714.43829658295,0.642940212688539,6,0.83,6,8,"robust_candidate"
"P12111","COL6A3",6.4674748196218,3.61411931561637e-11,40,258.721171663736,0.642780320768217,7,0.92,4,8,"robust_candidate"
"Q93079","H2BC9",7.1840656415308,2.02523624639194e-12,42,0.483333333333333,0.638511650154264,8,0.64,6,9,"robust_candidate"
"P22528","SPRR1B",-7.71437255697837,1.12883812313169e-12,12,225.187645389918,0.629880556786944,9,0.45,7,9,"robust_candidate"
"O60437","PPL",-7.23705889737411,1.29028472693281e-12,10,1072.6627265186,0.610749600031654,10,0.41,10,11,"robust_candidate"
"P18084","ITGB5",5.89617076152145,2.67708093670317e-09,54,108.99155386927,0.604841151953864,11,0.55,10,12,"robust_candidate"
"P08571","CD14",-8.51812739704659,4.76736962097686e-12,6,0,0.588722488565672,12,1,11,15,"robust_candidate"
"P05106","ITGB3",5.09271930854193,3.7941272528378e-09,68,323.333181397287,0.588205458803218,13,0.77,12,14,"robust_candidate"
"P08473","MME",-8.01102886663737,6.83236075688006e-13,6,4.81779948037879,0.579527397804248,14,1.19,13,18,"robust_candidate"
"P12110","COL6A2",5.29222528308598,1.49957042514983e-09,44,279.200384826166,0.577633560124459,15,0.89,13,16,"robust_candidate"
"P16671","CD36",-5.58070492589405,3.83326667165823e-08,38,871.153513214777,0.567451371346714,16,0.79,14,17,"robust_candidate"
"Q9UBC9","SPRR3",-6.50860737097034,3.61411931561637e-11,12,64.3089255532478,0.567380439725915,17,0.76,15,18,"robust_candidate"
"P15941","MUC1",-5.44150349646561,3.48889111081328e-09,28,842.856652714833,0.560876058639082,18,0.65,16,19,"robust_candidate"
"P35321","SPRR1A",-7.063706640905,1.43345841853797e-11,10,0.25,0.552537001146771,19,0.51,18,20,"robust_candidate"
"P02751","FN1",3.53842274994988,2.99794741685254e-06,126,6024.76556630829,0.529512504840343,20,1.74,19,26,"weight_sensitive_candidate"
"Q5SSG8","MUC21",-7.11616947021344,3.94060369630895e-12,6,0,0.526863338261339,21,0.93,20,23,"robust_candidate"
"P29317","EPHA2",5.09903353539291,3.06168588527763e-09,22,121.230345393219,0.518736856500709,22,0.32,21,23,"robust_candidate"
"Q96AC1","FERMT2",5.65013809420427,1.00771397500901e-09,12,49.5944655561461,0.511141986355792,23,0.61,23,25,"robust_candidate"
"Q99102","MUC4",-6.24452266273745,5.90340021693799e-09,8,98.9730557172087,0.508466624731331,24,1.84,22,31,"weight_sensitive_candidate"
"P05556","ITGB1",3.32073568701624,5.72996806582694e-06,112,3141.40510417698,0.503621260299081,25,3.37,21,32,"weight_sensitive_candidate"
"P29508","SERPINB3",-7.69241842101399,8.49777191631573e-13,2,0,0.50295262575568,26,5.41,21,40,"weight_sensitive_candidate"
"P01903","HLA-DRA",5.41975838364429,1.73590130617874e-09,12,104.802042797509,0.502626291088926,27,1.11,26,30,"robust_candidate"
"P20908","COL5A1",5.64436044238364,1.64756025582437e-07,18,61.7028631107177,0.498300903998989,28,1.47,26,32,"robust_candidate"
"Q16270","IGFBP7",4.9829631532745,3.22102173983847e-09,14,412.126119716324,0.497479951212008,29,1.52,27,32,"weight_sensitive_candidate"
"P07476","IVL",-4.898630810546,3.62059942012885e-08,18,965.8812914178,0.4966607347411,30,0.91,27,31,"robust_candidate"
"P07996","THBS1",4.05922534484701,4.47152337068413e-07,52,396.102231972385,0.49479923934927,31,2.66,24,33,"weight_sensitive_candidate"
"P05067","APP",4.08022179992459,1.26257085766286e-06,44,3038.85396521023,0.494041147481746,32,2.39,26,33,"weight_sensitive_candidate"
"Q14CN2","CLCA4",-7.32971069650629,2.77336249970818e-11,2,0,0.486948727765998,33,5.89,25,46,"weight_sensitive_candidate"
"Q6FI13","H2AC18",4.44700067810138,3.92287864452528e-07,44,24.595089145221,0.482792102881945,34,0.89,34,37,"robust_candidate"
"Q9UQN3","CHMP2B",-3.97827494796961,2.68644070134879e-06,48,1087.33738429474,0.481437535898451,35,0.66,33,36,"robust_candidate"
"P00533","EGFR",2.66096413050353,0.000166325746872091,138,26136.2146375846,0.478441474777631,36,4.15,27,43,"weight_sensitive_candidate"
"P12109","COL6A1",3.81699460964921,3.02956412365568e-07,46,281.834335618021,0.47734751132397,37,0.93,36,39,"robust_candidate"
"Q9NZT1","CALML5",-4.39963347184677,1.21076556120614e-05,34,2896.91177429683,0.477047010790896,38,1.02,35,38,"robust_candidate"
"Q14315","FLNC",4.26754927712004,1.28352617413847e-07,32,108.030594956069,0.475615774213759,39,1.32,37,41,"robust_candidate"
"P04233","CD74",2.95606427089903,9.41062915228638e-05,118,4194.68967921038,0.472779885664586,40,3.01,33,47,"weight_sensitive_candidate"
"P62979","RPS27A",-2.29030107893188,0.000954627392123996,190,19162.3844607216,0.465827274636521,41,4.33,35,51,"weight_sensitive_candidate"
"P19838","NFKB1",-3.44747844018507,1.57026229555471e-05,56,4695.57905595829,0.465195626913985,42,1.15,41,45,"robust_candidate"
"P62805","H4C6",3.55592798697397,4.15883972050969e-06,56,621.130366906563,0.464310683594326,43,1.08,41,46,"robust_candidate"
"P06493","CDK1",3.92522819115859,1.88383273737696e-06,32,1943.90479839301,0.462950751164689,44,1.05,41,45,"robust_candidate"
"O75351","VPS4B",-4.55464794408816,4.66782525931516e-07,32,10.989598738461,0.46256807165457,45,2.01,39,45,"weight_sensitive_candidate"
"Q93077","H2AC6",4.02358050017426,1.56986423567396e-06,46,33.5203135593012,0.459006767438116,46,1.14,43,48,"robust_candidate"
"P26006","ITGA3",3.55554486897546,3.381325992227e-06,58,73.4170033615471,0.451882153821555,47,2.12,47,55,"weight_sensitive_candidate"
"P35625","TIMP3",5.14530758980161,4.4328915247854e-09,10,2.41331168831169,0.448412794445376,48,1.88,44,52,"weight_sensitive_candidate"
"P05109","S100A8",-4.22935730252304,7.03554607472397e-07,18,1075.92516694612,0.446812358921954,49,1.31,48,52,"robust_candidate"
"Q687X5","STEAP4",-6.40254170443348,6.02780269075201e-11,2,0,0.446038879517053,50,5.53,38,60,"weight_sensitive_candidate"
"Q96H20","SNF8",-4.2273391892498,1.24093041347383e-07,34,0.588207625707626,0.445855456652851,51,1.36,48,53,"robust_candidate"
"P80188","LCN2",-3.94420416881189,1.86317094274762e-06,22,1547.53997898201,0.441139592670197,52,1.61,49,55,"weight_sensitive_candidate"
"P25942","CD40",4.15233707146858,8.83570769468303e-08,18,78.6053862134169,0.438690481428313,53,0.95,52,55,"robust_candidate"
"O95466","FMNL1",6.21848493847222,8.20809321037695e-11,2,0,0.437917669220931,54,6.11,40,67,"weight_sensitive_candidate"
"P31944","CASP14",-5.03327614283856,5.0677596892988e-08,6,443,0.436239956778819,55,2.1,49,59,"weight_sensitive_candidate"
"Q9UI12","ATP6V1H",-3.5772010048081,2.99794741685254e-06,24,4241.39619201238,0.433957831107293,56,1.67,52,58,"weight_sensitive_candidate"
"Q99715","COL12A1",3.88890923368778,8.15084188632489e-07,20,445.381634648387,0.429979017903849,57,1.05,56,60,"robust_candidate"
"P17301","ITGA2",3.03416118463698,2.42792150270333e-05,64,262.709300874912,0.429949538144299,58,3.69,50,64,"weight_sensitive_candidate"
"P15313","ATP6V1B1",-4.09120253453894,3.10534372019738e-07,22,22.8795540590976,0.429156732725049,59,1.31,56,60,"robust_candidate"
"P33778","H2BC3",3.4841504591376,1.04851796778744e-05,44,121.250176132575,0.428616950027658,60,2.19,54,63,"weight_sensitive_candidate"
"O00622","CCN1",5.30438855139913,3.85277938733191e-08,6,11.6909365200722,0.423546658365804,61,3.3,56,69,"weight_sensitive_candidate"
"P03956","MMP1",4.05603336942257,1.63739309323968e-06,20,110.391381127368,0.421996827126823,62,0.89,61,64,"robust_candidate"
"Q71UI9","H2AZ2",3.62674319054149,1.6406623358273e-06,34,19.2186229057426,0.420013340928027,63,1.94,58,66,"weight_sensitive_candidate"
"P98088","MUC5AC",4.70947710657234,3.35890256237761e-07,10,55.2133329485494,0.419336885766215,64,1.9,60,68,"weight_sensitive_candidate"
"Q12913","PTPRJ",4.83247878639825,3.7941272528378e-09,6,7.45947993861162,0.416192293461946,65,3.29,59,72,"weight_sensitive_candidate"
"Q86VN1","VPS36",-3.00883956549698,5.37271650330747e-05,42,1605.79184541279,0.412643433138851,66,1.5,62,67,"robust_candidate"
"P17252","PRKCA",3.08294116561077,7.00634370975661e-05,42,1183.81948138229,0.411742629119933,67,1.47,63,68,"robust_candidate"
"P16104","H2AX",3.22357499359932,2.80943587414759e-05,40,185.713839009971,0.407851233438093,68,1.1,66,70,"robust_candidate"
"Q9BRG1","VPS25",-3.43156877137895,1.0443775908114e-05,42,13.0707828321451,0.407496336357625,69,1.55,65,72,"weight_sensitive_candidate"
"Q71DI3","H3C13",2.83493449762814,0.0016552570483859,62,2847.46558936616,0.407088897556833,70,2.4,64,73,"weight_sensitive_candidate"
"Q99816","TSG101",-2.60307027942783,0.000354935285149436,48,6346.16144913541,0.399184732037597,71,1.69,70,75,"weight_sensitive_candidate"
"P08294","SOD3",4.98139115318996,1.59096263600241e-09,4,1,0.39856483029514,72,4.28,65,82,"weight_sensitive_candidate"
"O14939","PLD2",-4.08192075013316,7.96569600634472e-07,12,73.7053095667701,0.397354510892814,73,1.09,69,74,"robust_candidate"
"P11047","LAMC1",2.94395767737148,4.30479308646011e-05,42,219.192696401541,0.396482844280437,74,1.31,71,76,"robust_candidate"
"P06702","S100A9",-4.07099132924974,5.49031052139362e-07,10,94.8449722640729,0.391659783069902,75,2,71,81,"weight_sensitive_candidate"
"P05121","SERPINE1",3.59501914891767,3.31155466512419e-06,22,21.5176327610653,0.389971702794235,76,0.66,74,77,"robust_candidate"
"P17931","LGALS3",-2.87436971609317,9.01481596908122e-05,32,1192.95874554178,0.385390019047581,77,1.55,74,79,"weight_sensitive_candidate"
"O00468","AGRN",3.42626529297742,3.63119776247077e-06,16,325.053211903651,0.384272902317622,78,1.67,77,83,"weight_sensitive_candidate"
"O15230","LAMA5",3.25992473968899,1.0267442299362e-05,34,7.13562697793477,0.383957201314153,79,0.88,77,80,"robust_candidate"
"P08670","VIM",3.52227024110501,1.96407260271544e-06,14,132.270575047533,0.378900143712613,80,1.73,78,85,"weight_sensitive_candidate"
"Q9Y6W5","WASF2",-2.91180826472369,0.000326765991055668,40,220.396766573339,0.377900045960646,81,0.79,79,83,"robust_candidate"
"P05161","ISG15",2.55024156761251,0.00167039246742957,60,296.809147591775,0.375683094795602,82,1.79,78,87,"weight_sensitive_candidate"
"P16070","CD44",1.66750890102201,0.0143050298721023,100,6573.92276407761,0.373966410782585,83,4.5,73,92,"weight_sensitive_candidate"
"P98160","HSPG2",2.80571113228391,0.000148520352364467,30,496.280617142095,0.368609731903142,84,1.2,84,87,"robust_candidate"
"P01033","TIMP1",3.28290376591505,0.000193729556488987,26,106.352666898668,0.368254568768588,85,0.83,85,88,"robust_candidate"
"Q92633","LPAR1",3.98572398403108,5.64797484464506e-07,8,25.4001987665952,0.366360822179727,86,3.47,81,94,"weight_sensitive_candidate"
"P23193","TCEA1",-3.874212112847,0.000979912686532814,36,0,0.366151272044137,87,2.08,83,90,"weight_sensitive_candidate"
"P63173","RPL38",-1.90891548551045,0.0077001173683105,120,60.876310487477,0.364625862905406,88,4.18,80,100,"weight_sensitive_candidate"
"Q9UK41","VPS28",-2.75402421812236,0.000125360580809662,42,13.0707828321451,0.359906195189611,89,1.47,88,95,"robust_candidate"
"P42677","RPS27",-1.82926087042064,0.0797545968589079,122,392.61204410539,0.359269469703699,90,5.3,84,107,"weight_sensitive_candidate"
"P55287","CDH11",4.60807669268766,2.00528365421413e-08,4,0,0.358862651686133,91,6.93,82,106,"weight_sensitive_candidate"
"P32004","L1CAM",3.12144037582821,6.24983431626979e-05,16,918.239569852263,0.358320139007866,92,2.02,88,97,"weight_sensitive_candidate"
"Q9H9H4","VPS37B",-3.05893299320643,4.18447262146675e-05,36,0.704279054279054,0.356621693855376,93,1.88,91,98,"weight_sensitive_candidate"
"P07942","LAMB1",2.49653352297863,0.000472644122656928,42,112.177269397201,0.35469984711184,94,1.98,89,99,"weight_sensitive_candidate"
"Q9UQB8","BAIAP2",-2.69571870300652,0.000177718613263618,26,423.79822709983,0.353255198969221,95,1.02,92,97,"robust_candidate"
"P08621","SNRNP70",-2.59981441076031,0.000592239423777518,42,54.7727701788281,0.352354268980445,96,1.85,93,101,"weight_sensitive_candidate"
"P16333","NCK1",-2.47955128349818,0.000861167140093771,34,527.173522206245,0.349222298512119,97,2.39,95,103,"weight_sensitive_candidate"
"O60784","TOM1",-3.7113260013793,2.24798735007906e-05,8,422.449081971795,0.34879423645746,98,4.88,90,110,"weight_sensitive_candidate"
"P53990","IST1",-2.61608376828195,0.000338156599988465,32,141.439949601562,0.348667413817589,99,1.5,97,102,"robust_candidate"
"Q9Y446","PKP3",-3.20412140624731,3.02704884855776e-05,12,460.404761904762,0.346350577468028,100,3.47,93,107,"weight_sensitive_candidate"
"O60603","TLR2",-2.27215571153897,0.00137744643982326,34,1647.11018321602,0.345244232397478,101,2.36,99,107,"weight_sensitive_candidate"
"Q9Y3U8","RPL36",-1.67909509247702,0.0336148061350314,120,60.876310487477,0.343992421066178,102,6.67,90,120,"weight_sensitive_candidate"
"P42892","ECE1",4.93144539190706,2.00020767782667e-08,2,0,0.34340427917601,103,12.79,84,136,"weight_sensitive_candidate"
"P08648","ITGA5",1.84323575430166,0.00582899217807753,64,488.818347862724,0.343011594338083,104,4.51,96,116,"weight_sensitive_candidate"
"Q9BY43","CHMP4A",-2.3329616495399,0.000980766466594601,44,76.239625201038,0.342072707616895,105,2.05,102,111,"weight_sensitive_candidate"
"P07948","LYN",-2.104625040218,0.00253360526657824,42,795.044851575985,0.340052848480158,106,3.02,104,113,"weight_sensitive_candidate"
"Q01469","FABP5",-3.97968588535628,2.09805729938485e-07,4,26.9678071305076,0.339351115511659,107,9.28,91,134,"weight_sensitive_candidate"
"Q9UN37","VPS4A",-2.59895209831632,0.000378124755835609,38,11.8923876162499,0.338863218625478,108,2.02,104,114,"weight_sensitive_candidate"
"P60953","CDC42",-1.19249224963627,0.145647530341533,96,10418.2661614014,0.337577400280421,109,7.89,98,128,"weight_sensitive_candidate"
"P00750","PLAT",3.45701128783319,4.0321246608965e-06,12,2.50765597794738,0.335342150356074,110,5.05,104,125,"weight_sensitive_candidate"
"P43121","MCAM",4.35591271020577,1.21583708638347e-07,4,0,0.334904401010958,111,12,94,143,"weight_sensitive_candidate"
"P62273","RPS29",-1.47257596184413,0.046034377206315,122,71.8970193917099,0.334822797757332,112,8.37,98,135,"weight_sensitive_candidate"
"P17936","IGFBP3",3.76397590113834,0.00499581320902184,14,120.529376333982,0.33304433579518,113,5.81,105,131,"weight_sensitive_candidate"
"Q02487","DSC2",-4.36711460536215,1.98537881536657e-07,4,0,0.331907176411148,114,13.5,98,152,"weight_sensitive_candidate"
"O43633","CHMP2A",-2.21393348963019,0.00210427668042481,44,76.239625201038,0.331385414391772,115,3.49,109,122,"weight_sensitive_candidate"
"P52272","HNRNPM",-2.24070389252966,0.00244888634126382,46,51.6521952761116,0.331150711735876,116,4.04,108,126,"weight_sensitive_candidate"
"P61769","B2M",2.19970538228994,0.00111898970618864,26,2030.75259698367,0.329982439500818,117,3.22,110,122,"weight_sensitive_candidate"
"Q9NQW6","ANLN",3.3119354204575,8.10000831581891e-06,10,25.9972578128716,0.329521406271203,118,6.26,108,135,"weight_sensitive_candidate"
"P15153","RAC2",2.10659209446235,0.0027060429241154,34,999.15774710029,0.329392819602669,119,3.83,112,123,"weight_sensitive_candidate"
"Q9NZZ3","CHMP5",-2.46781577107329,0.000672583598707352,38,12.1425860289483,0.329120466493022,120,3.3,111,124,"weight_sensitive_candidate"
"P38159","RBMX",-2.62384011727223,0.0014243363167708,36,11.3496185168796,0.327131251122071,121,2.62,117,127,"weight_sensitive_candidate"
"P01040","CSTA",-3.02021446038048,1.41085487060673e-05,8,701.893127067872,0.325409818107068,122,8.48,110,148,"weight_sensitive_candidate"
"P00738","HP",-3.3815604855355,7.56608644701657e-06,10,7.96670220044833,0.324829338141079,123,8.35,112,144,"weight_sensitive_candidate"
"Q03135","CAV1",1.41948974730054,0.0431741567176655,64,3192.96408540179,0.32409090544012,124,8.31,110,141,"weight_sensitive_candidate"
"Q9Y5K8","ATP6V1D",-2.6295393420538,0.00159136666206057,22,329.910446391122,0.32352112760918,125,1.63,123,130,"weight_sensitive_candidate"
"P08069","IGF1R",1.8197998446994,0.0058399526710514,42,1027.96943318573,0.323460598124546,126,4.48,115,134,"weight_sensitive_candidate"
"P08572","COL4A2",1.97514853789318,0.0173386971321235,50,292.908336787714,0.323123671531258,127,4.89,118,137,"weight_sensitive_candidate"
"P10909","CLU",-2.64477059069828,0.000127434582780274,16,218.714427946701,0.321502986750951,128,4.48,119,139,"weight_sensitive_candidate"
"P29279","CCN2",2.73909568276885,0.00652450042162807,22,394.725526289008,0.319647787842941,129,3.42,126,138,"weight_sensitive_candidate"
"P50281","MMP14",2.68391918777959,9.65839326265889e-05,16,100.516001132066,0.319424996667253,130,4.68,125,145,"weight_sensitive_candidate"
"Q92626","PXDN",2.90134275973611,2.57866435399499e-05,10,221.099631399356,0.318932751165962,131,8.46,118,156,"weight_sensitive_candidate"
"Q96EY5","MVB12A",-2.58071761017467,0.000286513213196265,34,0.484523809523809,0.31755461043951,132,4.28,124,143,"weight_sensitive_candidate"
"Q9Y2J8","PADI2",-4.44717893623199,3.83326667165823e-08,2,0,0.317405467667754,133,22.08,105,192,"weight_sensitive_candidate"
"P13639","EEF2",-0.733567938807081,0.37533814993156,126,2875.02977484154,0.316644643816977,134,12.2,111,157,"weight_sensitive_candidate"
"P46777","RPL5",-0.923438551255394,0.226285108064328,126,476.703646368752,0.315189138438205,135,11.39,114,160,"weight_sensitive_candidate"
"Q9Y490","TLN1",1.63085773206727,0.0234230225255841,46,1703.86348371609,0.314192607370559,136,4.55,131,147,"weight_sensitive_candidate"
"P62241","RPS8",-1.13385272339552,0.109883908092428,122,67.0423119982259,0.313166684495484,137,10.98,116,162,"weight_sensitive_candidate"
"P62081","RPS7",-1.28233469543915,0.099062207630898,122,24.6820602440158,0.313163855620234,138,10.21,117,163,"weight_sensitive_candidate"
"P27635","RPL10",-0.87297291197418,0.319158870965537,122,673.254726855908,0.311229759339455,139,12.28,122,168,"weight_sensitive_candidate"
"Q92747","ARPC1A",-3.3864010964312,0.000467918571517918,18,0,0.311082302293328,140,9.92,131,166,"weight_sensitive_candidate"
"Q86VI3","IQGAP3",2.66083828538825,0.000149550694253425,14,147.952180852339,0.310875176060654,141,8.26,133,165,"weight_sensitive_candidate"
"P14866","HNRNPL",-2.24353778582872,0.0029055030076328,40,10.5754903751817,0.310768024079991,142,3.25,139,152,"weight_sensitive_candidate"
"P62753","RPS6",-0.631124724574207,0.457008372204597,136,1507.93694935268,0.310308488952742,143,14.25,120,176,"weight_sensitive_candidate"
"O75874","IDH1",-2.67475194833776,0.000204414477658744,10,1874.14746573296,0.310161328972738,144,9.97,130,172,"weight_sensitive_candidate"
"Q8WU90","ZC3H15",2.83579738734779,0.00160523678252303,32,0,0.310156779567181,145,6.82,135,160,"weight_sensitive_candidate"
"P37108","SRP14",-1.74882621969178,0.0213469154220339,102,0,0.31004869465556,146,8.75,127,166,"weight_sensitive_candidate"
"P62841","RPS15",-1.16456327746028,0.184486399505312,124,53.0437678590538,0.310047709754327,147,10.62,124,172,"weight_sensitive_candidate"
"P35222","CTNNB1",-0.918167206420808,0.220139150906652,76,11833.9652994755,0.310040478177904,148,10.69,125,162,"weight_sensitive_candidate"
"Q9NP79","VTA1",-2.26913384289829,0.00118713585003374,34,11.0623551487174,0.309365505351793,149,3.12,142,153,"weight_sensitive_candidate"
"P02786","TFRC",2.12382942054407,0.00240555092576817,22,1401.48713760816,0.309074537312564,150,4.23,139,158,"weight_sensitive_candidate"
"P52292","KPNA2",2.78788447095016,0.000204592372520127,12,225.413334997699,0.309051141058605,151,8.88,134,169,"weight_sensitive_candidate"
"Q06481","APLP2",4.34583925794358,6.74849790368938e-08,2,0,0.308906918546088,152,24.43,115,215,"weight_sensitive_candidate"
"Q00839","HNRNPU",-1.75991278739995,0.0180158222636137,44,367.707593706326,0.307762958724829,153,3.11,146,156,"weight_sensitive_candidate"
"P07910","HNRNPC",-1.55808898785937,0.0339680562135674,52,609.945830043642,0.307650143973685,154,5.56,141,158,"weight_sensitive_candidate"
"Q9H444","CHMP4B",-2.0797334421696,0.0029895033204367,42,13.0707828321451,0.307571873083429,155,3.23,145,157,"weight_sensitive_candidate"
"P28065","PSMB9",3.02188838964225,0.000761574158366052,10,515.464017785836,0.306462721175319,156,10.6,136,181,"weight_sensitive_candidate"
"P14923","JUP",-2.16595715668229,0.00146112044413616,16,4538.62854725732,0.305673307977399,157,6.95,142,170,"weight_sensitive_candidate"
"P23396","RPS3",-0.563453087686849,0.508234984409297,130,1786.73481923439,0.305227435024433,158,12.77,128,179,"weight_sensitive_candidate"
"P48960","ADGRE5",3.33856024868301,7.16048274366695e-06,6,17.0074196869492,0.302224731350563,159,17.44,132,208,"weight_sensitive_candidate"
"P29350","PTPN6",-2.45053735458701,0.000578263285898954,16,213.904933061751,0.301998605790767,160,6.61,147,178,"weight_sensitive_candidate"
"P62424","RPL7A",-0.867269927022196,0.275142613202262,124,154.046383966272,0.301972407614087,161,10.65,133,183,"weight_sensitive_candidate"
"O43143","DHX15",-2.01853488514996,0.0123742841615265,36,114.734253368654,0.301778371417453,162,1.48,158,163,"robust_candidate"
"P13473","LAMP2",3.21298351650653,0.000177718613263618,8,101.657735049169,0.301478524867627,163,13.51,140,199,"weight_sensitive_candidate"
"P08865","RPSA",-0.603030905471265,0.470354261693821,124,801.708720872897,0.298802263297783,164,11.61,138,188,"weight_sensitive_candidate"
"P62851","RPS25",-1.15688186006583,0.118255651268644,120,8.51743888644515,0.297983177289483,165,9.61,142,189,"weight_sensitive_candidate"
"Q08211","DHX9",-0.971858032144116,0.227529364006009,70,3293.85564704927,0.297880048138976,166,7.66,151,180,"weight_sensitive_candidate"
"P26368","U2AF2",-1.37292311545881,0.0714527310011304,56,467.848976097176,0.296440718591491,167,3.97,162,177,"weight_sensitive_candidate"
"Q9UQ80","PA2G4",-0.867821030047867,0.254668307740433,110,158.078440633908,0.295822878978112,168,9.65,151,192,"weight_sensitive_candidate"
"Q13501","SQSTM1",1.75414226911315,0.0188267740663513,28,1936.86937809724,0.29403076830838,169,4.9,167,185,"weight_sensitive_candidate"
"P51991","HNRNPA3",-2.24152801416703,0.00402032991235446,30,13.904638283565,0.293979276495252,170,4.96,166,183,"weight_sensitive_candidate"
"P36578","RPL4",-0.795859124000025,0.3400492939437,122,92.169406414789,0.292562356160549,171,10.21,153,198,"weight_sensitive_candidate"
"P46531","NOTCH1",1.87767688123443,0.0058399526710514,26,428.021645155506,0.29236940325805,172,5.04,170,191,"weight_sensitive_candidate"
"Q02809","PLOD1",3.04570454947546,3.67797937939591e-05,12,0,0.292061204271523,173,16.64,153,214,"weight_sensitive_candidate"
"P62277","RPS13",-0.58256703633981,0.476378596320229,124,345.058573261762,0.291511280548564,174,11.01,154,201,"weight_sensitive_candidate"
"P06213","INSR",2.70934686010507,0.000393950365662745,12,60.5692055749484,0.29117425763269,175,14.27,155,217,"weight_sensitive_candidate"
"Q96CF2","CHMP4C",-2.07134650993472,0.0191358992364661,40,12.3619805233428,0.290823639625686,176,3.78,172,189,"weight_sensitive_candidate"
"P38919","EIF4A3",-0.91203066472363,0.231100758876337,70,1847.8860306106,0.290804918055216,177,7.75,165,191,"weight_sensitive_candidate"
"P36543","ATP6V1E1",-2.24153907864587,0.00100865121072595,22,22.8795540590976,0.289972075429028,178,7.82,170,202,"weight_sensitive_candidate"
"P31151","S100A7",-2.78488763833423,0.000304518761788442,8,451.774705564044,0.289862251876724,179,16.68,150,224,"weight_sensitive_candidate"
"P62847","RPS24",-0.736034017402908,0.377725924010238,124,86.7523283781108,0.289665362089124,180,10.44,157,204,"weight_sensitive_candidate"
"O75348","ATP6V1G1",-2.61766666631453,0.000213116228324189,20,0,0.288590403929476,181,12.32,168,211,"weight_sensitive_candidate"
"P46776","RPL27A",-0.902736789357206,0.227673481266286,120,20.5202274749163,0.288211823217521,182,10.37,160,209,"weight_sensitive_candidate"
"P78324","SIRPA",-2.78790773047223,0.000225985340180307,12,14.2336130628749,0.288144171170024,183,15.04,161,221,"weight_sensitive_candidate"
"Q9UQC9","CLCA2",-4.02184875613017,1.71571767156073e-07,2,0,0.287967695815597,184,28.08,142,241,"weight_sensitive_candidate"
"P39023","RPL3",-0.775917597140083,0.328615552056173,120,58.7415601103399,0.287645304133074,185,10.44,164,210,"weight_sensitive_candidate"
"O43390","HNRNPR",-1.69239118068467,0.0236409029785231,40,98.0812549216267,0.287593207234344,186,2.15,181,190,"weight_sensitive_candidate"
"P46782","RPS5",-0.862373387944093,0.269383587019796,122,24.6820602440158,0.287510956713517,187,10.85,162,215,"weight_sensitive_candidate"
"P62906","RPL10A",-0.820572453560381,0.300265221135521,114,55.1192720538526,0.286828457496853,188,10.35,166,214,"weight_sensitive_candidate"
"P01111","NRAS",-1.68525721259112,0.207472893816951,36,1630.73368372866,0.286804049903969,189,4.97,176,196,"weight_sensitive_candidate"
"P62993","GRB2",-0.8963579770301,0.231208001393,62,2306.59869009005,0.28480793390413,190,6.79,177,202,"weight_sensitive_candidate"
"P62888","RPL30",-0.562811989018574,0.528606642187649,122,170.728837346688,0.283715322669855,191,11.96,168,223,"weight_sensitive_candidate"
"P62495","ETF1",-0.720182812769334,0.376725662649216,116,58.6919585628493,0.282249640401918,192,10.74,174,224,"weight_sensitive_candidate"
"P05388","RPLP0",-0.495726524853769,0.568830059238591,122,223.117608392243,0.282225932383189,193,12.3,171,225,"weight_sensitive_candidate"
"Q07020","RPL18",-0.576145427504724,0.499174244388234,122,114.828074015152,0.28176402672912,194,11.83,173,226,"weight_sensitive_candidate"
"P35268","RPL22",-0.95840307164023,0.195639747623567,118,4.78979658266451,0.280950655285579,195,10.41,175,228,"weight_sensitive_candidate"
"P62269","RPS18",-0.6244708339398,0.454513665849842,124,53.0437678590538,0.279797218957702,196,12.24,176,232,"weight_sensitive_candidate"
"Q9ULZ3","PYCARD",-3.34792690868867,0.000222824989848548,6,21.1470328570879,0.279709486107234,197,21.01,164,240,"weight_sensitive_candidate"
"P18124","RPL7",-0.644176087461226,0.446255970802465,120,58.7415601103399,0.279653666980827,198,11.4,177,231,"weight_sensitive_candidate"
"Q8NEZ2","VPS37A",-2.16070473378025,0.00803960255599303,36,0.618452380952381,0.27916383134844,199,8.75,189,223,"weight_sensitive_candidate"
"P25398","RPS12",-0.718089075931264,0.366555008755449,122,24.6820602440158,0.278951590892692,200,11.3,179,233,"weight_sensitive_candidate"
"P50454","SERPINH1",2.3772320828302,0.00194358423336026,16,47.192784534518,0.27894342688844,201,12.41,182,230,"weight_sensitive_candidate"
"Q02878","RPL6",-0.525425640668288,0.54959425998681,122,114.828074015152,0.278840973476818,202,12.4,180,234,"weight_sensitive_candidate"
"P08581","MET",1.54068464982015,0.0488835815531247,34,446.630570428249,0.277800851456943,203,5.62,195,218,"weight_sensitive_candidate"
"P61247","RPS3A",-0.584002928098489,0.501115011393984,124,53.0437678590538,0.27731666954534,204,11.81,184,237,"weight_sensitive_candidate"
"Q07955","SRSF1",-0.860395944693224,0.289641476034223,64,924.020353530984,0.27659458998391,205,7.11,196,222,"weight_sensitive_candidate"
"P62701","RPS4X",-0.820303827624439,0.301184407637366,120,8.51743888644515,0.276475895483436,206,11.25,187,241,"weight_sensitive_candidate"
"P17612","PRKACA",-1.4977427103434,0.0415182690037872,30,1001.58282907999,0.276037558575923,207,7.27,197,225,"weight_sensitive_candidate"
"P38606","ATP6V1A",-2.07872359975261,0.0027060429241154,22,22.8795540590976,0.275761551287819,208,10.13,194,229,"weight_sensitive_candidate"
"P46781","RPS9",-0.542668383901766,0.54102268302732,122,67.0423119982259,0.275732058388841,209,12.65,188,243,"weight_sensitive_candidate"
"P62266","RPS23",-0.530615701588182,0.552258577754539,122,71.8970193917099,0.275569724593079,210,12.57,189,244,"weight_sensitive_candidate"
"Q6UX06","OLFM4",-3.54061394528646,3.381325992227e-06,4,0,0.27525361127294,211,24.7,165,250,"weight_sensitive_candidate"
"P37173","TGFBR2",2.23033701346125,0.00199813491707957,14,180.045468091712,0.274882962607083,212,12.9,187,236,"weight_sensitive_candidate"
"P08708","RPS17",-0.801014441149025,0.363850771221663,120,8.51743888644515,0.274278949514604,213,11.51,193,247,"weight_sensitive_candidate"
"Q9Y3E7","CHMP3",-1.24537109380361,0.0847170132046231,46,254.546442541599,0.273825588985938,214,4.04,207,227,"weight_sensitive_candidate"
"P09496","CLTA",3.8674240078866,5.07839379759064e-07,2,0,0.273427571844459,215,29.59,156,261,"weight_sensitive_candidate"
"P18621","RPL17",-0.531570027257157,0.538901931055365,120,58.7415601103399,0.273341979068006,216,13.03,194,251,"weight_sensitive_candidate"
"Q02543","RPL18A",-0.527881862411775,0.563940842105875,120,60.876310487477,0.273118664785668,217,13.26,195,253,"weight_sensitive_candidate"
"Q8WUW1","BRK1",-1.81807163752375,0.0626841132902733,34,57.3530047089742,0.273020019569829,218,5.28,207,227,"weight_sensitive_candidate"
"P15880","RPS2",-0.488654813994522,0.589778694165434,124,53.0437678590538,0.271949652864601,219,13.99,197,257,"weight_sensitive_candidate"
"O95816","BAG2",3.55094740365341,5.74900393398486e-06,4,0,0.271930549780547,220,24.74,174,259,"weight_sensitive_candidate"
"P39019","RPS19",-0.595078987595031,0.478651953295106,122,24.6820602440158,0.271624169165813,221,13.37,198,258,"weight_sensitive_candidate"
"P46940","IQGAP1",-1.13759059997782,0.1185664790115,40,1320.32668100687,0.271021056151686,222,5.97,211,240,"weight_sensitive_candidate"
"P62913","RPL11",-0.488452193192995,0.593188243447784,120,60.876310487477,0.271018888511132,223,14.1,200,261,"weight_sensitive_candidate"
"A5D8V6","VPS37C",-2.0587403615455,0.00839175001605477,34,0.579279054279054,0.27094045622166,224,8.35,206,237,"weight_sensitive_candidate"
"P29466","CASP1",-1.87129770324452,0.0107077479689359,16,1610.72629741696,0.270739933404917,225,11.72,195,241,"weight_sensitive_candidate"
"P62280","RPS11",-0.727156423322633,0.379496920389347,120,8.51743888644515,0.270720311103019,226,13.04,201,262,"weight_sensitive_candidate"
"P62750","RPL23A",-0.395638326663907,0.665326372606057,122,93.6315328415882,0.270240938100559,227,14.83,203,264,"weight_sensitive_candidate"
"P05386","RPLP1",-0.676845291229775,0.415181173825313,110,24.3233279064705,0.27016219257696,228,11.85,207,260,"weight_sensitive_candidate"
"P61313","RPL15",-0.793777862302104,0.333017120172703,118,4.78979658266451,0.269899561302218,229,12.59,204,263,"weight_sensitive_candidate"
"P62910","RPL32",-0.46226919827194,0.628262511256321,120,60.876310487477,0.269454587338489,230,14.45,205,266,"weight_sensitive_candidate"
"P62244","RPS15A",-0.702401553902217,0.413302465040712,120,8.51743888644515,0.26902046855273,231,12.8,209,267,"weight_sensitive_candidate"
"P27105","STOM",-3.80598309455215,6.62710456033059e-07,2,0,0.26882143483209,232,28.7,167,269,"weight_sensitive_candidate"
"O15144","ARPC2",-1.4436301561972,0.0355713170333607,30,443.105358044846,0.268656121619025,233,5.9,219,242,"weight_sensitive_candidate"
"P61353","RPL27",-0.767570424473178,0.33980366342052,118,4.78979658266451,0.268599560254602,234,12.69,210,268,"weight_sensitive_candidate"
"Q14116","IL18",-2.50099703042421,0.00138462907302823,10,120.859507211891,0.268414074061739,235,14.57,193,246,"weight_sensitive_candidate"
"Q9H0E2","TOLLIP",-2.82248591001168,7.74411528757829e-05,6,36.3766115851982,0.267967168889977,236,19.48,184,258,"weight_sensitive_candidate"
"P61513","RPL37A",-0.748588742799484,0.36565331223772,118,4.78979658266451,0.267240001209386,237,12.78,212,271,"weight_sensitive_candidate"
"Q14185","DOCK1",-1.79209189197382,0.0150533319321213,20,428.743219582789,0.267230275808005,238,8.04,212,243,"weight_sensitive_candidate"
"P62249","RPS16",-0.660632791930222,0.426138297425698,120,8.51743888644515,0.266959728499161,239,13.2,213,272,"weight_sensitive_candidate"
"P56199","ITGA1",1.3279085134554,0.0554734007344297,48,27.2770506791061,0.266432378613779,240,3.11,231,240,"weight_sensitive_candidate"
"P32969","RPL9",-0.682090017913076,0.415181173825313,118,4.78979658266451,0.263401400798525,241,12.5,219,276,"weight_sensitive_candidate"
"P61421","ATP6V0D1",-2.27561323403613,0.000890741608000508,20,0,0.263314681662786,242,9.48,221,256,"weight_sensitive_candidate"
"Q96G03","PGM2",-2.08825564099307,0.00458654853898228,10,1901.99296322705,0.26224498238079,243,12.25,202,259,"weight_sensitive_candidate"
"P12004","PCNA",1.8626232678212,0.00618915753107321,16,309.32726162667,0.261929751885478,244,7.23,218,249,"weight_sensitive_candidate"
"P22626","HNRNPA2B1",-0.87512207229096,0.260953689566856,44,1818.37646787731,0.261637807319683,245,7.37,233,258,"weight_sensitive_candidate"
"P08582","MELTF",3.68431757872994,8.86783766349862e-07,2,0,0.261379342222904,246,27.03,178,276,"weight_sensitive_candidate"
"P00749","PLAU",-1.89591361260727,0.00585778443002652,22,19.7990519608077,0.261162941478695,247,4.75,229,249,"weight_sensitive_candidate"
"Q9Y450","HBS1L",-0.543468832633327,0.619850666472867,106,29.1105494929415,0.260582624258317,248,13.01,225,279,"weight_sensitive_candidate"
"P68366","TUBA4A",-2.03770198252481,0.00371805477435307,10,1639.85496707744,0.26039976934518,249,12.16,207,260,"weight_sensitive_candidate"
"P09211","GSTP1",-2.67500371437406,0.000160456200980537,4,884,0.26036594955283,250,19.35,190,273,"weight_sensitive_candidate"
"P18077","RPL35A",-0.628341517294974,0.467422263494771,118,4.78979658266451,0.260185984009461,251,13.36,223,281,"weight_sensitive_candidate"
"P55795","HNRNPH2",-1.72841589362795,0.0295952003904323,30,15.9005334748041,0.258066322981905,252,3.14,244,258,"weight_sensitive_candidate"
"P0DP25","CALM3",-0.85210162542964,0.262027917895596,38,3258.62280306089,0.256624697914099,253,8.04,242,269,"weight_sensitive_candidate"
"P15170","GSPT1",-0.445215492270918,0.62565654108792,106,29.1105494929415,0.256180973115688,254,13.83,232,288,"weight_sensitive_candidate"
"P02649","APOE",1.27975743167979,0.123561196821266,30,704.753011265181,0.256026580086031,255,4.58,245,262,"weight_sensitive_candidate"
"O75531","BANF1",2.4621098003269,0.000600611649813145,6,443,0.25600406556798,256,14.79,205,274,"weight_sensitive_candidate"
"Q6IAA8","LAMTOR1",2.10799463626809,0.00805901401889233,12,323.132591693434,0.255581936888619,257,7.58,227,263,"weight_sensitive_candidate"
"P61158","ACTR3",-1.31922722950493,0.0732078789579787,28,504.887418812593,0.255119634301269,258,3.91,249,263,"weight_sensitive_candidate"
"P62263","RPS14",-0.506726975098459,0.557175122354891,118,5.30398402730092,0.25420615698786,259,14.24,233,293,"weight_sensitive_candidate"
"P30050","RPL12",-0.515391039729806,0.552196158719312,118,4.78979658266451,0.254015530236838,260,14.4,234,295,"weight_sensitive_candidate"
"P49407","ARRB1",1.41317778881468,0.0681674852940321,24,695.921311949161,0.253528464081724,261,3.58,254,267,"weight_sensitive_candidate"
"P07355","ANXA2",-1.03154539498116,0.155775020889675,32,1503.48006233165,0.252730924735226,262,6.6,249,273,"weight_sensitive_candidate"
"Q15399","TLR1",-2.24643075722571,0.00173362192828131,10,77.7925078066141,0.252317632024284,263,8.64,230,271,"weight_sensitive_candidate"
"P46939","UTRN",3.20590401718244,2.29661465304792e-05,4,0.811750887534762,0.251292940787122,264,18.15,206,283,"weight_sensitive_candidate"
"O00421","CCRL2",3.27766621893271,5.04623326523169e-05,4,1.45183792815372,0.251118842704307,265,17.94,208,284,"weight_sensitive_candidate"
"P62318","SNRPD3",-1.13484801527179,0.12135885584469,36,207.618565679012,0.250941191553624,266,6.36,252,275,"weight_sensitive_candidate"
"P61160","ACTR2",-1.21566544344882,0.0955292345706924,34,153.67211106176,0.25073595109904,267,5.07,254,274,"weight_sensitive_candidate"
"Q96J84","KIRREL1",3.15272952547165,9.83555061702414e-06,4,0,0.250536540945996,268,17.97,211,285,"weight_sensitive_candidate"
"Q9H0H5","RACGAP1",1.88087753946326,0.00945612022138499,14,235.65803982237,0.25040082077156,269,5.6,245,272,"weight_sensitive_candidate"
"Q7L576","CYFIP1",-0.928394804046455,0.226966470600751,36,991.076717112849,0.24904499083162,270,6.85,255,281,"weight_sensitive_candidate"
"P29353","SHC1",-0.865370640403842,0.250658601015111,42,485.63468491698,0.248976704999883,271,7.84,253,282,"weight_sensitive_candidate"
"O60443","GSDME",3.49295665397581,2.21015688829825e-06,2,0,0.246433726078214,272,22.08,203,300,"weight_sensitive_candidate"
"Q9UIW2","PLXNA1",2.21197759069493,0.00126129060918365,8,152.353111890599,0.246361620964801,273,8.47,239,279,"weight_sensitive_candidate"
"P09382","LGALS1",2.58122633363753,0.000228293044091614,8,2.38535353535353,0.246283128201671,274,9.52,240,280,"weight_sensitive_candidate"
"P84077","ARF1",-1.38196682790481,0.0807756984500735,22,705.234433089182,0.246187184705523,275,4.28,265,280,"weight_sensitive_candidate"
"O43520","ATP8B1",-3.0586695083054,0.000224233994564163,6,0,0.243716473115348,276,12.71,238,294,"weight_sensitive_candidate"
"Q8IZP0","ABI1",-1.05049284293367,0.15633093856316,36,162.954755271363,0.243613030842217,277,6.54,262,289,"weight_sensitive_candidate"
"P22532","SPRR2D",-2.84169913970149,0.000472644122656928,8,0,0.243467576506087,278,9.54,250,291,"weight_sensitive_candidate"
"O00762","UBE2C",1.99317046951314,0.00388241508140646,10,228.896973505057,0.243417078517731,279,4.86,259,282,"weight_sensitive_candidate"
"O15143","ARPC1B",-1.40665204418792,0.0536464965797949,28,30.647518095693,0.240445872223483,280,3.98,272,290,"weight_sensitive_candidate"
"Q9Y2A7","NCKAP1",-1.12721237379488,0.135817442720308,34,85.0961915229719,0.239942912598655,281,6.26,270,294,"weight_sensitive_candidate"
"P05362","ICAM1",-0.480571543323396,0.60593245861912,48,1121.77123197621,0.239576638810178,282,11.12,264,304,"weight_sensitive_candidate"
"P52597","HNRNPF",-1.13331129157481,0.129035810434513,40,20.0588309971825,0.23925042116968,283,7.51,266,300,"weight_sensitive_candidate"
"P21333","FLNA",-0.667179863997973,0.41966541667745,42,576.060078004219,0.237838064605782,284,9.77,268,305,"weight_sensitive_candidate"
"Q04721","NOTCH2",2.00645275011886,0.0042090297017457,8,494.982695366295,0.237498284761005,285,5.17,270,295,"weight_sensitive_candidate"
"Q6R327","RICTOR",1.38498172501585,0.0551800784231008,18,655.655491700878,0.237363841910431,286,4.32,278,293,"weight_sensitive_candidate"
"Q12905","ILF2",-1.46318939741464,0.0382547555349065,32,2.87543572592728,0.237154201988688,287,5.26,275,298,"weight_sensitive_candidate"
"Q14573","ITPR3",1.69310737046727,0.0463546721099258,14,461.829194594778,0.235817605975165,288,3.25,282,295,"weight_sensitive_candidate"
"P48509","CD151",1.74149973222255,0.00936528986807732,16,25.3885751219999,0.235188881760451,289,1.6,286,292,"weight_sensitive_candidate"
"O94813","SLIT2",3.4617304536484,9.28637411642941e-06,2,0,0.234835249988438,290,17.45,235,315,"weight_sensitive_candidate"
"P25116","F2R",2.08781936371648,0.00513526370748439,10,49.5988973510749,0.234272558515695,291,4.17,278,298,"weight_sensitive_candidate"
"Q9NZQ7","CD274",1.43158902970366,0.0350799821228867,18,200.865337506635,0.23381693621456,292,3.13,286,298,"weight_sensitive_candidate"
"P02788","LTF",-1.23998420241569,0.2096866462255,22,753.754442450098,0.233627693318758,293,5.39,282,301,"weight_sensitive_candidate"
"Q15382","RHEB",1.683064906518,0.0145638668050886,12,335.345160568684,0.232896127903126,294,3.05,285,300,"weight_sensitive_candidate"
"P10915","HAPLN1",3.49095405682802,1.51562762378403e-05,2,0,0.232636838424763,295,17.02,242,317,"weight_sensitive_candidate"
"Q15393","SF3B3",-1.41638281681133,0.0811361996224493,26,23.8632639272365,0.231962845071335,296,5.13,281,307,"weight_sensitive_candidate"
"Q9UNF1","MAGED2",3.33472382570029,6.95509402574751e-06,2,0,0.231289495279949,297,16.55,246,320,"weight_sensitive_candidate"
"Q01973","ROR1",3.38522818056479,9.61970133793113e-06,2,0,0.23120862203439,298,16.64,248,321,"weight_sensitive_candidate"
"P59998","ARPC4",-1.41933428286802,0.0447694912030499,22,29.5317830137815,0.22852732475886,299,3.63,294,308,"weight_sensitive_candidate"
"Q96SB4","SRPK1",1.86845591841098,0.0125310737514823,16,4.96630138064373,0.227589111823113,300,1.53,298,305,"weight_sensitive_candidate"
"P98196","ATP11A",-2.45292957528926,0.000820165434751812,8,1,0.227577389607949,301,5.52,287,309,"weight_sensitive_candidate"
"Q14103","HNRNPD",-1.5453642421252,0.0324743273472776,28,0.422079070354932,0.226919022994744,302,4.84,292,312,"weight_sensitive_candidate"
"O95477","ABCA1",1.97556186804317,0.00479342558464075,8,153.567711770707,0.226483202535387,303,3.8,291,310,"weight_sensitive_candidate"
"P09012","SNRPA",-1.37437741457097,0.13737066431544,26,17.8543768470989,0.224289764617754,304,4.49,297,315,"weight_sensitive_candidate"
"P49792","RANBP2",-1.78580022832044,0.0131442583529422,10,190.746696576232,0.224226017112861,305,2.1,299,308,"weight_sensitive_candidate"
"P61077","UBE2D3",-1.83839852231901,0.188162293720705,12,459.075626912002,0.223876138282518,306,2.78,298,310,"weight_sensitive_candidate"
"Q13616","CUL1",-1.28617946272286,0.0779244991459509,16,630.163979880428,0.223774128035858,307,3.59,299,311,"weight_sensitive_candidate"
"Q01130","SRSF2",-0.169642446122602,0.890332176753991,46,1489.32346645753,0.222810481520625,308,10.08,285,324,"weight_sensitive_candidate"
"P35240","NF2",-2.39431881055019,0.000805732264279526,8,0,0.219929757661367,309,5.33,303,320,"weight_sensitive_candidate"
"Q08722","CD47",1.15961840593103,0.0965842486133923,22,86.9116943433601,0.219508741081254,310,3.3,303,317,"weight_sensitive_candidate"
"P06730","EIF4E",-0.864934612959768,0.315109863167469,22,1487.64775281983,0.219262979450877,311,4.72,301,318,"weight_sensitive_candidate"
"P04004","VTN",0.12234416514643,0.91004865461466,54,335.61456264512,0.218584546905682,312,10.29,293,331,"weight_sensitive_candidate"
"Q08431","MFGE8",1.6238487957063,0.0163065396165735,12,69.9366551901326,0.217829907007968,313,1.06,311,314,"robust_candidate"
"O15145","ARPC3",-1.05782288925133,0.148469090309098,28,30.647518095693,0.217806450724758,314,4.48,301,322,"weight_sensitive_candidate"
"Q15637","SF1",-0.869199121394868,0.316632772029616,26,267.617083284214,0.215937131319458,315,4.93,305,325,"weight_sensitive_candidate"
"P21741","MDK",3.51559101832324,0.00018714790685219,2,0,0.215827861651906,316,12.26,284,333,"weight_sensitive_candidate"
"O60503","ADCY9",1.66203552107912,0.0196307837977655,12,43.1859196255035,0.214650765318038,317,1.06,316,319,"robust_candidate"
"Q9BYG5","PARD6B",2.68920939513294,9.41062915228638e-05,4,0,0.214004465970097,318,8.12,301,330,"weight_sensitive_candidate"
"Q86U42","PABPN1",-0.842116602009234,0.350351929064809,26,233.853979860103,0.213016290018607,319,5.24,310,328,"weight_sensitive_candidate"
"O15511","ARPC5",-0.979365984593279,0.181061369866564,28,30.647518095693,0.212931632891272,320,4.78,309,330,"weight_sensitive_candidate"
"P10644","PRKAR1A",2.11329127160199,0.00989056576934358,8,20.0517123721803,0.212481308329191,321,3,313,326,"weight_sensitive_candidate"
"P14678","SNRPB",-1.1055004782069,0.108803940546329,26,13.6814395450869,0.212213568159713,322,3.88,312,329,"weight_sensitive_candidate"
"P05783","KRT18",1.87132112831803,0.00841941946333356,6,387.266038932974,0.210133211137733,323,3.8,313,328,"weight_sensitive_candidate"
"P21462","FPR1",3.23665561279739,7.74411528757829e-05,2,0,0.209802847077547,324,10.37,297,337,"weight_sensitive_candidate"
"P45985","MAP2K4",-1.85817492436923,0.0145292168751212,10,18.1987491992715,0.209481611270768,325,2.26,319,328,"weight_sensitive_candidate"
"Q03405","PLAUR",-1.37484905162068,0.0493934006644042,14,77.3711735733531,0.208030944953855,326,1.99,321,329,"weight_sensitive_candidate"
"O14786","NRP1",1.50978006057667,0.0467989082981108,10,336.075126600637,0.207227842530077,327,2.09,321,330,"weight_sensitive_candidate"
"O14920","IKBKB",-0.776727128074167,0.357744978428424,20,840.869871812774,0.204904089590329,328,3.45,322,334,"weight_sensitive_candidate"
"P00491","PNP",-1.43276603077145,0.0377011406823878,8,1325,0.203935171908722,329,2.7,323,337,"weight_sensitive_candidate"
"P23229","ITGA6",-0.0620875197909641,0.958512712351737,54,67.6773029585993,0.203659458159398,330,7.93,313,346,"weight_sensitive_candidate"
"Q9Y4K0","LOXL2",3.09569606109237,8.64664079160427e-05,2,0,0.202798338793691,331,8.46,310,345,"weight_sensitive_candidate"
"P52434","POLR2H",-0.325776722773995,0.756350173921884,38,124.867353448465,0.201497894400944,332,5.43,319,342,"weight_sensitive_candidate"
"Q6XQN6","NAPRT",-2.64676544760343,0.000525034845655978,4,0,0.19989210897281,333,5.43,320,343,"weight_sensitive_candidate"
"P13987","CD59",-1.1221432623238,0.120254274561246,12,786.838171915211,0.199486112296261,334,1.98,331,339,"weight_sensitive_candidate"
"Q9UBP0","SPAST",-1.9918741807869,0.00679863028612547,10,0,0.198672230429713,335,1.97,329,338,"weight_sensitive_candidate"
"P84103","SRSF3",-0.309718439868774,0.744106905522456,46,17.968268053499,0.197605802475634,336,6.56,322,352,"weight_sensitive_candidate"
"Q8N684","CPSF7",-2.9125062568037,0.00516731182725133,4,0,0.195336566682355,337,5.63,326,349,"weight_sensitive_candidate"
"Q93050","ATP6V0A1",-1.42743032440594,0.0836745301567738,20,0,0.193546342561231,338,2.98,332,345,"weight_sensitive_candidate"
"Q03113","GNA12",1.38493932944239,0.0468412739993887,10,111.579956248819,0.193505060297755,339,1.7,334,341,"weight_sensitive_candidate"
"Q16864","ATP6V1F",-1.3333141878512,0.0538240647754584,20,0,0.1925350679186,340,2.68,334,346,"weight_sensitive_candidate"
"P30153","PPP2R1A",-0.484312740056886,0.595542789665133,22,513.186116572566,0.189979961220583,341,4.36,332,350,"weight_sensitive_candidate"
"P11413","G6PD",1.42842993799835,0.0404972356805426,6,1223.37272688597,0.188004019030074,342,2.6,337,348,"weight_sensitive_candidate"
"Q68CZ2","TNS3",2.42166411043675,0.000723381481182803,4,0,0.187678107129573,343,5.07,335,351,"weight_sensitive_candidate"
"P07384","CAPN1",-1.59512774707952,0.0229204629338106,6,226.263955770617,0.186807404814754,344,2.4,338,349,"weight_sensitive_candidate"
"Q96JJ3","ELMO2",1.86830063483694,0.00617703412777576,8,0.768264604342596,0.18648392420035,345,2.71,341,350,"weight_sensitive_candidate"
"Q96J02","ITCH",-1.03735180998344,0.182315814722989,12,305.556180207955,0.185717296038557,346,2.04,342,348,"weight_sensitive_candidate"
"P11216","PYGB",-0.914365594008192,0.23829633605913,10,2689.35423956862,0.184913662536664,347,2.87,340,351,"weight_sensitive_candidate"
"Q15075","EEA1",-0.882794328981213,0.2774644565076,12,978.306281260637,0.184600582255804,348,2.73,341,351,"weight_sensitive_candidate"
"P03973","SLPI",-2.40283591495864,0.00156450654298783,4,0,0.181355043010358,349,3.89,340,354,"weight_sensitive_candidate"
"O60610","DIAPH1",-1.45572081738884,0.0424265307054386,6,443,0.181284731373155,350,1.92,343,352,"weight_sensitive_candidate"
"Q92900","UPF1",-0.41589904319741,0.655877322656918,24,130.293341358452,0.180911777988704,351,4.81,339,359,"weight_sensitive_candidate"
"P54289","CACNA2D1",2.65811193055436,0.000243657723315512,2,0,0.17611424506721,352,5.01,339,362,"weight_sensitive_candidate"
"Q05639","EEF1A2",-0.00819018497033497,0.993558110434617,28,354.584988429008,0.176064603217858,353,5.47,343,366,"weight_sensitive_candidate"
"P46976","GYG1",-2.16707153169932,0.00163622494988972,4,0,0.170633188852136,354,3.42,352,362,"weight_sensitive_candidate"
"P01011","SERPINA3",-1.88679272331484,0.044994228029874,6,7.61962437042511,0.17038399424887,355,1.14,355,358,"robust_candidate"
"Q9BZL1","UBL5",-1.11222233871866,0.27186445860008,14,10.6699686624764,0.17004589560618,356,3.25,352,365,"weight_sensitive_candidate"
"P78406","RAE1",-1.60995813141964,0.0412070325443375,6,36.0261183251172,0.169704577704587,357,1.26,355,360,"robust_candidate"
"Q7Z699","SPRED1",2.13512478368785,0.0016105935776509,4,0,0.169336007145968,358,3.67,353,365,"weight_sensitive_candidate"
"Q5VZM2","RRAGB",0.872476103033684,0.344794761280533,10,587.399589542914,0.169058202916204,359,3.56,352,363,"weight_sensitive_candidate"
"P18031","PTPN1",0.793988594247722,0.415181173825313,16,25.6309733319405,0.166452918743377,360,3.98,354,369,"weight_sensitive_candidate"
"Q96FX8","PERP",-2.50744465318769,0.000421058404167578,2,0,0.165571594818123,361,5.91,351,373,"weight_sensitive_candidate"
"P0DMV8","HSPA1A",-1.29824341744182,0.0710077445864392,6,209.9300295897,0.165098595745686,362,1.97,358,367,"weight_sensitive_candidate"
"P07947","YES1",-0.798701124845007,0.317873011300427,16,15.5632951351765,0.165008007125376,363,4.16,355,373,"weight_sensitive_candidate"
"Q3LXA3","TKFC",-2.52143002414837,0.000518211604850366,2,0,0.164710475942712,364,5.8,353,375,"weight_sensitive_candidate"
"Q10567","AP1B1",-1.15288878214564,0.114813148820134,6,479.410736244432,0.161424464232581,365,2.98,360,373,"weight_sensitive_candidate"
"P08758","ANXA5",1.45633330923089,0.036603243448499,8,2.77571942754841,0.161315665369214,366,1.1,364,368,"robust_candidate"
"P63151","PPP2R2A",-0.977733492545209,0.180303559015313,10,46.2320439213618,0.159439782661189,367,2.74,364,374,"weight_sensitive_candidate"
"P21283","ATP6V1C1",-0.837550948172254,0.274945299006047,20,0,0.15904862387345,368,5.88,357,382,"weight_sensitive_candidate"
"P12277","CKB",2.03765837559137,0.004453005685448,4,0,0.157794571565638,369,3.79,363,376,"weight_sensitive_candidate"
"P32455","GBP1",1.48543413317763,0.0401993270526758,6,12.9736133219278,0.15709303567957,370,1.05,368,373,"robust_candidate"
"P43353","ALDH3B1",-2.41233857742187,0.000828396447992544,2,0,0.156556933934784,371,6.7,358,382,"weight_sensitive_candidate"
"Q13393","PLD1",-0.834111064916929,0.315109863167469,10,120.530814841565,0.156201388087119,372,3.93,367,378,"weight_sensitive_candidate"
"P61956","SUMO2",1.26609296880921,0.0778668990654402,6,81.8625517788485,0.156030260434187,373,1.84,369,376,"weight_sensitive_candidate"
"P15927","RPA2",1.40304097046101,0.0629365717869513,8,3.08891007676934,0.1557016763143,374,1.32,370,376,"robust_candidate"
"O95858","TSPAN15",2.43080540410038,0.00116698678566884,2,0,0.15493180667123,375,6.48,361,384,"weight_sensitive_candidate"
"P42226","STAT6",-1.63441802726108,0.0358168414059296,6,2.06176958894557,0.153125616338017,376,1.23,373,379,"robust_candidate"
"P09661","SNRPA1",-0.258666084326535,0.810917466573572,24,8.17634317481942,0.152548213695106,377,6.54,360,389,"weight_sensitive_candidate"
"Q9Y266","NUDC",1.64807842210834,0.0150115655174745,4,13.7405573593073,0.152090562968206,378,2.3,371,380,"weight_sensitive_candidate"
"Q05209","PTPN12",1.4041047341005,0.049595607721352,8,0.531574857890647,0.150095024653134,379,1.46,375,382,"robust_candidate"
"Q92542","NCSTN",-0.761504164452379,0.323091957744754,8,355.576253811069,0.14919117491312,380,2.86,372,384,"weight_sensitive_candidate"
"Q9NZ09","UBAP1",0.246489322366376,0.825927659250794,30,0.125,0.14869688332534,381,7.13,363,394,"weight_sensitive_candidate"
"Q13158","FADD",-0.89651398273114,0.235212417420388,8,79.7834699912638,0.146295528949659,382,2.19,378,387,"weight_sensitive_candidate"
"P16949","STMN1",2.31028131291617,0.00191109952266993,2,0,0.146101900999699,383,4.25,372,390,"weight_sensitive_candidate"
"Q9NV96","TMEM30A",-1.30050533607576,0.0709636665340838,8,1,0.144970284112802,384,1.44,381,387,"robust_candidate"
"P09972","ALDOC",-0.891387182030066,0.2504069015954,6,443,0.143744158305817,385,2.53,381,391,"weight_sensitive_candidate"
"P62140","PPP1CB",-1.78270432881297,0.00959048365279103,4,0,0.141082714827655,386,1.79,382,390,"weight_sensitive_candidate"
"Q9NR12","PDLIM7",2.14798573993023,0.00160247338357857,2,0,0.140194919616026,387,4.38,378,394,"weight_sensitive_candidate"
"Q9Y4D7","PLXND1",1.79988967217524,0.0141542169947681,4,0,0.13906958751785,388,1.43,385,391,"robust_candidate"
"Q14512","FGFBP1",2.27338510319633,0.00419521815399826,2,0,0.138875686141574,389,4.15,379,395,"weight_sensitive_candidate"
"Q9NWQ8","PAG1",1.74530057109121,0.0123987332717082,4,0,0.137603750754124,390,1.28,388,392,"robust_candidate"
"P52907","CAPZA1",-0.777433441763499,0.317174433710176,6,443,0.137033212146032,391,2.94,384,394,"weight_sensitive_candidate"
"P09769","FGR",-1.27809548878021,0.0928651145292924,8,0,0.13687840547183,392,1.73,387,393,"weight_sensitive_candidate"
"O75787","ATP6AP2",0.371755276614319,0.675805110417838,20,0,0.13209287530311,393,4.58,384,406,"weight_sensitive_candidate"
"P24821","TNC",0.600229227648036,0.495948616739143,16,0,0.132072901078225,394,3.13,386,401,"weight_sensitive_candidate"
"P10620","MGST1",-1.00703810026669,0.227529364006009,4,443,0.129936992808514,395,1.47,390,397,"robust_candidate"
"P07741","APRT",-2.00005402136427,0.00443142172624798,2,0,0.126425389904294,396,1.9,391,398,"weight_sensitive_candidate"
"P35573","AGL",-1.12787598960096,0.175312725010702,6,4.125,0.123323192469861,397,1.2,396,400,"robust_candidate"
"Q14738","PPP2R5D",1.23477886185769,0.0935337083457485,6,0,0.12028242071425,398,1.86,397,404,"weight_sensitive_candidate"
"P17096","HMGA1",1.92404798651723,0.00659096990380178,2,0,0.120245241983741,399,1.31,395,400,"robust_candidate"
"Q8NG11","TSPAN14",-1.88162573864447,0.00586011639792838,2,0,0.119210250808132,400,1.36,396,401,"robust_candidate"
"Q9Y2G3","ATP11B",-1.50178375662309,0.0493839487715105,4,0,0.117018880894189,401,1.25,399,403,"robust_candidate"
"Q13867","BLMH",1.9398618630356,0.0120950792412844,2,0,0.116620456869582,402,1.39,397,403,"robust_candidate"
"P31949","S100A11",-1.86370859980168,0.00772188020807476,2,0,0.116455356519814,403,1.28,398,403,"robust_candidate"
"P04040","CAT",1.88445610366126,0.0136907676905511,2,0,0.113293432847804,404,0.89,400,404,"robust_candidate"
"P48426","PIP4K2A",1.80679746614514,0.0121057690974695,2,0,0.110742913246764,405,0.64,403,406,"robust_candidate"
"Q02388","COL7A1",1.91790167956124,0.0255951216605363,2,0,0.110314315032143,406,0.44,405,406,"robust_candidate"
"P80723","BASP1",1.74145546762941,0.0134349632738644,2,0,0.107118050630176,407,0.22,407,408,"robust_candidate"
"Q9HBH0","RHOF",-1.71394822444302,0.0127768507342314,2,0,0.106261943845993,408,0.22,408,409,"robust_candidate"
"P43490","NAMPT",1.2684372039502,0.0924871785444144,4,0,0.102255423896296,409,0.56,407,410,"robust_candidate"
"P61626","LYZ",-0.794911042082877,0.473486625162497,4,41.1509357512764,0.0977363361811209,410,1.74,409,414,"weight_sensitive_candidate"
"O75962","TRIO",1.74156905729146,0.0591360861800121,2,0,0.0965713394142771,411,1.1,409,414,"robust_candidate"
"O14618","CCS",1.53928508746643,0.0182873918327638,2,0,0.096002140427754,412,0.89,410,414,"robust_candidate"
"P02795","MT2A",1.56203871466489,0.0260649110970619,2,0,0.0944829306388997,413,1.15,412,416,"robust_candidate"
"Q15758","SLC1A5",1.53349844495192,0.0236132761400724,2,0,0.0939269582626101,414,1.12,413,417,"robust_candidate"
"P14174","MIF",-1.11810332616372,0.15433273859742,4,0,0.091976444156796,415,1.19,411,416,"robust_candidate"
"O95352","ATG7",-1.12087988351888,0.157486874199102,4,0,0.0919549088620798,416,1.27,412,416,"robust_candidate"
"Q13509","TUBB3",-1.08444239637109,0.170745444117196,4,0,0.0897716402642271,417,0.45,415,417,"robust_candidate"
"P13798","APEH",-0.472840224943127,0.595542789665133,4,35.093615113377,0.0807313350596831,418,0,418,418,"robust_candidate"
"P15529","CD46",-1.20641388653499,0.0856723492027039,2,0,0.0703191646445837,419,0.47,419,420,"robust_candidate"
"Q16881","TXNRD1",1.21872799748096,0.0927192734948229,2,0,0.0702996948326131,420,0.55,419,421,"robust_candidate"
"P04350","TUBB4A",-0.699344027563999,0.378439474952118,4,0,0.0671130981070978,421,0.62,419,421,"robust_candidate"
"Q16186","ADRM1",-0.647573677734599,0.545332862855221,4,0,0.0622275870800333,422,0.22,422,423,"robust_candidate"
"Q9BUF5","TUBB6",-1.02490458794195,0.198613726626609,2,0,0.0563236241081065,423,0.22,422,423,"robust_candidate"
"O43865","AHCYL1",-1.0064718226211,0.185800479277185,2,0,0.0559851305556531,424,0.31,424,425,"robust_candidate"
"P01833","PIGR",-0.976949630623182,0.158876607841828,2,0,0.0557971175132257,425,0.31,424,425,"robust_candidate"
"P61225","RAP2B",-0.903754778610857,0.238142712300156,2,0,0.0496857413987521,426,0,426,426,"robust_candidate"
"Q86VP6","CAND1",-0.830153607410605,0.292731711730451,2,0,0.0449687335420459,427,0,427,427,"robust_candidate"
"P04080","CSTB",-0.835552191189944,0.320920231860246,2,0,0.0445523514190845,428,0,428,428,"robust_candidate"
"P61020","RAB5B",-0.781738027809091,0.316632772029616,2,0,0.0422736513093938,429,0,429,429,"robust_candidate"
"Q9NZ32","ACTR10",-0.769738907619907,0.375804755577464,2,0,0.0405243581933353,430,0,430,430,"robust_candidate"
"P59665","DEFA1",-0.337763323670266,0.75361994843848,2,0,0.0165098901061914,431,0,431,431,"robust_candidate"
"Q13049","TRIM32",-0.274558825509978,0.788702944759539,2,0,0.0133971210414321,432,0,432,432,"robust_candidate"
