"ID","Description","setSize","enrichmentScore","NES","pvalue","p.adjust","qvalue","rank","leading_edge","core_enrichment"
"R-HSA-68867","Assembly of the pre-replicative complex",70,0.797672509307705,2.94457802480505,1e-10,9.94505494505494e-10,7.69230769230769e-10,223,"tags=36%, list=8%, signal=34%","8345/8337/723790/8334/94239/8294/8359/8360/8361/8362/8363/8364/8365/8366/8367/8368/8370/121504/554313/3018/3014/126961/333932/653604/11065"
"R-HSA-9710421","Defective pyroptosis",38,0.903398345341976,2.93421791488676,1e-10,9.94505494505494e-10,7.69230769230769e-10,202,"tags=66%, list=7%, signal=62%","8345/8337/723790/8334/94239/1687/8294/8359/8360/8361/8362/8363/8364/8365/8366/8367/8368/8370/121504/554313/3018/3014/126961/333932/653604"
"R-HSA-68616","Assembly of the ORC complex at the origin of replication",39,0.896881091718616,2.93198109129308,1e-10,9.94505494505494e-10,7.69230769230769e-10,202,"tags=62%, list=7%, signal=58%","8345/8337/723790/8334/94239/8294/8359/8360/8361/8362/8363/8364/8365/8366/8367/8368/8370/121504/554313/3018/3014/126961/333932/653604"
"R-HSA-9018519","Estrogen-dependent gene expression",48,0.852708334010774,2.93151266230171,1e-10,9.94505494505494e-10,7.69230769230769e-10,202,"tags=52%, list=7%, signal=49%","8345/8337/723790/8334/94239/8294/8359/8360/8361/8362/8363/8364/8365/8366/8367/8368/8370/121504/554313/3018/3014/3838/126961/333932/653604"
"R-HSA-8939236","RUNX1 regulates transcription of genes involved in differentiation of HSCs",68,0.798501031530972,2.93115828710897,1e-10,9.94505494505494e-10,7.69230769230769e-10,202,"tags=35%, list=7%, signal=34%","8345/8337/723790/8334/94239/8294/8359/8360/8361/8362/8363/8364/8365/8366/8367/8368/8370/121504/554313/3018/3014/126961/333932/653604"
"R-HSA-211000","Gene Silencing by RNA",43,0.876507466156286,2.92654464740954,1e-10,9.94505494505494e-10,7.69230769230769e-10,202,"tags=56%, list=7%, signal=53%","8345/8337/723790/8334/94239/8294/8359/8360/8361/8362/8363/8364/8365/8366/8367/8368/8370/121504/554313/3018/3014/126961/333932/653604"
"R-HSA-73772","RNA Polymerase I Promoter Escape",39,0.895167659573367,2.92637973488422,1e-10,9.94505494505494e-10,7.69230769230769e-10,202,"tags=62%, list=7%, signal=58%","8345/8337/723790/8334/94239/8294/8359/8360/8361/8362/8363/8364/8365/8366/8367/8368/8370/121504/554313/3018/3014/126961/333932/653604"
"R-HSA-9764560","Regulation of CDH1 Gene Transcription",42,0.880726846285073,2.91997128196158,1e-10,9.94505494505494e-10,7.69230769230769e-10,202,"tags=57%, list=7%, signal=54%","8345/8337/723790/8334/94239/8294/8359/8360/8361/8362/8363/8364/8365/8366/8367/8368/8370/121504/554313/3018/3014/126961/333932/653604"
"R-HSA-427413","NoRC negatively regulates rRNA expression",38,0.898452766987902,2.91815478539264,1e-10,9.94505494505494e-10,7.69230769230769e-10,202,"tags=63%, list=7%, signal=60%","8345/8337/723790/8334/94239/8294/8359/8360/8361/8362/8363/8364/8365/8366/8367/8368/8370/121504/554313/3018/3014/126961/333932/653604"
"R-HSA-5250941","Negative epigenetic regulation of rRNA expression",38,0.898452766987902,2.91815478539264,1e-10,9.94505494505494e-10,7.69230769230769e-10,202,"tags=63%, list=7%, signal=60%","8345/8337/723790/8334/94239/8294/8359/8360/8361/8362/8363/8364/8365/8366/8367/8368/8370/121504/554313/3018/3014/126961/333932/653604"
"R-HSA-427389","ERCC6 (CSB) and EHMT2 (G9a) positively regulate rRNA expression",38,0.898322311670601,2.91773106939727,1e-10,9.94505494505494e-10,7.69230769230769e-10,202,"tags=63%, list=7%, signal=60%","8345/8337/723790/8334/94239/8294/8359/8360/8361/8362/8363/8364/8365/8366/8367/8368/8370/121504/554313/3018/3014/126961/333932/653604"
"R-HSA-5578749","Transcriptional regulation by small RNAs",39,0.892273052577854,2.9169170167425,1e-10,9.94505494505494e-10,7.69230769230769e-10,202,"tags=62%, list=7%, signal=58%","8345/8337/723790/8334/94239/8294/8359/8360/8361/8362/8363/8364/8365/8366/8367/8368/8370/121504/554313/3018/3014/126961/333932/653604"
"R-HSA-73864","RNA Polymerase I Transcription",42,0.879304040981077,2.91525409791636,1e-10,9.94505494505494e-10,7.69230769230769e-10,202,"tags=57%, list=7%, signal=54%","8345/8337/723790/8334/94239/8294/8359/8360/8361/8362/8363/8364/8365/8366/8367/8368/8370/121504/554313/3018/3014/126961/333932/653604"
"R-HSA-8936459","RUNX1 regulates genes involved in megakaryocyte differentiation and platelet function",39,0.890197518385985,2.91013191773542,1e-10,9.94505494505494e-10,7.69230769230769e-10,202,"tags=64%, list=7%, signal=60%","8345/8337/723790/7057/8334/94239/8294/8359/8360/8361/8362/8363/8364/8365/8366/8367/8368/8370/121504/554313/3018/3014/126961/333932/653604"
"R-HSA-69002","DNA Replication Pre-Initiation",72,0.784117162724562,2.90967513322238,1e-10,9.94505494505494e-10,7.69230769230769e-10,223,"tags=35%, list=8%, signal=33%","8345/8337/723790/8334/94239/8294/8359/8360/8361/8362/8363/8364/8365/8366/8367/8368/8370/121504/554313/3018/3014/126961/333932/653604/11065"
"R-HSA-212300","PRC2 methylates histones and DNA",37,0.901628835506047,2.90721605847573,1e-10,9.94505494505494e-10,7.69230769230769e-10,202,"tags=65%, list=7%, signal=61%","8345/8337/723790/8334/94239/8294/8359/8360/8361/8362/8363/8364/8365/8366/8367/8368/8370/121504/554313/3018/3014/126961/333932/653604"
"R-HSA-9616222","Transcriptional regulation of granulopoiesis",38,0.894719068754515,2.90602781582084,1e-10,9.94505494505494e-10,7.69230769230769e-10,202,"tags=63%, list=7%, signal=60%","8345/8337/723790/8334/94239/8294/8359/8360/8361/8362/8363/8364/8365/8366/8367/8368/8370/121504/554313/3018/3014/126961/333932/653604"
"R-HSA-73854","RNA Polymerase I Promoter Clearance",41,0.884687012681826,2.90299119757558,1e-10,9.94505494505494e-10,7.69230769230769e-10,202,"tags=59%, list=7%, signal=55%","8345/8337/723790/8334/94239/8294/8359/8360/8361/8362/8363/8364/8365/8366/8367/8368/8370/121504/554313/3018/3014/126961/333932/653604"
"R-HSA-73728","RNA Polymerase I Promoter Opening",37,0.899984736331133,2.90191481772697,1e-10,9.94505494505494e-10,7.69230769230769e-10,202,"tags=65%, list=7%, signal=61%","8345/8337/723790/8334/94239/8294/8359/8360/8361/8362/8363/8364/8365/8366/8367/8368/8370/121504/554313/3018/3014/126961/333932/653604"
"R-HSA-9645723","Diseases of programmed cell death",53,0.822448047816879,2.90093005420839,1e-10,9.94505494505494e-10,7.69230769230769e-10,202,"tags=49%, list=7%, signal=46%","8345/8337/723790/351/8334/94239/1687/8294/8359/8360/8361/8362/8363/8364/8365/8366/8367/8368/8370/121504/554313/3018/3014/126961/333932/653604"
"R-HSA-9764725","Negative Regulation of CDH1 Gene Transcription",41,0.880835358370099,2.89035246952513,1e-10,9.94505494505494e-10,7.69230769230769e-10,202,"tags=59%, list=7%, signal=55%","8345/8337/723790/8334/94239/8294/8359/8360/8361/8362/8363/8364/8365/8366/8367/8368/8370/121504/554313/3018/3014/126961/333932/653604"
"R-HSA-9843940","Regulation of endogenous retroelements by KRAB-ZFP proteins",39,0.884117832272418,2.89025690320945,1e-10,9.94505494505494e-10,7.69230769230769e-10,202,"tags=62%, list=7%, signal=58%","8345/8337/723790/8334/94239/8294/8359/8360/8361/8362/8363/8364/8365/8366/8367/8368/8370/121504/554313/3018/3014/126961/333932/653604"
"R-HSA-912446","Meiotic recombination",38,0.888962290184655,2.88732992590459,1e-10,9.94505494505494e-10,7.69230769230769e-10,202,"tags=63%, list=7%, signal=60%","8345/8337/723790/8334/94239/8294/8359/8360/8361/8362/8363/8364/8365/8366/8367/8368/8370/121504/554313/3018/3014/126961/333932/653604"
"R-HSA-427359","SIRT1 negatively regulates rRNA expression",36,0.906195487316203,2.88148632817824,1e-10,9.94505494505494e-10,7.69230769230769e-10,202,"tags=67%, list=7%, signal=63%","8345/8337/723790/8334/94239/8294/8359/8360/8361/8362/8363/8364/8365/8366/8367/8368/8370/121504/554313/3018/3014/126961/333932/653604"
"R-HSA-5334118","DNA methylation",36,0.906195487316203,2.88148632817824,1e-10,9.94505494505494e-10,7.69230769230769e-10,202,"tags=67%, list=7%, signal=63%","8345/8337/723790/8334/94239/8294/8359/8360/8361/8362/8363/8364/8365/8366/8367/8368/8370/121504/554313/3018/3014/126961/333932/653604"
"R-HSA-9821002","Chromatin modifications during the maternal to zygotic transition (MZT)",36,0.906195487316203,2.88148632817824,1e-10,9.94505494505494e-10,7.69230769230769e-10,202,"tags=67%, list=7%, signal=63%","8345/8337/723790/8334/94239/8294/8359/8360/8361/8362/8363/8364/8365/8366/8367/8368/8370/121504/554313/3018/3014/126961/333932/653604"
"R-HSA-9843970","Regulation of endogenous retroelements by the Human Silencing Hub (HUSH) complex",36,0.906195487316203,2.88148632817824,1e-10,9.94505494505494e-10,7.69230769230769e-10,202,"tags=67%, list=7%, signal=63%","8345/8337/723790/8334/94239/8294/8359/8360/8361/8362/8363/8364/8365/8366/8367/8368/8370/121504/554313/3018/3014/126961/333932/653604"
"R-HSA-201722","Formation of the beta-catenin:TCF transactivating complex",39,0.881334145718388,2.88115679348937,1e-10,9.94505494505494e-10,7.69230769230769e-10,202,"tags=62%, list=7%, signal=58%","8345/8337/723790/8334/94239/8294/8359/8360/8361/8362/8363/8364/8365/8366/8367/8368/8370/121504/554313/3018/3014/126961/333932/653604"
"R-HSA-5625886","Activated PKN1 stimulates transcription of AR (androgen receptor) regulated genes KLK2 and KLK3",37,0.892534815208594,2.87789325866751,1e-10,9.94505494505494e-10,7.69230769230769e-10,202,"tags=65%, list=7%, signal=61%","8345/8337/723790/8334/94239/8294/8359/8360/8361/8362/8363/8364/8365/8366/8367/8368/8370/121504/554313/3018/3014/126961/333932/653604"
"R-HSA-1912422","Pre-NOTCH Expression and Processing",45,0.858424111174513,2.86929298877757,1e-10,9.94505494505494e-10,7.69230769230769e-10,242,"tags=58%, list=8%, signal=54%","8345/8337/723790/8334/94239/8294/8359/8360/8361/8362/8363/8364/8365/8366/8367/8368/8370/121504/554313/3018/3014/126961/333932/653604/4853/4851"
"R-HSA-1912408","Pre-NOTCH Transcription and Translation",41,0.872845281923817,2.86413402022158,1e-10,9.94505494505494e-10,7.69230769230769e-10,242,"tags=63%, list=8%, signal=59%","8345/8337/723790/8334/94239/8294/8359/8360/8361/8362/8363/8364/8365/8366/8367/8368/8370/121504/554313/3018/3014/126961/333932/653604/4853/4851"
"R-HSA-9845323","Regulation of endogenous retroelements by Piwi-interacting RNAs (piRNAs)",40,0.873481404888009,2.86320221113818,1e-10,9.94505494505494e-10,7.69230769230769e-10,202,"tags=60%, list=7%, signal=57%","8345/8337/723790/8334/94239/8294/8359/8360/8361/8362/8363/8364/8365/8366/8367/8368/8370/121504/554313/3018/3014/126961/333932/653604"
"R-HSA-5250913","Positive epigenetic regulation of rRNA expression",43,0.853994129973242,2.85137554041864,1e-10,9.94505494505494e-10,7.69230769230769e-10,202,"tags=56%, list=7%, signal=53%","8345/8337/723790/8334/94239/8294/8359/8360/8361/8362/8363/8364/8365/8366/8367/8368/8370/121504/554313/3018/3014/126961/333932/653604"
"R-HSA-2299718","Condensation of Prophase Chromosomes",41,0.868399989755675,2.84954734284327,1e-10,9.94505494505494e-10,7.69230769230769e-10,202,"tags=61%, list=7%, signal=58%","8345/8337/723790/8334/94239/983/8294/8359/8360/8361/8362/8363/8364/8365/8366/8367/8368/8370/121504/554313/3018/3014/126961/333932/653604"
"R-HSA-9842860","Regulation of endogenous retroelements",42,0.85696475909299,2.84119020188776,1e-10,9.94505494505494e-10,7.69230769230769e-10,202,"tags=57%, list=7%, signal=54%","8345/8337/723790/8334/94239/8294/8359/8360/8361/8362/8363/8364/8365/8366/8367/8368/8370/121504/554313/3018/3014/126961/333932/653604"
"R-HSA-977225","Amyloid fiber formation",56,0.796103161410339,2.8353462407081,1e-10,9.94505494505494e-10,7.69230769230769e-10,202,"tags=50%, list=7%, signal=47%","8345/8337/723790/351/8334/8294/8359/8360/8361/8362/8363/8364/8365/8366/8367/8368/8370/121504/554313/3018/4240/3014/3339/567/23555/126961/333932/653604"
"R-HSA-3214815","HDACs deacetylate histones",33,0.901943555325134,2.83330590698039,1e-10,9.94505494505494e-10,7.69230769230769e-10,202,"tags=67%, list=7%, signal=63%","8345/8337/723790/8334/8294/8359/8360/8361/8362/8363/8364/8365/8366/8367/8368/8370/121504/554313/3018/126961/333932/653604"
"R-HSA-68875","Mitotic Prophase",62,0.789201862557209,2.82771985468156,1e-10,9.94505494505494e-10,7.69230769230769e-10,202,"tags=44%, list=7%, signal=41%","8345/8337/723790/8334/94239/983/8294/8359/8360/8361/8362/8363/8364/8365/8366/8367/8368/8370/121504/554313/3018/3014/5578/8815/126961/333932/653604"
"R-HSA-5250924","B-WICH complex positively regulates rRNA expression",41,0.861160403500511,2.82579153443695,1e-10,9.94505494505494e-10,7.69230769230769e-10,202,"tags=59%, list=7%, signal=55%","8345/8337/723790/8334/94239/8294/8359/8360/8361/8362/8363/8364/8365/8366/8367/8368/8370/121504/554313/3018/3014/126961/333932/653604"
"R-HSA-69306","DNA Replication",77,0.746776114448797,2.82207752349834,1e-10,9.94505494505494e-10,7.69230769230769e-10,246,"tags=34%, list=8%, signal=32%","8345/8337/723790/8334/94239/8294/8359/8360/8361/8362/8363/8364/8365/8366/8367/8368/8370/121504/554313/3018/3014/126961/333932/653604/11065/5111"
"R-HSA-157579","Telomere Maintenance",33,0.894950402625207,2.81133807902027,1e-10,9.94505494505494e-10,7.69230769230769e-10,118,"tags=64%, list=4%, signal=62%","8345/8337/723790/8334/94239/8294/8359/8360/8361/8362/8363/8364/8365/8366/8367/8368/8370/121504/554313/3018/3014"
"R-HSA-73886","Chromosome Maintenance",35,0.883596208869343,2.81021761798263,1e-10,9.94505494505494e-10,7.69230769230769e-10,118,"tags=60%, list=4%, signal=58%","8345/8337/723790/8334/94239/8294/8359/8360/8361/8362/8363/8364/8365/8366/8367/8368/8370/121504/554313/3018/3014"
"R-HSA-3214858","RMTs methylate histone arginines",38,0.862575882229919,2.80162745442066,1e-10,9.94505494505494e-10,7.69230769230769e-10,202,"tags=58%, list=7%, signal=55%","8337/723790/8334/94239/8294/8359/8360/8361/8362/8363/8364/8365/8366/8367/8368/8370/121504/554313/3014/126961/333932/653604"
"R-HSA-2559582","Senescence-Associated Secretory Phenotype (SASP)",47,0.818229880751146,2.79601175468815,1e-10,9.94505494505494e-10,7.69230769230769e-10,223,"tags=55%, list=8%, signal=52%","8345/3490/8337/723790/8334/94239/8294/8359/8360/8361/8362/8363/8364/8365/8366/8367/8368/8370/121504/554313/3018/3014/126961/333932/653604/11065"
"R-HSA-2559580","Oxidative Stress Induced Senescence",49,0.810708958853979,2.79174689939723,1e-10,9.94505494505494e-10,7.69230769230769e-10,202,"tags=49%, list=7%, signal=46%","8345/8337/723790/8334/94239/8294/8359/8360/8361/8362/8363/8364/8365/8366/8367/8368/8370/121504/554313/3018/3014/126961/333932/653604"
"R-HSA-3214847","HATs acetylate histones",37,0.864744368857662,2.78828561889156,1e-10,9.94505494505494e-10,7.69230769230769e-10,202,"tags=59%, list=7%, signal=56%","8345/8337/723790/8334/8294/8359/8360/8361/8362/8363/8364/8365/8366/8367/8368/8370/121504/554313/3018/126961/333932/653604"
"R-HSA-5617472","Activation of anterior HOX genes in hindbrain development during early embryogenesis",41,0.849353982117018,2.78705022043569,1e-10,9.94505494505494e-10,7.69230769230769e-10,202,"tags=59%, list=7%, signal=55%","8345/8337/723790/8334/94239/8294/8359/8360/8361/8362/8363/8364/8365/8366/8367/8368/8370/121504/554313/3018/3014/126961/333932/653604"
"R-HSA-5619507","Activation of HOX genes during differentiation",41,0.849353982117018,2.78705022043569,1e-10,9.94505494505494e-10,7.69230769230769e-10,202,"tags=59%, list=7%, signal=55%","8345/8337/723790/8334/94239/8294/8359/8360/8361/8362/8363/8364/8365/8366/8367/8368/8370/121504/554313/3018/3014/126961/333932/653604"
"R-HSA-9670095","Inhibition of DNA recombination at telomere",24,0.958230905506919,2.76822583399772,1e-10,9.94505494505494e-10,7.69230769230769e-10,118,"tags=88%, list=4%, signal=85%","8345/8337/723790/8334/94239/8294/8359/8360/8361/8362/8363/8364/8365/8366/8367/8368/8370/121504/554313/3018/3014"
"R-HSA-9909649","Regulation of PD-L1(CD274) transcription",45,0.826881280969427,2.76386069677237,1e-10,9.94505494505494e-10,7.69230769230769e-10,202,"tags=53%, list=7%, signal=50%","8345/8337/723790/8334/94239/8294/8359/8360/8361/8362/8363/8364/8365/8366/8367/8368/8370/121504/554313/3018/3014/126961/333932/653604"
"R-HSA-1500620","Meiosis",42,0.832975911315351,2.7616573173237,1e-10,9.94505494505494e-10,7.69230769230769e-10,202,"tags=57%, list=7%, signal=54%","8345/8337/723790/8334/94239/8294/8359/8360/8361/8362/8363/8364/8365/8366/8367/8368/8370/121504/554313/3018/3014/126961/333932/653604"
"R-HSA-110328","Recognition and association of DNA glycosylase with site containing an affected pyrimidine",21,0.966342817487856,2.73912409140886,1e-10,9.94505494505494e-10,7.69230769230769e-10,118,"tags=100%, list=4%, signal=97%","8345/8337/723790/8334/94239/8294/8359/8360/8361/8362/8363/8364/8365/8366/8367/8368/8370/121504/554313/3018/3014"
"R-HSA-110329","Cleavage of the damaged pyrimidine",21,0.966342817487856,2.73912409140886,1e-10,9.94505494505494e-10,7.69230769230769e-10,118,"tags=100%, list=4%, signal=97%","8345/8337/723790/8334/94239/8294/8359/8360/8361/8362/8363/8364/8365/8366/8367/8368/8370/121504/554313/3018/3014"
"R-HSA-110330","Recognition and association of DNA glycosylase with site containing an affected purine",21,0.966342817487856,2.73912409140886,1e-10,9.94505494505494e-10,7.69230769230769e-10,118,"tags=100%, list=4%, signal=97%","8345/8337/723790/8334/94239/8294/8359/8360/8361/8362/8363/8364/8365/8366/8367/8368/8370/121504/554313/3018/3014"
"R-HSA-110331","Cleavage of the damaged purine",21,0.966342817487856,2.73912409140886,1e-10,9.94505494505494e-10,7.69230769230769e-10,118,"tags=100%, list=4%, signal=97%","8345/8337/723790/8334/94239/8294/8359/8360/8361/8362/8363/8364/8365/8366/8367/8368/8370/121504/554313/3018/3014"
"R-HSA-171306","Packaging Of Telomere Ends",21,0.966342817487856,2.73912409140886,1e-10,9.94505494505494e-10,7.69230769230769e-10,118,"tags=100%, list=4%, signal=97%","8345/8337/723790/8334/94239/8294/8359/8360/8361/8362/8363/8364/8365/8366/8367/8368/8370/121504/554313/3018/3014"
"R-HSA-73927","Depurination",21,0.966342817487856,2.73912409140886,1e-10,9.94505494505494e-10,7.69230769230769e-10,118,"tags=100%, list=4%, signal=97%","8345/8337/723790/8334/94239/8294/8359/8360/8361/8362/8363/8364/8365/8366/8367/8368/8370/121504/554313/3018/3014"
"R-HSA-73928","Depyrimidination",21,0.966342817487856,2.73912409140886,1e-10,9.94505494505494e-10,7.69230769230769e-10,118,"tags=100%, list=4%, signal=97%","8345/8337/723790/8334/94239/8294/8359/8360/8361/8362/8363/8364/8365/8366/8367/8368/8370/121504/554313/3018/3014"
"R-HSA-73929","Base-Excision Repair, AP Site Formation",21,0.966342817487856,2.73912409140886,1e-10,9.94505494505494e-10,7.69230769230769e-10,118,"tags=100%, list=4%, signal=97%","8345/8337/723790/8334/94239/8294/8359/8360/8361/8362/8363/8364/8365/8366/8367/8368/8370/121504/554313/3018/3014"
"R-HSA-606279","Deposition of new CENPA-containing nucleosomes at the centromere",24,0.945433341667415,2.73125505103804,1e-10,9.94505494505494e-10,7.69230769230769e-10,118,"tags=88%, list=4%, signal=85%","8345/8337/723790/8334/94239/8294/8359/8360/8361/8362/8363/8364/8365/8366/8367/8368/8370/121504/554313/3018/3014"
"R-HSA-774815","Nucleosome assembly",24,0.945433341667415,2.73125505103804,1e-10,9.94505494505494e-10,7.69230769230769e-10,118,"tags=88%, list=4%, signal=85%","8345/8337/723790/8334/94239/8294/8359/8360/8361/8362/8363/8364/8365/8366/8367/8368/8370/121504/554313/3018/3014"
"R-HSA-9816359","Maternal to zygotic transition (MZT)",50,0.787316737366672,2.72475844676414,1e-10,9.94505494505494e-10,7.69230769230769e-10,202,"tags=48%, list=7%, signal=45%","8345/8337/723790/8334/94239/8294/8359/8360/8361/8362/8363/8364/8365/8366/8367/8368/8370/121504/554313/3018/3014/126961/333932/653604"
"R-HSA-2559583","Cellular Senescence",57,0.762617268869753,2.69365226517957,1e-10,9.94505494505494e-10,7.69230769230769e-10,249,"tags=47%, list=9%, signal=44%","8345/3490/8337/723790/8334/94239/8294/8359/8360/8361/8362/8363/8364/8365/8366/8367/8368/8370/121504/554313/3018/3014/126961/333932/653604/11065/3159"
"R-HSA-3214842","HDMs demethylate histones",27,0.893695533975011,2.69107485597061,1e-10,9.94505494505494e-10,7.69230769230769e-10,202,"tags=63%, list=7%, signal=59%","8294/8359/8360/8361/8362/8363/8364/8365/8366/8367/8368/8370/121504/554313/126961/333932/653604"
"R-HSA-1474165","Reproduction",44,0.807364605616686,2.68846200995366,1e-10,9.94505494505494e-10,7.69230769230769e-10,202,"tags=55%, list=7%, signal=52%","8345/8337/723790/8334/94239/8294/8359/8360/8361/8362/8363/8364/8365/8366/8367/8368/8370/121504/554313/3018/3014/126961/333932/653604"
"R-HSA-8878171","Transcriptional regulation by RUNX1",82,0.704472474721509,2.68668199742353,1e-10,9.94505494505494e-10,7.69230769230769e-10,202,"tags=30%, list=7%, signal=29%","8345/8337/723790/7057/8334/94239/8294/8359/8360/8361/8362/8363/8364/8365/8366/8367/8368/8370/121504/554313/3018/3014/126961/333932/653604"
"R-HSA-2559586","DNA Damage/Telomere Stress Induced Senescence",22,0.942393072056005,2.68656760734495,1e-10,9.94505494505494e-10,7.69230769230769e-10,118,"tags=95%, list=4%, signal=92%","8345/8337/723790/8334/94239/8294/8359/8360/8361/8362/8363/8364/8365/8366/8367/8368/8370/121504/554313/3018/3014"
"R-HSA-9609690","HCMV Early Events",56,0.752843423366407,2.68127533434518,1e-10,9.94505494505494e-10,7.69230769230769e-10,202,"tags=43%, list=7%, signal=41%","8345/8337/723790/8334/8294/8359/8360/8361/8362/8363/8364/8365/8366/8367/8368/8370/121504/554313/3688/3018/1956/126961/333932/653604"
"R-HSA-9759476","Regulation of Homotypic Cell-Cell Adhesion",100,0.67758147143046,2.67299953476809,1e-10,9.94505494505494e-10,7.69230769230769e-10,202,"tags=25%, list=7%, signal=24%","8345/1009/8337/723790/8334/94239/8294/8359/8360/8361/8362/8363/8364/8365/8366/8367/8368/8370/121504/554313/3018/3014/126961/333932/653604"
"R-HSA-73884","Base Excision Repair",28,0.877746173102224,2.66937024491575,1e-10,9.94505494505494e-10,7.69230769230769e-10,118,"tags=75%, list=4%, signal=73%","8345/8337/723790/8334/94239/8294/8359/8360/8361/8362/8363/8364/8365/8366/8367/8368/8370/121504/554313/3018/3014"
"R-HSA-157118","Signaling by NOTCH",96,0.675112333256646,2.65863990804831,1e-10,9.94505494505494e-10,7.69230769230769e-10,242,"tags=29%, list=8%, signal=28%","8345/8337/723790/8334/94239/8294/8359/8360/8361/8362/8363/8364/8365/8366/8367/8368/8370/121504/554313/3018/3014/1956/4192/126961/333932/653604/4853/4851"
"R-HSA-9764265","Regulation of CDH1 Expression and Function",98,0.672542338223665,2.6443316856298,1e-10,9.94505494505494e-10,7.69230769230769e-10,202,"tags=24%, list=7%, signal=24%","8345/8337/723790/8334/94239/8294/8359/8360/8361/8362/8363/8364/8365/8366/8367/8368/8370/121504/554313/3018/3014/126961/333932/653604"
"R-HSA-9764274","Regulation of Expression and Function of Type I Classical Cadherins",98,0.672542338223665,2.6443316856298,1e-10,9.94505494505494e-10,7.69230769230769e-10,202,"tags=24%, list=7%, signal=24%","8345/8337/723790/8334/94239/8294/8359/8360/8361/8362/8363/8364/8365/8366/8367/8368/8370/121504/554313/3018/3014/126961/333932/653604"
"R-HSA-9818564","Epigenetic regulation of gene expression by MLL3 and MLL4 complexes",41,0.804447442333623,2.63969495486036,1e-10,9.94505494505494e-10,7.69230769230769e-10,202,"tags=59%, list=7%, signal=55%","8345/8337/723790/8334/94239/8294/8359/8360/8361/8362/8363/8364/8365/8366/8367/8368/8370/121504/554313/3018/3014/126961/333932/653604"
"R-HSA-9841922","MLL4 and MLL3 complexes regulate expression of PPARG target genes in adipogenesis and hepatic steatosis",41,0.804447442333623,2.63969495486036,1e-10,9.94505494505494e-10,7.69230769230769e-10,202,"tags=59%, list=7%, signal=55%","8345/8337/723790/8334/94239/8294/8359/8360/8361/8362/8363/8364/8365/8366/8367/8368/8370/121504/554313/3018/3014/126961/333932/653604"
"R-HSA-9851695","Epigenetic regulation of adipogenesis genes by MLL3 and MLL4 complexes",41,0.804447442333623,2.63969495486036,1e-10,9.94505494505494e-10,7.69230769230769e-10,202,"tags=59%, list=7%, signal=55%","8345/8337/723790/8334/94239/8294/8359/8360/8361/8362/8363/8364/8365/8366/8367/8368/8370/121504/554313/3018/3014/126961/333932/653604"
"R-HSA-9917777","Epigenetic regulation by WDR5-containing histone modifying complexes",41,0.804447442333623,2.63969495486036,1e-10,9.94505494505494e-10,7.69230769230769e-10,202,"tags=59%, list=7%, signal=55%","8345/8337/723790/8334/94239/8294/8359/8360/8361/8362/8363/8364/8365/8366/8367/8368/8370/121504/554313/3018/3014/126961/333932/653604"
"R-HSA-5625740","RHO GTPases activate PKNs",56,0.740890953773429,2.63870624107894,1e-10,9.94505494505494e-10,7.69230769230769e-10,202,"tags=43%, list=7%, signal=41%","8345/8337/723790/8334/94239/8294/8359/8360/8361/8362/8363/8364/8365/8366/8367/8368/8370/121504/554313/3018/3014/126961/333932/653604"
"R-HSA-1221632","Meiotic synapsis",25,0.89976685441022,2.63623966684547,1e-10,9.94505494505494e-10,7.69230769230769e-10,118,"tags=84%, list=4%, signal=81%","8345/8337/723790/8334/94239/8294/8359/8360/8361/8362/8363/8364/8365/8366/8367/8368/8370/121504/554313/3018/3014"
"R-HSA-3247509","Chromatin modifying enzymes",51,0.753861827433635,2.62391916255563,1e-10,9.94505494505494e-10,7.69230769230769e-10,202,"tags=47%, list=7%, signal=45%","8345/8337/723790/8334/94239/8294/8359/8360/8361/8362/8363/8364/8365/8366/8367/8368/8370/121504/554313/3018/3014/126961/333932/653604"
"R-HSA-4839726","Chromatin organization",51,0.753861827433635,2.62391916255563,1e-10,9.94505494505494e-10,7.69230769230769e-10,202,"tags=47%, list=7%, signal=45%","8345/8337/723790/8334/94239/8294/8359/8360/8361/8362/8363/8364/8365/8366/8367/8368/8370/121504/554313/3018/3014/126961/333932/653604"
"R-HSA-9821993","Replacement of protamines by nucleosomes in the male pronucleus",20,0.932564369265589,2.60508739046818,1e-10,9.94505494505494e-10,7.69230769230769e-10,118,"tags=85%, list=4%, signal=82%","8345/8294/8359/8360/8361/8362/8363/8364/8365/8366/8367/8368/8370/121504/554313/3018/3014"
"R-HSA-69481","G2/M Checkpoints",62,0.726840775623738,2.60427932311729,1e-10,9.94505494505494e-10,7.69230769230769e-10,118,"tags=29%, list=4%, signal=28%","8345/983/8294/8359/8360/8361/8362/8363/8364/8365/8366/8367/8368/8370/121504/554313/3018/3014"
"R-HSA-212165","Epigenetic regulation of gene expression",52,0.732743311526571,2.57203938778651,1e-10,9.94505494505494e-10,7.69230769230769e-10,202,"tags=46%, list=7%, signal=44%","8345/8337/723790/8334/94239/8294/8359/8360/8361/8362/8363/8364/8365/8366/8367/8368/8370/121504/554313/3018/3014/126961/333932/653604"
"R-HSA-5693571","Nonhomologous End-Joining (NHEJ)",23,0.893450883103074,2.55885117377239,1e-10,9.94505494505494e-10,7.69230769230769e-10,118,"tags=74%, list=4%, signal=71%","8345/8294/8359/8360/8361/8362/8363/8364/8365/8366/8367/8368/8370/121504/554313/3018/3014"
"R-HSA-69473","G2/M DNA damage checkpoint",32,0.822059527049929,2.5547450796714,1e-10,9.94505494505494e-10,7.69230769230769e-10,118,"tags=56%, list=4%, signal=55%","8345/983/8294/8359/8360/8361/8362/8363/8364/8365/8366/8367/8368/8370/121504/554313/3018/3014"
"R-HSA-9909648","Regulation of PD-L1(CD274) expression",98,0.640737141808247,2.51927860886574,1e-10,9.94505494505494e-10,7.69230769230769e-10,202,"tags=24%, list=7%, signal=24%","8345/8337/723790/8334/94239/8294/8359/8360/8361/8362/8363/8364/8365/8366/8367/8368/8370/121504/554313/3018/3014/126961/333932/653604"
"R-HSA-8939211","ESR-mediated signaling",84,0.655326565627618,2.50750369310573,1e-10,9.94505494505494e-10,7.69230769230769e-10,241,"tags=32%, list=8%, signal=30%","8345/8337/723790/8334/94239/8294/8359/8360/8361/8362/8363/8364/8365/8366/8367/8368/8370/121504/554313/3018/3014/1956/3838/126961/333932/653604/3480"
"R-HSA-418990","Adherens junctions interactions",108,0.629201844550366,2.50349886067746,1e-10,9.94505494505494e-10,7.69230769230769e-10,202,"tags=25%, list=7%, signal=24%","8345/1009/8337/723790/8334/94239/8294/8359/8360/8361/8362/8363/8364/8365/8366/8367/8368/8370/121504/554313/3018/3014/5819/5817/126961/333932/653604"
"R-HSA-389948","Co-inhibition by PD-1",102,0.627116810566583,2.50185508292281,1e-10,9.94505494505494e-10,7.69230769230769e-10,202,"tags=25%, list=7%, signal=24%","8345/3122/8337/723790/8334/94239/8294/8359/8360/8361/8362/8363/8364/8365/8366/8367/8368/8370/121504/554313/3018/3014/126961/333932/653604"
"R-HSA-195721","Signaling by WNT",137,0.554870526298182,2.26391970330207,1e-10,9.94505494505494e-10,7.69230769230769e-10,230,"tags=22%, list=8%, signal=21%","8345/2775/8337/723790/1211/8334/94239/8294/8359/8360/8361/8362/8363/8364/8365/8366/8367/8368/8370/121504/554313/4919/3018/3014/5578/126961/333932/653604/5880/22943"
"R-HSA-201681","TCF dependent signaling in response to WNT",93,0.623151784318748,2.42473762838821,1.48409733991567e-10,1.45990010067791e-09,1.12920449776192e-09,230,"tags=27%, list=8%, signal=26%","8345/8337/723790/8334/94239/8294/8359/8360/8361/8362/8363/8364/8365/8366/8367/8368/8370/121504/554313/3018/3014/126961/333932/653604/22943"
"R-HSA-3214841","PKMTs methylate histone lysines",33,0.804404511431196,2.52690319741583,2.2508366450104e-10,2.19033028358539e-09,1.6941781199003e-09,202,"tags=52%, list=7%, signal=48%","8294/8359/8360/8361/8362/8363/8364/8365/8366/8367/8368/8370/121504/554313/126961/333932/653604"
"R-HSA-446728","Cell junction organization",137,0.533612840926563,2.17718650973982,5.15354229579295e-10,4.96165508265172e-09,3.83774426282454e-09,202,"tags=25%, list=7%, signal=24%","8345/10979/1009/2318/8337/723790/8334/94239/8294/8359/8360/8361/8362/8363/8364/8365/8366/8367/8368/8370/121504/554313/3688/3018/3691/3655/3014/84612/2316/5819/5817/126961/333932/653604"
"R-HSA-5693565","Recruitment and ATM-mediated phosphorylation of repair and signaling proteins at DNA double strand breaks",26,0.837600442048908,2.48642927476777,7.66508228181914e-10,7.22593694275658e-09,5.58912249715979e-09,118,"tags=65%, list=4%, signal=63%","8345/8294/8359/8360/8361/8362/8363/8364/8365/8366/8367/8368/8370/121504/554313/3018/3014"
"R-HSA-5693607","Processing of DNA double-strand break ends",26,0.837423152320371,2.4859029875919,7.66508228181914e-10,7.22593694275658e-09,5.58912249715979e-09,118,"tags=65%, list=4%, signal=63%","8345/8294/8359/8360/8361/8362/8363/8364/8365/8366/8367/8368/8370/121504/554313/3018/3014"
"R-HSA-388841","Regulation of T cell activation by CD28 family",124,0.548469574020383,2.20825591847097,8.41232800671593e-10,7.84861530523497e-09,6.070752169795e-09,202,"tags=20%, list=7%, signal=20%","8345/3122/8337/723790/8334/94239/8294/8359/8360/8361/8362/8363/8364/8365/8366/8367/8368/8370/121504/554313/3018/3014/126961/333932/653604"
"R-HSA-73894","DNA Repair",70,0.64567433857168,2.38348250234771,9.99292450018638e-10,9.22815987007008e-09,7.13780321441885e-09,246,"tags=34%, list=8%, signal=32%","8345/8337/723790/8334/94239/8294/8359/8360/8361/8362/8363/8364/8365/8366/8367/8368/8370/121504/554313/3018/3014/3838/9636/5111"
"R-HSA-1474244","Extracellular matrix organization",97,0.589202206837497,2.32090665572045,1.13411762184655e-09,1.0367438866375e-08,8.01901348780389e-09,344,"tags=45%, list=12%, signal=41%","3913/80781/1293/1292/3693/3690/84171/1289/1291/7057/1303/351/4312/2335/5054/3675/375790/3688/3911/3691/1404/7402/3673/7837/3655/3371/5351/3915/5578/4017/4323/3339/7076/3912/871/3685/3678/977/960/1284/1294/824/3910/59277"
"R-HSA-5693606","DNA Double Strand Break Response",27,0.830349475361403,2.50032870241012,1.35856092017495e-09,1.22949763275833e-08,9.50992644122465e-09,153,"tags=67%, list=5%, signal=64%","8345/8294/8359/8360/8361/8362/8363/8364/8365/8366/8367/8368/8370/121504/554313/3018/3014/3838"
"R-HSA-5693538","Homology Directed Repair",29,0.804951375320832,2.44367673919808,1.72190179702511e-09,1.54289220426507e-08,1.19339728506691e-08,118,"tags=59%, list=4%, signal=57%","8345/8294/8359/8360/8361/8362/8363/8364/8365/8366/8367/8368/8370/121504/554313/3018/3014"
"R-HSA-1500931","Cell-Cell communication",154,0.49985431913796,2.06808614917535,3.79170965303574e-09,3.36421297646798e-08,2.6021536834559e-08,202,"tags=23%, list=7%, signal=22%","8345/10979/1009/2318/8337/723790/8334/94239/8294/8359/8360/8361/8362/8363/8364/8365/8366/8367/8368/8370/121504/554313/3688/55243/3018/3691/3655/3014/84612/2316/5819/5817/126961/333932/653604"
"R-HSA-5693532","DNA Double-Strand Break Repair",35,0.756125481905044,2.40480564462151,5.74339545109025e-09,5.04638144003561e-08,3.903278461906e-08,153,"tags=51%, list=5%, signal=49%","8345/8294/8359/8360/8361/8362/8363/8364/8365/8366/8367/8368/8370/121504/554313/3018/3014/3838"
"R-HSA-5693567","HDR through Homologous Recombination (HRR) or Single Strand Annealing (SSA)",27,0.814564240936611,2.45279657783161,6.50262110639157e-09,5.65853086661959e-08,4.3767642062251e-08,118,"tags=63%, list=4%, signal=61%","8345/8294/8359/8360/8361/8362/8363/8364/8365/8366/8367/8368/8370/121504/554313/3018/3014"
"R-HSA-421270","Cell-cell junction organization",117,0.527176527827227,2.12819010027682,2.85773495932084e-08,2.46309536970034e-07,1.90515663954723e-07,202,"tags=24%, list=7%, signal=23%","8345/1009/8337/723790/8334/94239/8294/8359/8360/8361/8362/8363/8364/8365/8366/8367/8368/8370/121504/554313/3018/3014/84612/5819/5817/126961/333932/653604"
"R-HSA-6805567","Keratinization",22,-0.841504461706502,-2.22685590850096,3.3279333344825e-08,2.81474735299688e-07,2.17715264872687e-07,293,"tags=73%, list=10%, signal=66%","3728/6703/64065/11187/1475/1824/23581/3713/6768/6707/6698/5493/5652/6699/2125/7051"
"R-HSA-6809371","Formation of the cornified envelope",22,-0.841504461706502,-2.22685590850096,3.3279333344825e-08,2.81474735299688e-07,2.17715264872687e-07,293,"tags=73%, list=10%, signal=66%","3728/6703/64065/11187/1475/1824/23581/3713/6768/6707/6698/5493/5652/6699/2125/7051"
"R-HSA-3000171","Non-integrin membrane-ECM interactions",38,0.730364739182987,2.37220857572091,5.02557689883287e-08,4.21124730874421e-07,3.25731836035464e-07,344,"tags=58%, list=12%, signal=52%","3913/3693/3690/1289/7057/2335/375790/3688/3911/3691/7402/3673/3655/3371/3915/5578/3339/3912/3685/1284/3910/59277"
"R-HSA-4551638","SUMOylation of chromatin organization proteins",20,0.845503498506728,2.36188575839672,6.49643968219325e-08,5.3938329471421e-07,4.17202548397732e-07,90,"tags=70%, list=3%, signal=68%","8294/8359/8360/8361/8362/8363/8364/8365/8366/8367/8368/8370/121504/554313"
"R-HSA-9006931","Signaling by Nuclear Receptors",93,0.56023092756547,2.17990711868039,8.46905322509604e-08,6.96772106246537e-07,5.3893975068793e-07,241,"tags=30%, list=8%, signal=29%","8345/8337/723790/8334/94239/8294/8359/8360/8361/8362/8363/8364/8365/8366/8367/8368/8370/121504/554313/3018/3014/1956/3838/126961/333932/653604/19/3480"
"R-HSA-3000178","ECM proteoglycans",27,0.78162822207132,2.3536204167626,1.8604680609711e-07,1.51686810376473e-06,1.17326814655835e-06,232,"tags=74%, list=8%, signal=69%","3913/1293/1292/3693/3690/1289/1291/351/2335/5054/375790/3688/3911/1404/3673/3371/3915/3339/3912/3685"
"R-HSA-3000157","Laminin interactions",19,0.834197203412491,2.30799166804257,2.37917844852312e-07,1.92246115706556e-06,1.48698653032695e-06,379,"tags=84%, list=13%, signal=74%","3913/80781/3675/3688/3911/3691/3673/3655/3915/3339/3912/3685/1284/1294/3910/3672"
"R-HSA-68886","M Phase",167,0.440923355568616,1.85260731399345,8.32548656690542e-07,6.66775694075169e-06,5.15738105914495e-06,223,"tags=17%, list=8%, signal=16%","8345/8337/723790/8334/94239/983/8294/8359/8360/8361/8362/8363/8364/8365/8366/8367/8368/8370/121504/554313/3018/3014/5578/8815/126961/333932/653604/11065"
"R-HSA-69620","Cell Cycle Checkpoints",99,0.505187995356294,1.98273138892044,1.10429181315584e-06,8.76652711321084e-06,6.7807392035885e-06,118,"tags=18%, list=4%, signal=18%","8345/983/8294/8359/8360/8361/8362/8363/8364/8365/8366/8367/8368/8370/121504/554313/3018/3014"
"R-HSA-212436","Generic Transcription Pathway",211,0.399582532354662,1.75855368689124,1.54940443113075e-06,1.21931392188985e-05,9.43115740688282e-06,287,"tags=19%, list=10%, signal=18%","8345/6515/8337/723790/7057/8334/94239/983/5054/8294/8359/8360/8361/8362/8363/8364/8365/8366/8367/8368/8370/121504/554313/3018/3014/1956/126961/333932/653604/11065/4853/3486/3678/4851/5111/1490/55004/5305/847/6009"
"R-HSA-1474290","Collagen formation",26,0.755749308285522,2.24345297611112,1.63229699690815e-06,1.27347308810506e-05,9.85006808479055e-06,315,"tags=62%, list=11%, signal=55%","80781/1293/1292/84171/1289/1291/1303/3691/7837/3655/5351/4017/871/977/1284/1294"
"R-HSA-216083","Integrin cell surface interactions",32,0.715348783094215,2.22311611717124,1.6718827192586e-06,1.29320842814448e-05,1.00027171237694e-05,422,"tags=75%, list=15%, signal=65%","80781/1293/1292/3693/3690/1289/1291/7057/2335/3675/375790/3688/3673/3655/3371/3339/3685/3678/960/1284/1294/3672/3383/961"
"R-HSA-917729","Endosomal Sorting Complex Required For Transport (ESCRT)",28,-0.759636360758257,-2.10427931653633,2.6444536546792e-06,2.02816148939379e-05,1.56874369345376e-05,439,"tags=75%, list=15%, signal=64%","51652/100526767/92421/55048/137492/128866/27243/51534/29082/6233/51510/27183/7251/93343/51160/51028/79720/84313/25978/9525/11267"
"R-HSA-2990846","SUMOylation",37,0.67537219747862,2.17767314069528,4.26918766387054e-06,3.2196790298357e-05,2.49035947059115e-05,90,"tags=38%, list=3%, signal=37%","8294/8359/8360/8361/8362/8363/8364/8365/8366/8367/8368/8370/121504/554313"
"R-HSA-3108232","SUMO E3 ligases SUMOylate target proteins",37,0.67537219747862,2.17767314069528,4.26918766387054e-06,3.2196790298357e-05,2.49035947059115e-05,90,"tags=38%, list=3%, signal=37%","8294/8359/8360/8361/8362/8363/8364/8365/8366/8367/8368/8370/121504/554313"
"R-HSA-162588","Budding and maturation of HIV virion",24,-0.762718796285193,-2.06072917507581,9.78813538247618e-06,7.32087811664541e-05,5.66255765928374e-05,583,"tags=75%, list=20%, signal=60%","51652/100526767/92421/55048/137492/128866/27243/51534/29082/6233/51510/27183/7251/93343/51160/79720/25978/9525"
"R-HSA-2022090","Assembly of collagen fibrils and other multimeric structures",20,0.779976872087138,2.17883931800995,1.22739099450417e-05,9.10482663955962e-05,7.04240734551573e-05,315,"tags=70%, list=11%, signal=63%","80781/1293/1292/84171/1289/1291/1303/3691/7837/3655/4017/977/1284/1294"
"R-HSA-445144","Signal transduction by L1",14,0.828273469246797,2.14271164279737,1.28636610585614e-05,9.46472622601471e-05,7.32078271625447e-05,240,"tags=50%, list=8%, signal=46%","8829/3690/3688/3897/1956/3685/3678"
"R-HSA-162599","Late Phase of HIV Life Cycle",37,-0.694393317085511,-2.03932833487279,1.32114766514969e-05,9.64224707226186e-05,7.45809165810309e-05,583,"tags=57%, list=20%, signal=46%","51652/100526767/8480/92421/5903/55048/137492/128866/27243/51534/29082/6917/6233/51510/27183/7251/93343/51160/79720/25978/9525"
"R-HSA-69278","Cell Cycle, Mitotic",189,0.392982342488479,1.69253388911828,1.84647949259248e-05,0.000133685115263696,0.000103402851585179,434,"tags=21%, list=15%, signal=19%","8345/8337/723790/8334/94239/983/8294/8359/8360/8361/8362/8363/8364/8365/8366/8367/8368/8370/121504/554313/3018/3014/5578/8815/126961/333932/653604/11065/5111/10726/203068/10133/6118/10592/7298/9493/5528/84962/22919/9978"
"R-HSA-381426","Regulation of Insulin-like Growth Factor (IGF) transport and uptake by Insulin-like Growth Factor Binding Proteins (IGFBPs)",49,0.607745539422619,2.09282468976785,2.34839573918647e-05,0.00016867445587014,0.000130466429954804,170,"tags=35%, list=6%, signal=33%","3913/64856/3490/3491/334/4241/351/4312/2335/4240/3371/3915/11098/7076/3956/84141/3912"
"R-HSA-8875878","MET promotes cell motility",24,0.726171651104224,2.09783165305033,2.5898875361216e-05,0.00018455497796772,0.000142749706715364,178,"tags=42%, list=6%, signal=39%","3913/1289/2335/3675/3688/3911/3673/3915/3912/64759"
"R-HSA-1474228","Degradation of the extracellular matrix",40,0.625418871282753,2.0500730583657,2.73493678242878e-05,0.00019336857719516,0.000149566855289074,319,"tags=45%, list=11%, signal=41%","80781/1293/1292/1289/1291/1303/4312/2335/3911/3915/4323/3339/7076/3912/960/1284/1294/824"
"R-HSA-8874081","MET activates PTK2 signaling",16,0.798452020853112,2.11589593276706,3.05158754731488e-05,0.000212437440793843,0.000164316252547724,366,"tags=69%, list=13%, signal=60%","3913/1289/2335/3675/3688/3911/3673/3915/3912/3910/4233"
"R-HSA-8957275","Post-translational protein phosphorylation",45,0.606516317967076,2.02728813889098,3.04799394234314e-05,0.000212437440793843,0.000164316252547724,170,"tags=36%, list=6%, signal=34%","3913/64856/3490/3491/334/4241/351/2335/4240/3371/3915/11098/7076/3956/84141/3912"
"R-HSA-73857","RNA Polymerase II Transcription",227,0.371627378408485,1.64148677736526,3.14723943508536e-05,0.000217423793034523,0.000168173099584714,287,"tags=18%, list=10%, signal=17%","8345/6515/8337/723790/7057/8334/94239/983/5054/8294/8359/8360/8361/8362/8363/8364/8365/8366/8367/8368/8370/121504/554313/3018/3014/1956/126961/333932/653604/11065/4853/3486/3678/4851/5111/1490/55004/5305/847/6009"
"R-HSA-9918481","Dengue Virus-Host Interactions",118,0.449049022636386,1.82144663017542,3.19345833672139e-05,0.000218945438994913,0.000169350063310983,202,"tags=21%, list=7%, signal=21%","8345/8337/723790/8334/7431/375790/8294/8359/8360/8361/8362/8363/8364/8365/8366/8367/8368/8370/121504/554313/3018/3339/126961/333932/653604"
"R-HSA-9609646","HCMV Infection",79,0.504410312753202,1.90755531709737,3.31260685009101e-05,0.000225406706716719,0.000174347728952158,202,"tags=30%, list=7%, signal=29%","8345/8337/723790/8334/8294/8359/8360/8361/8362/8363/8364/8365/8366/8367/8368/8370/121504/554313/3688/3018/1956/126961/333932/653604"
"R-HSA-3000170","Syndecan interactions",18,0.769102928297055,2.11110747233207,4.43160643666676e-05,0.000299298792924136,0.000231501828781099,232,"tags=67%, list=8%, signal=62%","3693/3690/1289/7057/2335/3688/3691/3673/3655/3371/5578/3685"
"R-HSA-195258","RHO GTPase Effectors",164,0.397152455426564,1.66703270318847,6.38556150691889e-05,0.0004280691232416,0.000331103189247646,212,"tags=18%, list=7%, signal=18%","8345/752/8337/723790/8334/94239/8294/8359/8360/8361/8362/8363/8364/8365/8366/8367/8368/8370/121504/554313/3688/3018/3014/5578/2316/128239/126961/333932/653604/5880"
"R-HSA-9610379","HCMV Late Events",58,0.540566494086812,1.90885681936763,7.54060169576016e-05,0.000501782686372276,0.000388119204928832,202,"tags=38%, list=7%, signal=36%","8345/8337/723790/8334/8294/8359/8360/8361/8362/8363/8364/8365/8366/8367/8368/8370/121504/554313/3018/126961/333932/653604"
"R-HSA-74160","Gene expression (Transcription)",241,0.348355180437155,1.54396952136069,9.95720756931663e-05,0.000657757142352668,0.000508762430549025,434,"tags=21%, list=15%, signal=20%","8345/6515/8337/723790/7057/8334/94239/983/5054/8294/8359/8360/8361/8362/8363/8364/8365/8366/8367/8368/8370/121504/554313/3018/3014/1956/126961/333932/653604/11065/4853/3486/3678/4851/5111/1490/55004/5305/847/6009/2539/857/4233/253260/10397/6118/6613/10135/7296/84962/9978"
"R-HSA-1650814","Collagen biosynthesis and modifying enzymes",15,0.774314735548106,2.00619280917453,0.000129593428846215,0.000849869950042209,0.000657357972408339,315,"tags=67%, list=11%, signal=60%","80781/1293/1292/1289/1291/1303/5351/871/1284/1294"
"R-HSA-9913351","Formation of the dystrophin-glycoprotein complex (DGC)",17,0.75675356262469,2.07108542777634,0.000133023759341123,0.000859903587169405,0.000665118796705617,410,"tags=53%, list=14%, signal=46%","3913/375790/3911/7402/3915/3339/3912/3910/1605"
"R-HSA-1442490","Collagen degradation",15,0.773675646033683,2.00453697501641,0.00013258977571044,0.000859903587169405,0.000665118796705617,315,"tags=67%, list=11%, signal=60%","80781/1293/1292/1289/1291/1303/4312/4323/1284/1294"
"R-HSA-373760","L1CAM interactions",56,0.526231309534537,1.87418922264849,0.000263236500253588,0.00168956760801062,0.00130684787359937,240,"tags=21%, list=8%, signal=20%","8829/3690/2048/1211/3688/3673/3915/3897/1956/3912/3685/3678"
"R-HSA-983712","Ion channel transport",46,-0.609210962211116,-1.85727442404898,0.000277533600141491,0.0017687880854088,0.00136812338097918,332,"tags=41%, list=11%, signal=37%","10079/523/51382/818/529/6233/9114/23250/5205/9550/54795/84239/51606/1193/2040/525/9635/23120/22802"
"R-HSA-500792","GPCR ligand binding",28,0.649244910770794,1.97446038454297,0.000300795692245955,0.00190363707330482,0.00147242646553964,295,"tags=36%, list=10%, signal=32%","1889/1902/351/976/2150/9034/2778/2357/2149/3269"
"R-HSA-1640170","Cell Cycle",208,0.351727088903074,1.5383287360296,0.00035054822807051,0.00220309823891536,0.00170405388645387,246,"tags=14%, list=8%, signal=14%","8345/8337/723790/8334/94239/983/8294/8359/8360/8361/8362/8363/8364/8365/8366/8367/8368/8370/121504/554313/3018/3014/5578/8815/126961/333932/653604/11065/5111"
"R-HSA-6803157","Antimicrobial peptides",15,-0.767890112672812,-1.85787765373681,0.000505620540885632,0.00315576958276894,0.00244092674910305,306,"tags=47%, list=11%, signal=42%","7096/7097/6278/1191/3934/6279/6280"
"R-HSA-194315","Signaling by Rho GTPases",310,0.310174258803669,1.39323720857657,0.000516079052901328,0.00319898317038152,0.00247435162349952,289,"tags=15%, list=10%, signal=16%","8345/752/10979/1969/4162/8337/723790/8334/94239/7431/8294/8359/8360/8361/8362/8363/8364/8365/8366/8367/8368/8370/121504/554313/3688/54443/3018/3014/5578/84612/2316/128239/1362/5361/126961/333932/653604/7037/5880/1152/63916/9497/55004/29127/9411/10409/23129/10726"
"R-HSA-373076","Class A/1 (Rhodopsin-like receptors)",15,0.745552025684585,1.93167073300646,0.000553766093946635,0.00340924023824289,0.00263698139974588,295,"tags=53%, list=10%, signal=48%","1889/1902/351/2150/9034/2357/2149/3269"
"R-HSA-9716542","Signaling by Rho GTPases, Miro GTPases and RHOBTB3",314,0.306731733314101,1.38049343313718,0.000569079204536279,0.00347984243314414,0.00269159083226618,289,"tags=15%, list=10%, signal=15%","8345/752/10979/1969/4162/8337/723790/8334/94239/7431/8294/8359/8360/8361/8362/8363/8364/8365/8366/8367/8368/8370/121504/554313/3688/54443/3018/3014/5578/84612/2316/128239/1362/5361/126961/333932/653604/7037/5880/1152/63916/9497/55004/29127/9411/10409/23129/10726"
"R-HSA-162587","HIV Life Cycle",44,-0.596011723861941,-1.81418687234017,0.000594832949142039,0.0036129115367352,0.00279451721073441,583,"tags=48%, list=20%, signal=39%","51652/100526767/8480/92421/5903/55048/137492/128866/27243/51534/29082/6917/6233/51510/27183/7251/93343/51160/79720/25978/9525"
"R-HSA-168249","Innate Immune System",417,-0.361694229343357,-1.41753426610769,0.000681879795190523,0.00411400809764949,0.00318210571088911,785,"tags=33%, list=27%, signal=28%","4048/801/805/808/5036/6464/230/5834/5912/8772/2885/4257/1660/23191/1499/29110/4057/4893/23412/7323/10768/83737/10092/26578/178/84418/5284/10533/10006/302/4282/10094/998/55313/10787/7186/966/8826/10097/2268/4179/535/8454/10096/3303/3304/55754/5660/55845/9296/10095/5329/23200/12/10093/1729/5566/3608/4860/6778/10109/823/6727/9545/57506/1793/51719/6416/54509/834/6282/81619/5328/26999/55276/353/23218/523/4067/23317/7096/2992/51382/6590/3728/3606/7097/529/6233/57153/9114/4690/221/23250/4771/5777/93100/26007/10552/9798/10163/6278/140885/29108/9550/3417/10458/2950/1191/23593/3958/54472/64114/10043/4790/51806/80142/3240/10562/51606/2444/3934/5338/6279/2040/6280/525/2171/948/11240/4585/4582/6286/290/929/394263/6317/4311/634"
"R-HSA-1280218","Adaptive Immune System",318,0.308897361274655,1.38063228149446,0.000757620608249564,0.00454070629447586,0.0035121485150642,439,"tags=17%, list=15%, signal=16%","8345/3122/3693/5795/958/8337/723790/1211/8334/94239/8294/8359/8360/8361/8362/8363/8364/8365/8366/8367/8368/8370/121504/554313/3688/3018/3014/972/5698/5819/5817/567/126961/333932/653604/11065/3685/29127/642/55824/4012/29126/9341/5532/3710/253260/3309/63893/10613/3383/9493/5528/9616/9978/5062"
"R-HSA-175474","Assembly Of The HIV Virion",11,-0.80221942203551,-1.79623672552986,0.000841039720839095,0.00500750623262751,0.00387320924070636,382,"tags=64%, list=13%, signal=55%","55048/137492/6233/7251/93343/51160/79720"
"R-HSA-5602498","MyD88 deficiency (TLR2/4)",11,-0.800669859996858,-1.79276712585942,0.000916807100101883,0.00536741949489428,0.00415159518942099,306,"tags=55%, list=11%, signal=49%","7096/7097/6279/6280/948/929"
"R-HSA-5603041","IRAK4 deficiency (TLR2/4)",11,-0.800669859996858,-1.79276712585942,0.000916807100101883,0.00536741949489428,0.00415159518942099,306,"tags=55%, list=11%, signal=49%","7096/7097/6279/6280/948/929"
"R-HSA-1266738","Developmental Biology",437,0.288609579001502,1.32229675035014,0.00091928179194322,0.00536741949489428,0.00415159518942099,209,"tags=14%, list=7%, signal=15%","10085/3913/8345/1293/8829/1292/1969/3690/2048/1289/1291/8337/723790/1211/8334/94239/7431/2335/5054/375790/8294/8359/8360/8361/8362/8363/8364/8365/8366/8367/8368/8370/121504/554313/3688/9353/3911/3018/3691/4240/7402/3673/7837/3655/3014/3915/3897/5578/972/1956/3912/448834/5361/10486/9260/126961/333932/653604/7037"
"R-HSA-6806834","Signaling by MET",47,0.529509601473552,1.80941212826541,0.00100642564804854,0.00583855904797392,0.00451601252329475,178,"tags=23%, list=6%, signal=22%","3913/5795/1289/2335/3675/3688/3911/3673/3915/3912/64759"
"R-HSA-9006934","Signaling by Receptor Tyrosine Kinases",202,0.334945202673392,1.45906482232631,0.00103105224568694,0.00594332663915082,0.00459704822917743,376,"tags=19%, list=13%, signal=18%","3913/1293/8829/1292/3690/5795/1289/1291/7057/1211/2335/3675/5327/3688/3911/3673/3915/5578/1956/4192/3643/3912/64759/161742/3925/9982/3685/3480/63916/55824/1284/3910/29126/857/3710/4233/5782/253260"
"R-HSA-5260271","Diseases of Immune System",16,-0.743508019782072,-1.82194539805369,0.00120824581164803,0.00683414037213417,0.00528607542596014,306,"tags=44%, list=11%, signal=39%","7096/7097/4790/6279/6280/948/929"
"R-HSA-5602358","Diseases associated with the TLR signaling cascade",16,-0.743508019782072,-1.82194539805369,0.00120824581164803,0.00683414037213417,0.00528607542596014,306,"tags=44%, list=11%, signal=39%","7096/7097/4790/6279/6280/948/929"
"R-HSA-8953897","Cellular responses to stimuli",388,0.288736891752968,1.31708310347802,0.00119456365241347,0.00683414037213417,0.00528607542596014,320,"tags=13%, list=11%, signal=13%","8345/6649/3490/3690/8337/723790/8334/94239/2335/8294/8359/8360/8361/8362/8363/8364/8365/8366/8367/8368/8370/121504/554313/3688/9532/3018/3014/2778/4323/3339/781/126961/333932/653604/11065/3685/3678/4851/3159/55004/5573/847/6009/9973/8878/115/7094/4502/824/81631"
"R-HSA-174490","Membrane binding and targetting of GAG proteins",10,-0.826477502090883,-1.81073168149273,0.00136301874162537,0.00761439482204298,0.00588958715517136,382,"tags=70%, list=13%, signal=61%","55048/137492/6233/7251/93343/51160/79720"
"R-HSA-174495","Synthesis And Processing Of GAG, GAGPOL Polyproteins",10,-0.826477502090883,-1.81073168149273,0.00136301874162537,0.00761439482204298,0.00588958715517136,382,"tags=70%, list=13%, signal=61%","55048/137492/6233/7251/93343/51160/79720"
"R-HSA-9839923","Dengue Virus Infection",179,0.346952309449584,1.48519428391825,0.00137771551648342,0.00764927940133431,0.00591656970268953,202,"tags=15%, list=7%, signal=15%","8345/8337/723790/8334/7431/375790/8294/8359/8360/8361/8362/8363/8364/8365/8366/8367/8368/8370/121504/554313/9532/3018/3339/3838/126961/333932/653604"
"R-HSA-9638630","Attachment of bacteria to epithelial cells",12,0.779817821018622,1.93396162514159,0.00173602584499179,0.00949033957690942,0.00734059414788574,334,"tags=67%, list=12%, signal=59%","3913/1289/2335/3911/3915/3912/1284/3910"
"R-HSA-9931953","Biofilm formation",12,0.779817821018622,1.93396162514159,0.00173602584499179,0.00949033957690942,0.00734059414788574,334,"tags=67%, list=12%, signal=59%","3913/1289/2335/3911/3915/3912/1284/3910"
"R-HSA-5663213","RHO GTPases Activate WASPs and WAVEs",28,-0.646615784913671,-1.79119943729596,0.00174076946935576,0.00949033957690942,0.00734059414788574,751,"tags=64%, list=26%, signal=48%","2885/23191/10092/10006/10094/998/10787/10097/10096/55845/10095/10093/10109/26999/4690/10552/10163/10458"
"R-HSA-375165","NCAM signaling for neurite out-growth",20,0.666104786058366,1.86074145236506,0.0019846992837751,0.0107554062983022,0.00831909879426689,75,"tags=25%, list=3%, signal=25%","1293/1292/1289/1291/375790"
"R-HSA-9954716","ZNF598 and the Ribosome-associated Quality Trigger (RQT) complex dissociate a ribosome stalled on a no-go mRNA",74,-0.489640507870142,-1.59949703887514,0.0029184122239507,0.0157212087064011,0.0121600509331279,1160,"tags=70%, list=40%, signal=43%","6135/6187/6175/6142/6208/6228/6136/6128/6203/6139/6156/6188/6189/6141/6223/6207/3921/6165/6194/6222/6129/6217/6176/6133/6210/6205/6229/6206/6168/6218/6124/6155/6138/6122/6134/6191/4736/6130/6193/6157/6125/6146/7323/6209/6230/6202/6201/6232/6235/25873/6169/6233"
"R-HSA-156902","Peptide chain elongation",75,-0.487707271605186,-1.59586336213197,0.00306481921465469,0.0164121975696006,0.0126945174571496,1160,"tags=69%, list=40%, signal=43%","6135/6187/6175/6142/6208/6228/6136/6128/6203/6139/6156/6188/6189/6141/6223/6207/3921/6165/6194/6222/6129/6217/6176/6133/6210/6205/6229/1938/6206/6168/6218/6124/6155/6138/6122/6134/6191/4736/6130/6193/6157/6125/6146/6209/6230/6202/6201/6232/6235/25873/6169/6233"
"R-HSA-186797","Signaling by PDGF",26,0.601191526661182,1.78464592016704,0.00347520403541023,0.0184681826500375,0.01428478216025,76,"tags=23%, list=3%, signal=23%","1293/1292/1289/1291/7057/5327"
"R-HSA-156842","Eukaryotic Translation Elongation",79,-0.476496774466836,-1.57790404184042,0.0034895682134325,0.0184681826500375,0.01428478216025,1160,"tags=66%, list=40%, signal=41%","6135/6187/6175/6142/6208/6228/6136/6128/6203/6139/6156/6188/6189/6141/6223/6207/3921/6165/6194/6222/6129/6217/6176/6133/6210/6205/6229/1938/6206/6168/6218/6124/6155/6138/6122/6134/6191/4736/6130/6193/6157/6125/6146/6209/6230/6202/6201/6232/6235/25873/6169/6233"
"R-HSA-9640148","Infection with Enterobacteria",19,0.648562026054966,1.79439075822878,0.00356889461387261,0.0187781954974111,0.0145245711029699,347,"tags=47%, list=12%, signal=42%","3913/1289/2335/3911/3915/3912/1284/3910/2633"
"R-HSA-372790","Signaling by GPCR",102,0.383063554334581,1.52821529314226,0.00361895006235363,0.018831774960015,0.0145660137812271,418,"tags=25%, list=14%, signal=22%","1889/1902/351/2335/3688/976/2150/9034/2778/5578/2357/1956/3838/10287/2149/3678/5573/3269/115/5532/3710/2768/7204/408/5528"
"R-HSA-597592","Post-translational protein modification",415,0.28148483670091,1.28360735852287,0.00362069485419073,0.018831774960015,0.0145660137812271,252,"tags=11%, list=9%, signal=12%","3913/8345/64856/3490/3491/334/4586/8337/723790/7057/4241/351/8334/983/2335/8294/8359/8360/8361/8362/8363/8364/8365/8366/8367/8368/8370/121504/554313/3018/4240/3371/3915/11098/7076/3956/84141/3912/5698/55854/7048/201475/11065/3486/5111/10020"
"R-HSA-2408557","Selenocysteine synthesis",74,-0.481663460579546,-1.57343860760731,0.00420971652897934,0.0217702483355789,0.0168388661159174,1160,"tags=69%, list=40%, signal=42%","6135/6187/6175/6142/6208/6228/6136/6128/6203/6139/6156/6188/6189/6141/6223/6207/3921/6165/6194/6222/6129/6217/6176/6133/6210/6205/6229/6206/6168/6218/6124/6155/6138/6122/6134/6191/4736/6130/6193/6157/6125/6146/6209/6230/6202/6201/6232/6235/25873/6169/6233"
"R-HSA-6791226","Major pathway of rRNA processing in the nucleolus and cytosol",74,-0.47941067486502,-1.56607948592174,0.00446797820033509,0.0229745469960412,0.0177703678422418,1160,"tags=69%, list=40%, signal=42%","6135/6187/6175/6142/6208/6228/6136/6128/6203/6139/6156/6188/6189/6141/6223/6207/3921/6165/6194/6222/6129/6217/6176/6133/6210/6205/6229/6206/6168/6218/6124/6155/6138/6122/6134/6191/4736/6130/6193/6157/6125/6146/6209/6230/6202/6201/6232/6235/25873/6169/6233"
"R-HSA-72764","Eukaryotic Translation Termination",77,-0.478972364230184,-1.57932113036955,0.00455308324086123,0.0231117935197457,0.0178765253743889,1164,"tags=69%, list=40%, signal=42%","327/6135/6187/6175/6142/6208/6228/6136/6128/6203/6139/6156/6188/6189/6141/6223/6207/3921/6165/6194/6222/6129/6217/6176/6133/6210/6205/6229/2107/6206/6168/6218/6124/6155/6138/6122/6134/6191/4736/6130/6193/6157/6125/6146/6209/6230/6202/6201/6232/6235/25873/6169/6233"
"R-HSA-192823","Viral mRNA Translation",74,-0.478854443331872,-1.5642624575593,0.00457128291716517,0.0231117935197457,0.0178765253743889,1160,"tags=69%, list=40%, signal=42%","6135/6187/6175/6142/6208/6228/6136/6128/6203/6139/6156/6188/6189/6141/6223/6207/3921/6165/6194/6222/6129/6217/6176/6133/6210/6205/6229/6206/6168/6218/6124/6155/6138/6122/6134/6191/4736/6130/6193/6157/6125/6146/6209/6230/6202/6201/6232/6235/25873/6169/6233"
"R-HSA-8868773","rRNA processing in the nucleus and cytosol",75,-0.477586511022539,-1.5627464660939,0.00455856724841088,0.0231117935197457,0.0178765253743889,1160,"tags=68%, list=40%, signal=42%","6135/6187/6175/6142/6208/6228/6136/6128/6203/6139/6156/6188/6189/6141/6223/6207/3921/6165/6194/6222/6129/6217/6176/6133/6210/6205/6229/6206/6168/6218/6124/6155/6138/6122/6134/6191/4736/6130/6193/6157/6125/6146/6209/6230/6202/6201/6232/6235/25873/6169/6233"
"R-HSA-1799339","SRP-dependent cotranslational protein targeting to membrane",88,-0.461737072605166,-1.56187980772225,0.00470952486212362,0.0236784444456771,0.0183148189082585,1160,"tags=65%, list=40%, signal=40%","6135/6187/6175/9789/6142/6208/6228/6136/6128/6203/6139/6156/6188/6189/6141/6223/6207/6731/3921/6165/6194/6222/6129/6217/6176/6133/6210/1650/6729/6205/6229/6206/6168/6218/6124/6155/6726/6138/6122/6134/6191/4736/6130/6193/6157/6125/6146/6209/6230/6202/6201/6232/6235/25873/6727/6169/6233"
"R-HSA-6798695","Neutrophil degranulation",249,-0.373416030724536,-1.40274382435244,0.00480094671655363,0.0240047335827682,0.01856719724634,553,"tags=33%, list=19%, signal=30%","5834/5912/4257/23191/4057/4893/23412/10092/26578/178/84418/5284/10533/302/4282/55313/966/8826/10097/2268/535/3303/3304/55754/5660/5329/23200/12/1729/3608/4860/823/6727/9545/51719/54509/6282/81619/5328/55276/353/23218/23317/2992/51382/6590/3728/7097/57153/221/23250/5777/93100/9798/6278/140885/29108/3417/2950/23593/3958/54472/64114/10043/4790/51806/80142/3240/10562/2444/3934/6279/2040/6280/2171/948/11240/6286/290/929/6317/4311/634"
"R-HSA-927802","Nonsense-Mediated Decay (NMD)",82,-0.466968682023168,-1.55577249118305,0.00499720206437236,0.0247129391708032,0.0191149805741019,1165,"tags=72%, list=40%, signal=44%","6147/5976/6161/2935/5518/6135/6187/6175/6142/6208/6228/6136/6128/6203/6139/6156/6188/6189/6141/6223/6207/3921/6165/6194/6222/6129/6217/6176/6133/6210/6205/6229/2107/6206/6168/6218/6124/6155/6138/6122/6134/6191/4736/6130/6193/9775/6157/6125/6146/6209/5520/6230/6202/6201/6232/6235/25873/6169/6233"
"R-HSA-975957","Nonsense Mediated Decay (NMD) enhanced by the Exon Junction Complex (EJC)",82,-0.466968682023168,-1.55577249118305,0.00499720206437236,0.0247129391708032,0.0191149805741019,1165,"tags=72%, list=40%, signal=44%","6147/5976/6161/2935/5518/6135/6187/6175/6142/6208/6228/6136/6128/6203/6139/6156/6188/6189/6141/6223/6207/3921/6165/6194/6222/6129/6217/6176/6133/6210/6205/6229/2107/6206/6168/6218/6124/6155/6138/6122/6134/6191/4736/6130/6193/9775/6157/6125/6146/6209/5520/6230/6202/6201/6232/6235/25873/6169/6233"
"R-HSA-9954714","PELO:HBS1L and ABCE1 dissociate a ribosome on a non-stop mRNA",75,-0.46952806235741,-1.53637781479622,0.00605638205227199,0.0297881834636204,0.023040583894513,1160,"tags=68%, list=40%, signal=42%","6135/6187/6175/6142/6208/6228/6136/6128/6203/6139/6156/6188/6189/6141/6223/6207/3921/6165/6194/6222/6129/6217/6176/6133/6210/6205/6229/6206/6168/6218/6124/6155/6138/6122/6134/6191/4736/6130/6193/6157/6125/6146/6209/6230/6202/6201/6232/6235/25873/6169/6233"
"R-HSA-975956","Nonsense Mediated Decay (NMD) independent of the Exon Junction Complex (EJC)",78,-0.464426318165668,-1.53744341573804,0.0068182059775891,0.033353926539017,0.0257986172124993,1160,"tags=72%, list=40%, signal=44%","6147/5976/6161/2935/6135/6187/6175/6142/6208/6228/6136/6128/6203/6139/6156/6188/6189/6141/6223/6207/3921/6165/6194/6222/6129/6217/6176/6133/6210/6205/6229/2107/6206/6168/6218/6124/6155/6138/6122/6134/6191/4736/6130/6193/6157/6125/6146/6209/6230/6202/6201/6232/6235/25873/6169/6233"
"R-HSA-72187","mRNA 3'-end processing",48,-0.528699094851009,-1.62075280581948,0.00705583588860965,0.0343308144042566,0.0265542210861653,818,"tags=56%, list=28%, signal=41%","7307/6426/84324/3181/9775/1660/6626/3185/6634/6628/23450/11338/3183/3184/3188/10236/7919/3192/1665/5500/79869/220988/3191/4670/27316/6233/6625"
"R-HSA-399955","SEMA3A-Plexin repulsion signaling by inhibiting Integrin adhesion",10,0.75124500889847,1.76054634376032,0.00717556989563136,0.0347266885323336,0.0268604220692083,391,"tags=50%, list=13%, signal=43%","8829/5361/7094/5362/6237"
"R-HSA-9668328","Sealing of the nuclear envelope (NE) by ESCRT-III",23,-0.632801842207045,-1.69346196924219,0.007296577021889,0.0350951829798275,0.0271454453987616,719,"tags=57%, list=25%, signal=43%","84617/10381/51652/100526767/92421/6683/7277/128866/27243/29082/27183/9798/25978"
"R-HSA-72203","Processing of Capped Intron-Containing Pre-mRNA",61,-0.495218866907939,-1.58223025117641,0.00732927025766563,0.0350951829798275,0.0271454453987616,835,"tags=52%, list=29%, signal=38%","7536/1977/7307/6426/84324/59286/3181/9775/1660/6626/3185/6634/6628/23450/11338/8480/3183/3184/3188/10236/7919/3192/5903/1665/5500/79869/220988/3191/4670/27316/6233/6625"
"R-HSA-446353","Cell-extracellular matrix interactions",14,0.680322133325582,1.75996722103762,0.00764444113825226,0.0364116801585173,0.0281637305093504,142,"tags=29%, list=5%, signal=27%","10979/2318/3688/2316"
"R-HSA-382551","Transport of small molecules",198,-0.379230556018585,-1.3927318223292,0.00838780309678311,0.0397432555109357,0.0307406396217182,357,"tags=20%, list=12%, signal=19%","6548/64078/2/563/10079/523/51382/51128/818/529/6233/57153/9114/9194/23250/6523/55144/9058/109/5205/9550/6522/54795/51599/133418/84239/51606/26154/3934/1193/2040/525/4645/9635/23120/6566/79689/22802/11254/760"
"R-HSA-375276","Peptide ligand-binding receptors",12,0.731845426495312,1.81498926060515,0.00866291683139973,0.040412060476375,0.0312579473297928,236,"tags=50%, list=8%, signal=46%","1889/351/2150/9034/2357/2149"
"R-HSA-168273","Influenza Viral RNA Transcription and Replication",81,-0.457119855925085,-1.52175944271953,0.00861623199135893,0.040412060476375,0.0312579473297928,1266,"tags=72%, list=44%, signal=42%","6147/6396/5611/6161/142/6135/6187/6175/6142/6208/6228/6136/6128/6203/6139/6156/6188/6189/6141/6223/6207/3921/6165/6194/6222/6129/6217/6176/6133/6210/6205/6229/6206/6168/6218/6124/6155/6138/6122/6134/6191/4736/6130/6193/6157/6125/6146/6209/6230/6202/6201/6232/6235/8480/25873/5903/6169/6233"
"R-HSA-72312","rRNA processing",76,-0.453519541103896,-1.49077537393576,0.00863990295836815,0.040412060476375,0.0312579473297928,1160,"tags=67%, list=40%, signal=41%","6135/6187/6175/6142/6208/6228/6136/6128/6203/6139/6156/6188/6189/6141/6223/6207/3921/6165/6194/6222/6129/6217/6176/6133/6210/6205/6229/6206/6168/6218/6124/6155/6138/6122/6134/6191/4736/6130/6193/6157/6125/6146/6209/6230/6202/6201/6232/6235/25873/6169/6233"
"R-HSA-2672351","Stimuli-sensing channels",17,-0.678965225516622,-1.68036548583309,0.00900630265170208,0.0415852239785223,0.0321653666132217,275,"tags=35%, list=9%, signal=32%","6233/54795/1193/2040/9635/22802"
"R-HSA-5689880","Ub-specific processing proteases",66,0.413726525585123,1.5026280274641,0.00898849227559728,0.0415852239785223,0.0321653666132217,105,"tags=8%, list=4%, signal=7%","8345/8337/723790/8334/3018"
"R-HSA-9615710","Late endosomal microautophagy",24,-0.609695470169434,-1.64728763655632,0.00917782715077347,0.0421620993474619,0.0326115685560479,583,"tags=58%, list=20%, signal=47%","51652/100526767/92421/55048/137492/128866/27243/29082/6233/7251/93343/51160/79720/25978"
"R-HSA-8953854","Metabolism of RNA",209,-0.374774117148869,-1.38327050511196,0.00944222225296255,0.0431576320148036,0.033381593823605,1174,"tags=54%, list=40%, signal=35%","6633/1653/5518/51637/6135/6187/9343/6175/6142/6208/6228/6136/6128/11047/6203/6139/5719/1656/6156/6188/6189/6141/6223/6207/3921/3178/6165/9861/6194/6222/3187/5704/6129/6217/6176/6133/6210/27339/6205/6229/51493/2107/6206/6168/6218/8106/6124/6155/6138/6122/7514/6134/7536/1977/6191/4736/7307/6426/84324/1207/6130/59286/7534/6193/55644/3181/9775/6157/1660/6125/85456/6146/6209/5520/9582/6626/3185/6634/6230/6202/6628/6201/23450/6232/11338/2058/3303/3304/6235/8125/8480/6418/3183/25873/3184/3188/10236/80349/7919/3192/5903/1665/5500/6169/79869/220988/3191/4670/27316/6233/6625/9125/3315"
"R-HSA-9633012","Response of EIF2AK4 (GCN2) to amino acid deficiency",78,-0.456779879390994,-1.51213053727241,0.0102016234308115,0.0463943176124846,0.0358851075455682,1160,"tags=65%, list=40%, signal=40%","6135/6187/6175/6142/6208/6228/6136/6128/6203/6139/6156/6188/6189/6141/6223/6207/3921/6165/6194/6222/6129/6217/6176/6133/6210/6205/6229/6206/6168/6218/6124/6155/6138/6122/6134/6191/4736/6130/6193/6157/6125/6146/6209/6230/6202/6201/6232/6235/25873/6169/6233"
