"SYMBOL","GR_score","rank_GR"
"FN1",1.57649767652669,1
"MARCKS",1.35185185185185,2
"UBA52",1.20973587711526,3
"ITGB1",1.20795446729483,4
"TGM1",1.10971352938184,5
"S100A16",1.05036493239572,6
"EGFR",1.0481729336039,7
"CD9",1.00672875518174,8
"SFN",1.00108377944609,9
"ENPP1",0.994497740453291,10
"CLTC",0.953813038607912,11
"ITGAV",0.945088157675621,12
"ICAM1",0.941377366946704,13
"ITGA2",0.937003022888279,14
"ITGB4",0.927316007438643,15
"ITGA5",0.923024944782376,16
"ITGB3",0.920074133436295,17
"S100A7",0.915486939973202,18
"MUC1",0.900777532769137,19
"ITGA3",0.897234799113415,20
"NT5E",0.880648905804916,21
"TSG101",0.865508182088891,22
"ITGA6",0.858795261000477,23
"ITGB6",0.853731478767078,24
"LAMC1",0.844268392311724,25
"H2AC20",0.835158156059919,26
"HLA-DRA",0.829066603706515,27
"BASP1",0.824074074074074,28
"MARCKSL1",0.824074074074074,29
"CD44",0.81689885951479,30
"DSG3",0.815805621931876,31
"PPL",0.804935815726126,32
"CANX",0.800184004419054,33
"HSPG2",0.790950263893014,34
"SERPINE1",0.788295499766222,35
"H2BC18",0.773069164059177,36
"B2M",0.772429910443858,37
"LAMA5",0.770155693328558,38
"FLNA",0.753713781467652,39
"S100A8",0.752783069662881,40
"HLA-A",0.752544948354119,41
"ANPEP",0.748715133309603,42
"SPRR1A",0.743626388597639,43
"S100A11",0.740034717417459,44
"RPS26",0.729058143900777,45
"MMP1",0.728931851727938,46
"S100A14",0.72414715200209,47
"TIMP1",0.720547399964695,48
"COL18A1",0.714103392947525,49
"DSP",0.711549619765973,50
"MFGE8",0.709761903361408,51
"TNC",0.704266143404471,52
"S100A9",0.698094896926992,53
"H2AZ2",0.690369898655019,54
"CHMP2A",0.688854870951758,55
"VPS4B",0.683643397873264,56
"CHMP1B",0.682864710251777,57
"MSLN",0.673830613014563,58
"RPL10",0.671797147630714,59
"EEF1B2",0.671192534950763,60
"MUC5AC",0.668350498749331,61
"CASP14",0.668074011085916,62
"SERPINB5",0.66416756729497,63
"NME1",0.663757390239142,64
"VIM",0.661774304975674,65
"PLAT",0.651566240766643,66
"CLTA",0.648438508322518,67
"H1-2",0.646351362509814,68
"AGRN",0.643764278928115,69
"GLUL",0.633008820312714,70
"CD276",0.632617374860223,71
"TYMP",0.626101225791164,72
"SLC2A1",0.617817522661025,73
"CLU",0.616895673947839,74
"H2AX",0.616792095233885,75
"EIF3H",0.615637770755858,76
"ATP1B1",0.614465449245542,77
"GNAS",0.608611468340892,78
"SDCBP2",0.608534247652986,79
"S100A2",0.604439716408734,80
"FABP5",0.604439716408734,81
"LGALS3BP",0.602943254347299,82
"ADGRE5",0.602011597880494,83
"ACTB",0.599766568581053,84
"UBE2D2",0.598956022012251,85
"IDH1",0.597777542928088,86
"PTGFRN",0.592123201146115,87
"ARHGDIB",0.591934061971649,88
"BAIAP2",0.591066356580235,89
"HSPB1",0.589498356143674,90
"ANXA6",0.588554620966525,91
"CDCP1",0.587465901497806,92
"TACSTD2",0.586952103587969,93
"MTPN",0.585426464194408,94
"CD109",0.584375836165413,95
"CA2",0.582851337676918,96
"H4C6",0.515509304522411,97
"ENO1",0.510273691610356,98
"CD59",0.47517478887036,99
"ANXA2",0.447858621683343,100
"H3C13",0.39530429626122,101
"CD81",0.395118867491767,102
"CLDN1",0.392732077408317,103
"THBS1",0.34871446506267,104
"ITGB5",0.322657098308753,105
"S100A10",0.314142401792451,106
"ANXA1",0.30361205958726,107
"PKP3",0.267769643683625,108
"HLA-B",0.256378860391156,109
"SPRR3",0.255584011107007,110
"HSPA5",0.253119477784815,111
"LAMB1",0.240982201620305,112
"NPM1",0.229897278271525,113
"PGM2",0.222698533402909,114
"EPHA2",0.221512125550224,115
"RAC2",0.221197424771559,116
"HSP90AB1",0.210597569868062,117
"JUP",0.207267651282099,118
"TLN1",0.202536772631358,119
"PDCD6IP",0.199699601695273,120
"EZR",0.197780089343022,121
"CD14",0.196282311617612,122
"CD58",0.195848221097303,123
"SPRR2B",0.191713064443885,124
"DSG2",0.188808707557468,125
"PLAU",0.185248340533111,126
"LGALS1",0.184914850258809,127
"CD151",0.184324728463691,128
"RACK1",0.183776465862677,129
"CAPZB",0.183092857247506,130
"EEF1A1",0.182205769844972,131
"CAPZA1",0.181255926331077,132
"RPS3",0.180378254590095,133
"RPL7A",0.179206577293621,134
"PVR",0.175405092592593,135
"RPSA",0.174803406291447,136
"RPS25",0.174803406291447,137
"ACTN1",0.170381726249,138
"LAMB2",0.16814280573843,139
"RHOA",0.167325143573748,140
"PNP",0.16713745584037,141
"GGT1",0.164248822628417,142
"VCL",0.15147617387222,143
"CHMP4B",0.141463662137412,144
"CHMP5",0.141463662137412,145
"CHMP1A",0.141146381094508,146
"VPS28",0.141146381094508,147
"VPS37B",0.134932787110474,148
"YBX1",0.131157832126968,149
"ATP1A1",0.128472222222222,150
"ATP1B3",0.128472222222222,151
"NAMPT",0.127526747801731,152
"F3",0.125328637573493,153
"ESAM",0.124760745563278,154
"PSCA",0.120412016742311,155
"RPL17",0.117542410021385,156
"RPL22",0.117542410021385,157
"ALDH9A1",0.11694637345679,158
"TMEM109",0.11694637345679,159
"EIF5A",0.11527960951327,160
"IST1",0.114938597016031,161
"VCP",0.11442577199296,162
"MVB12A",0.101930143394858,163
"GNB1",0.100373891314546,164
"SDC4",0.0988966708677508,165
"HSPA1B",0.0988847214325842,166
"SERPINB2",0.0931477659090442,167
"YWHAE",0.0928698660272844,168
"UGP2",0.0918131656529386,169
"GNG5",0.0906190377194813,170
"RAB35",0.08782879514547,171
"MAGED2",0.0872979161428592,172
"HMGN1",0.0860583096830821,173
"ARHGDIA",0.0836949032345176,174
"GIPC1",0.0803659108025972,175
"ACTR3",0.0803120348735026,176
"RHOC",0.0793155977519261,177
"S100A4",0.0789978136375126,178
"GPI",0.0784816417805699,179
"VAMP3",0.0771417476465247,180
"ACTR2",0.0766061931029903,181
"RHOG",0.0765610744361718,182
"NRP1",0.0725859525859862,183
"CD47",0.0698277343794486,184
"PGD",0.0693814147666581,185
"LMNA",0.0687960171056257,186
"TIMP3",0.0648834975781815,187
"MDH2",0.0640548098297756,188
"MSN",0.0627953538698018,189
"SLC16A3",0.0621216366659158,190
"LAMP1",0.0587064215731872,191
"SLC1A5",0.0582997662873502,192
"STOM",0.0582997662873502,193
"TPBG",0.0558887308012253,194
"PXDN",0.0551653918532805,195
"TUBB",0.0545011055638919,196
"MME",0.0529593143799384,197
"MCAM",0.0489636596600853,198
"IQGAP1",0.0449882303573323,199
"FERMT2",0.0426178888783281,200
"HSP90B1",0.0419216096995331,201
"CFL1",0.0413752880034337,202
"PFN1",0.0362901275476717,203
"SDCBP",0.035590907688282,204
"RDX",0.0354415248411627,205
"ANXA5",0.0328992769230009,206
"SEC13",0.0325871252912143,207
"F11R",0.0299158524659721,208
"SERPINB3",0.0265902896009741,209
"SERPINB4",0.0265902896009741,210
"CFL2",0.0263363246537807,211
"PSMC5",0.0246000452782738,212
"WDR1",0.023413010281635,213
"TGM2",0.0226816397295771,214
"PSMB2",0.0225633068125166,215
"RALA",0.0191040944696713,216
"MACROH2A1",0.0161329749842181,217
"CTNNA1",0.0159480409389274,218
"CLDN4",0.0144100168116384,219
"TWF1",0.0141514335011502,220
"TUBA1A",0.0138004790086194,221
"RAP1B",0.0137979034241425,222
"TKT",0.0129505985751791,223
"ARPC2",0.0126342444122052,224
"GSTP1",0.0118491927971483,225
"TUBB4B",0.0102011803121642,226
"CDC37",0.00999239251268372,227
"DCTN2",0.00959442347020087,228
"ADAM10",0.00923512809839894,229
"GNAI2",0.00888310717332991,230
"GSTO1",0.00826342352376885,231
"PATJ",0.00824839988426572,232
"PLXNA1",0.00767522776860935,233
"SLC9A3R1",0.00753014911875594,234
"HNRNPA2B1",0.00735514160146063,235
"TUBA4A",0.00702034226209566,236
"GDI2",0.0069430658538138,237
"CMPK1",0.00619111945767848,238
"SRM",0.00613112761287912,239
"TSPAN14",0.00586520256580876,240
"CLIC1",0.0053268444699377,241
"SH3BGRL",0.00496114006043435,242
"EPS8L2",0.00488210040032435,243
"MYL6",0.00462304362389837,244
"ARPC4",0.00454801016329419,245
"HNRNPK",0.00436228062287947,246
"BROX",0.00414883920346151,247
"TAX1BP3",0.00390502117855314,248
"KPNB1",0.00377469968727568,249
"SPCS2",0.0033764244670077,250
"RAB8A",0.00293801160586333,251
"HNRNPH1",0.00281986704316406,252
"HDGF",0.00267626092884538,253
"TUBA1B",0.00266057993321499,254
"TUBA1C",0.00261287421565023,255
"PARK7",0.00257510124745296,256
"NAPA",0.0021985260712395,257
"VAMP8",0.0021985260712395,258
"TAGLN2",0.00212232225657748,259
"PPP2R1A",0.00178117138551535,260
"MYO1D",0.0017030982374164,261
"CAPN1",0.00133173029027808,262
"FMNL1",0.00112967848014904,263
"RRAS",0.00104227723980928,264
"SH3BGRL3",0.000212128355666465,265
"GLRX",0.000176826131687243,266
"DPYSL2",0.000124727115326709,267
"KPNA2",9.94018754351551e-05,268
"RAB1A",8.28946430798282e-05,269
"RAB1B",8.28946430798282e-05,270
"RAB6A",8.28946430798282e-05,271
"RAB11B",6.14611725722837e-05,272
"IPO5",4.63066733866519e-05,273
"RANBP1",4.63066733866519e-05,274
"PRDX5",3.86876496657667e-05,275
"SOD2",3.86876496657667e-05,276
"PPP2R5D",3.50657227686085e-05,277
"ARF4",2.14334705075446e-05,278
"EHD1",2.14334705075446e-05,279
"ACSL4",0,280
"DDAH2",0,281
"HARS1",0,282
"MAL2",0,283
"MT1E",0,284
"FASN",0,285
"EPB41L2",0,286
"RAB27B",0,287
"EHD4",0,288
"WARS1",0,289
"TPD52L2",0,290
"MT1X",0,291
