"UNIPROT","Symbol","CDS","rank_AHPCDS","rank_FConly","rank_Centralityonly","rank_AHP","rank_baseline_LOCO","delta_r_no_fc","C_FC","C_Deg"
"P02751","FN1",0.978975684315516,1,2,1,1,1,0,0.507494697834068,0.241860928031141
"P08670","VIM",0.809089606966924,2,1,61,2,27,25,0.51811385853939,0.0902417708649226
"P07996","THBS1",0.737744152839176,3,5,16,3,23,20,0.435934730874373,0.184924709777483
"P39060","COL18A1",0.729174179799108,4,8,33,4,21,17,0.42609339908196,0.132201804779806
"P17301","ITGA2",0.722385128492281,5,14,12,5,8,3,0.337912952513023,0.193145725169017
"P03956","MMP1",0.721623838788613,6,7,46,6,25,19,0.427355675669605,0.113872436507315
"P01033","TIMP1",0.714652204030212,7,9,47,7,24,17,0.419726647965137,0.113872436507315
"P22735","TGM1",0.71420451672406,8,6,74,8,28,20,0.429760537574288,0.0752655865261486
"P01903","HLA-DRA",0.706746363421681,9,3,62,9,45,36,0.46267439989448,0.0902417708649226
"P05556","ITGB1",0.70205709626444,10,34,2,10,2,-8,0.251368116528136,0.239670355554043
"P21333","FLNA",0.683661499805706,11,24,7,11,7,-4,0.295549734200499,0.200618292560347
"P35321","SPRR1A",0.679994476921219,12,10,91,12,38,26,0.419082012765879,0.0569362182536576
"P26006","ITGA3",0.661588992835954,13,30,9,13,5,-8,0.268272813492304,0.196966953672337
"P05106","ITGB3",0.656796987883046,14,32,5,14,4,-10,0.257726202690102,0.207467391305955
"P18084","ITGB5",0.645354062485573,15,15,13,15,17,2,0.333212016345539,0.193145725169017
"P00533","EGFR",0.636973872422697,16,46,3,16,3,-13,0.223091261509476,0.22774487301463
"Q99816","TSG101",0.596801877224544,17,43,25,17,13,-4,0.233125036184282,0.159840172557752
"P29317","EPHA2",0.592379037680129,18,13,54,18,43,25,0.344846718885935,0.102903954304094
"P05362","ICAM1",0.588787865810044,19,47,18,19,10,-9,0.212506520650463,0.175788458179487
"O75874","IDH1",0.576765751874022,20,22,92,20,35,15,0.313374085866898,0.0569362182536576
"Q5JWF2","GNAS",0.576682374263628,21,23,63,21,32,11,0.301178753267143,0.0902417708649226
"P09382","LGALS1",0.568167893870637,22,4,93,22,109,87,0.446660407764362,0.0569362182536576
"O75351","VPS4B",0.566091540553389,23,16,48,23,48,25,0.329891596734602,0.113872436507315
"O60437","PPL",0.552048862436638,24,21,94,24,50,26,0.319966999790318,0.0569362182536576
"P43121","MCAM",0.551148148775563,25,11,95,25,75,50,0.380693069090576,0.0569362182536576
"P08648","ITGA5",0.547111268838024,26,64,6,26,9,-17,0.163706071642999,0.204114207372238
"O15230","LAMA5",0.546218578525598,27,40,23,27,20,-7,0.241891434430592,0.165507357391071
"P06756","ITGAV",0.545433361879978,28,56,8,28,12,-16,0.179667115738959,0.200618292560347
"O43633","CHMP2A",0.53348547008301,29,26,39,29,41,12,0.282738204740157,0.123547323476188
"P16144","ITGB4",0.52152758453867,30,72,10,30,11,-19,0.148742072712474,0.196966953672337
"P06748","NPM1",0.516598720077732,31,27,34,31,47,16,0.276508392070238,0.132201804779806
"P16070","CD44",0.512378301340016,32,84,4,32,6,-26,0.12237214130936,0.225136984145995
"P24821","TNC",0.50673983928612,33,44,35,33,33,0,0.23228695610482,0.132201804779806
"P05121","SERPINE1",0.506455540628901,34,37,49,34,39,5,0.246792762544857,0.113872436507315
"P98088","MUC5AC",0.497035836319598,35,18,108,35,77,42,0.327131299464401,0.0333055526112651
"P11047","LAMC1",0.491740371928678,36,63,19,36,15,-21,0.164793513570147,0.175788458179487
"Q92626","PXDN",0.483128750159886,37,31,64,37,53,16,0.261517662450499,0.0902417708649226
"P31431","SDC4",0.474641222368478,38,25,65,38,71,33,0.295058992981699,0.0902417708649226
"P62987","UBA52",0.464555102854168,39,66,40,39,22,-17,0.162452767079965,0.123547323476188
"P31944","CASP14",0.462543651452489,40,20,126,40,99,59,0.320047124688682,0
"P20020","ATP2B1",0.461045774124306,41,12,127,41,113,72,0.347370201475015,0
"P55268","LAMB2",0.45697376650156,42,39,26,42,57,15,0.243687915502514,0.153752825172927
"Q9Y490","TLN1",0.452232790275336,43,75,14,43,18,-25,0.141415022333196,0.193145725169017
"O00468","AGRN",0.451330877873833,44,38,75,44,62,18,0.244215910271358,0.0752655865261486
"P27824","CANX",0.447110523690385,45,77,30,45,19,-26,0.136981653584222,0.140030735418679
"P61224","RAP1B",0.444169024179754,46,19,96,46,106,60,0.320266714329172,0.0569362182536576
"P00750","PLAT",0.444163955828847,47,35,97,47,68,21,0.249457157029502,0.0569362182536576
"P98160","HSPG2",0.440618691341451,48,67,31,48,30,-18,0.161546598379085,0.140030735418679
"P15153","RAC2",0.439307975345864,49,28,55,49,81,32,0.274259484721256,0.102903954304094
"P09211","GSTP1",0.437586063156865,50,17,128,50,118,68,0.328967896829402,0
"P23229","ITGA6",0.42997600247738,51,87,17,51,16,-35,0.108139722290014,0.184924709777483
"P62837","UBE2D2",0.418839470361484,52,29,129,52,95,43,0.271942204826377,0
"P48509","CD151",0.417472766239313,53,71,36,53,36,-17,0.154290407168575,0.132201804779806
"Q9H9H4","VPS37B",0.414117198586334,54,41,41,54,72,18,0.23994799438839,0.123547323476188
"Q16555","DPYSL2",0.409425857405072,55,33,109,55,91,36,0.253753686854447,0.0333055526112651
"P08238","HSP90AB1",0.408475184405127,56,106,15,56,14,-42,0.0649240431115833,0.189138023033464
"Q00610","CLTC",0.407907121349621,57,83,56,57,29,-28,0.124486945565038,0.102903954304094
"Q08431","MFGE8",0.405119315556215,58,54,66,58,54,-4,0.184671077301908,0.0902417708649226
"P08758","ANXA5",0.399306911785883,59,52,67,59,66,7,0.201854037874752,0.0902417708649226
"P14923","JUP",0.396497502680985,60,61,76,60,52,-8,0.170621388780564,0.0752655865261486
"P61769","B2M",0.39428386942337,61,57,77,61,55,-6,0.175564405160769,0.0752655865261486
"P11021","HSPA5",0.391938859454663,62,78,42,62,40,-22,0.135363145039811,0.123547323476188
"P04439","HLA-A",0.381093974338809,63,60,78,63,60,-3,0.172531570474087,0.0752655865261486
"Q15836","VAMP3",0.373449791225463,64,74,79,64,51,-13,0.145578354964896,0.0752655865261486
"Q9UIW2","PLXNA1",0.369554290643732,65,51,80,65,79,14,0.202475907406859,0.0752655865261486
"Q08380","LGALS3BP",0.364387069610179,66,50,110,66,83,17,0.202504040388392,0.0333055526112651
"Q96AC1","FERMT2",0.355014207727826,67,45,68,67,107,40,0.231623296949259,0.0902417708649226
"P49721","PSMB2",0.349511935848056,68,70,81,68,69,1,0.155253777048496,0.0752655865261486
"O14786","NRP1",0.347827154534689,69,49,98,69,102,33,0.208737087534014,0.0569362182536576
"P30044","PRDX5",0.346345480374752,70,58,99,70,74,4,0.175141029160934,0.0569362182536576
"P35625","TIMP3",0.344090555214981,71,42,111,71,117,46,0.234318132040201,0.0333055526112651
"Q03135","CAV1",0.341914446277791,72,86,20,72,49,-23,0.108235403191032,0.175788458179487
"P61586","RHOA",0.337948380937928,73,119,11,73,26,-47,0.0438284544301796,0.196966953672337
"Q96AP7","ESAM",0.334734233976053,74,36,130,74,125,51,0.24713015170286,0
"Q9H444","CHMP4B",0.331076705739624,75,59,43,75,88,13,0.174296109107079,0.123547323476188
"P23528","CFL1",0.329259820976439,76,107,28,76,34,-42,0.062528704026143,0.14717798911858
"Q9UK41","VPS28",0.325979242021406,77,80,44,77,67,-10,0.128594433979935,0.123547323476188
"P61006","RAB8A",0.322859808138678,78,99,50,78,46,-32,0.081748605236645,0.113872436507315
"Q96EY5","MVB12A",0.315502714799432,79,69,51,79,86,7,0.15632492832235,0.113872436507315
"P55072","VCP",0.312895969102562,80,125,24,80,31,-49,0.0347165693480161,0.165507357391071
"Q9NZZ3","CHMP5",0.312009765786278,81,62,45,81,97,16,0.168383500516919,0.123547323476188
"P04179","SOD2",0.306401105200697,82,73,100,82,85,3,0.147017692036751,0.0569362182536576
"P54920","NAPA",0.304288904811605,83,48,131,83,122,39,0.212345499516818,0
"P11233","RALA",0.301680887990263,84,94,82,84,59,-25,0.0902324345463871,0.0752655865261486
"Q9UQN3","CHMP2B",0.300529420676099,85,81,37,85,73,-12,0.126811289027743,0.132201804779806
"P14625","HSP90B1",0.300100141252356,86,98,52,86,56,-30,0.0821234844392533,0.113872436507315
"P60033","CD81",0.298644685873753,87,124,27,87,37,-50,0.0358808953505542,0.153752825172927
"P07942","LAMB1",0.297772545029689,88,96,21,88,58,-30,0.0853146583730747,0.170808654760973
"P01889","HLA-B",0.296910967925403,89,79,83,89,82,-7,0.133758815828537,0.0752655865261486
"P26038","MSN",0.296198499290697,90,118,29,90,42,-48,0.0477503258513363,0.14717798911858
"P09496","CLTA",0.296146221864843,91,55,132,91,115,24,0.183926417824334,0
"P05026","ATP1B1",0.285797725561108,92,68,133,92,105,13,0.156919951437913,0
"P08134","RHOC",0.284477526861313,93,100,57,93,64,-29,0.0805734494751369,0.102903954304094
"P07737","PFN1",0.268651534923314,94,108,38,94,61,-33,0.0614071673276009,0.132201804779806
"P18206","VCL",0.257422344725203,95,138,22,95,44,-51,0.0114297812240447,0.170808654760973
"Q14738","PPP2R5D",0.255542208052818,96,53,134,96,134,38,0.197720567102494,0
"P62195","PSMC5",0.251888427001484,97,97,84,97,78,-19,0.0833025793514212,0.0752655865261486
"P10301","RRAS",0.244924746531982,98,93,112,98,94,-4,0.0942217751383367,0.0333055526112651
"P67809","YBX1",0.242918677644372,99,111,85,99,70,-29,0.0556801879715445,0.0752655865261486
"Q9Y446","PKP3",0.240106453783401,100,76,113,100,120,20,0.140885074081701,0.0333055526112651
"Q16543","CDC37",0.234810681617036,101,82,101,101,116,15,0.124888741064648,0.0569362182536576
"P68104","EEF1A1",0.231133410783271,102,126,58,102,65,-37,0.0307545769676603,0.102903954304094
"P22626","HNRNPA2B1",0.2307362315105,103,95,86,103,98,-5,0.088030489342579,0.0752655865261486
"P52209","PGD",0.230160831479767,104,92,114,104,104,0,0.0997332686553339,0.0333055526112651
"O15427","SLC16A3",0.223140141516886,105,90,115,105,110,5,0.102230506632428,0.0333055526112651
"P13726","F3",0.221631689702862,106,109,69,106,80,-26,0.0564890193172278,0.0902417708649226
"P10599","TXN",0.21979369678697,107,115,59,107,76,-31,0.0496602858751768,0.102903954304094
"Q9UBC9","SPRR3",0.216491096841056,108,101,102,108,101,-7,0.0765071770858665,0.0569362182536576
"P63241","EIF5A",0.210168394772456,109,88,116,109,119,10,0.106333593411738,0.0333055526112651
"P35613","BSG",0.20735609069312,110,141,32,110,63,-47,0.00152308810381422,0.140030735418679
"Q15758","SLC1A5",0.205033655490708,111,85,135,111,124,13,0.116400768217699,0
"Q08722","CD47",0.203889666986499,112,114,53,112,92,-20,0.0518753830245582,0.113872436507315
"P52565","ARHGDIA",0.199664373019932,113,121,70,113,84,-29,0.040095498384981,0.0902417708649226
"Q9H0U4","RAB1B",0.197500429743049,114,110,87,114,100,-14,0.0561629799007407,0.0752655865261486
"Q99497","PARK7",0.188107646964666,115,127,88,115,87,-28,0.0298798047947328,0.0752655865261486
"P19256","CD58",0.184187835870295,116,65,136,116,140.5,24.5,0.163167558753866,0
"P35326","SPRR2A",0.183119938586433,117,89,117,117,128,11,0.104412641756145,0.0333055526112651
"Q15907","RAB11B",0.179210542841499,118,105,118,118,114,-4,0.065658761739942,0.0333055526112651
"P62873","GNB1",0.178325008881888,119,130,71,119,93,-26,0.0274323268724247,0.0902417708649226
"P63218","GNG5",0.174968376447018,120,129,89,120,96,-24,0.029324943303804,0.0752655865261486
"P62820","RAB1A",0.173513833334616,121,134,72,121,89,-32,0.0167998807708419,0.0902417708649226
"P62258","YWHAE",0.165927476424374,122,140,73,122,90,-32,0.0096218552632831,0.0902417708649226
"P20340","RAB6A",0.164037919567544,123,102,103,123,123,0,0.0744200969191435,0.0569362182536576
"P08195","SLC3A2",0.163803773586942,124,117,104,124,111,-13,0.0478607561360142,0.0569362182536576
"P30153","PPP2R1A",0.147677591043969,125,131,105,125,108,-17,0.0244399107714108,0.0569362182536576
"P06753","TPM3",0.139073000297812,126,112,106,126,126,0,0.0545209290471556,0.0569362182536576
"P35579","MYH9",0.137466104467731,127,143,60,127,103,-24,0,0.102903954304094
"O75083","WDR1",0.132068079400109,128,133,90,128,112,-16,0.0171596317797498,0.0752655865261486
"P52292","KPNA2",0.12706772142229,129,91,137,129,139,10,0.102063724011821,0
"Q9H4M9","EHD1",0.114730192810749,130,116,138,130,131,1,0.0490968162477292,0
"P18085","ARF4",0.111078734160188,131,120,119,131,129,-2,0.0420426809720292,0.0333055526112651
"Q14974","KPNB1",0.110854695817712,132,136,120,132,121,-11,0.0144188858905487,0.0333055526112651
"P07384","CAPN1",0.110773480913451,133,113,139,133,133,0,0.0528759949277418,0
"Q15005","SPCS2",0.110035018085821,134,104,140,134,138,4,0.0683241682397328,0
"P84095","RHOG",0.109558352418863,135,128,121,135,127,-8,0.0296978566076994,0.0333055526112651
"Q9UNF1","MAGED2",0.0934869613708367,136,103,141,136,140.5,4.5,0.072466684254408,0
"P37802","TAGLN2",0.0883492222463071,137,123,122,137,136,-1,0.0366473083927172,0.0333055526112651
"Q99436","PSMB7",0.0783631806732929,138,139,107,138,130,-8,0.0102750285085158,0.0569362182536576
"P04899","GNAI2",0.0750023634566816,139,135,123,139,132,-7,0.0144437009189788,0.0333055526112651
"P31943","HNRNPH1",0.0677391222858827,140,132,124,140,137,-3,0.0197599418610456,0.0333055526112651
"P31946","YWHAB",0.0547312975114514,141,142,125,141,135,-6,0.0015020946269735,0.0333055526112651
"O60664","PLIN3",0.0436813271875215,142,122,142,142,143,1,0.0399567786242442,0
"P29401","TKT",0.0334540983146779,143,137,143,143,142,-1,0.0132137795952489,0
