"pathway_name","n_proteins","n_up","n_down","n_sig","pct_same_dir"
"Homo sapiens: Attachment and Entry",2,2,0,1,100
"Homo sapiens: Defective B3GALT6 causes EDSP2 and SEMDJL1",1,1,0,1,100
"Homo sapiens: Defective B3GAT3 causes JDSSDHD",1,1,0,1,100
"Homo sapiens: Defective B4GALT7 causes EDS, progeroid type",1,1,0,1,100
"Homo sapiens: Defective EXT1 causes exostoses 1, TRPS2 and CHDS",1,1,0,1,100
"Homo sapiens: Defective EXT2 causes exostoses 2",1,1,0,1,100
"Homo sapiens: Diseases associated with glycosaminoglycan metabolism",1,1,0,1,100
"Homo sapiens: Formation of the dystrophin-glycoprotein complex (DGC)",6,6,0,6,100
"Homo sapiens: Glycosaminoglycan-protein linkage region biosynthesis",1,1,0,1,100
"Homo sapiens: HS-GAG biosynthesis",1,1,0,1,100
"Homo sapiens: HS-GAG degradation",1,1,0,1,100
"Homo sapiens: Heparan sulfate/heparin (HS-GAG) metabolism",1,1,0,1,100
"Homo sapiens: Metabolism of fat-soluble vitamins",2,2,0,1,100
"Homo sapiens: NCAM1 interactions",5,5,0,5,100
"Homo sapiens: Retinoid metabolism and transport",2,2,0,1,100
"Homo sapiens: ECM proteoglycans",19,18,1,18,94.7
"Homo sapiens: Non-integrin membrane-ECM interactions",17,16,1,15,94.1
"Homo sapiens: Integrin cell surface interactions",22,20,2,17,90.9
"Homo sapiens: Extracellular matrix organization",42,38,4,36,90.5
"Homo sapiens: Visual phototransduction",4,3,1,2,75
"Homo sapiens: NCAM signaling for neurite out-growth",7,5,2,5,71.4
"Homo sapiens: Glycosaminoglycan metabolism",3,2,1,3,66.7
"Homo sapiens: Diseases of glycosylation",8,5,3,8,62.5
"Homo sapiens: Respiratory syncytial virus (RSV) attachment and entry",5,3,2,4,60
"Homo sapiens: Sensory Perception",7,4,3,4,57.1
"Homo sapiens: Metabolism of vitamins and cofactors",6,3,3,3,50
"Homo sapiens: RSV-host interactions",6,3,3,5,50
"Homo sapiens: Respiratory Syncytial Virus Infection Pathway",11,5,6,8,45.5
"Homo sapiens: Early SARS-CoV-2 Infection Events",10,4,6,6,40
"Homo sapiens: Diseases of metabolism",13,5,8,13,38.5
"Homo sapiens: Developmental Biology",176,54,122,87,30.7
"Homo sapiens: Dengue Virus-Host Interactions",43,12,31,22,27.9
"Homo sapiens: Nervous system development",112,31,81,34,27.7
"Homo sapiens: Dengue Virus Infection",55,15,40,28,27.3
"Homo sapiens: Axon guidance",111,30,81,33,27
"Homo sapiens: Disease",240,62,178,121,25.8
"Homo sapiens: Dengue Virus Attachment and Entry",4,1,3,2,25
"Homo sapiens: Infectious disease",201,43,158,91,21.4
"Homo sapiens: Metabolism of carbohydrates and carbohydrate derivatives",16,3,13,9,18.8
"Homo sapiens: SARS-CoV Infections",60,11,49,21,18.3
"Homo sapiens: SARS-CoV-2 Infection",51,9,42,17,17.6
"Homo sapiens: Viral Infection Pathways",160,28,132,69,17.5
"Homo sapiens: Metabolism",101,15,86,32,14.9
