"","Normal_count","Tumor_count","Pattern"
"P10398;A0A024R178;Q96II5;A0A0S2Z3F2;B4DV85;Q59HC8;B4DMG5",5,0,"Normal_only_5v0"
"B2RC75;A0A0G2JMP8;A0A0G2JMM6;A0A087WVI4;Q7Z404;A0A140VJX7;A0A0G2JPL6;A0A0G2JP95;A0A087WT65;A0A0G2JNC6;C9JFU4",0,5,"Tumor_only_5v0"
"O15020;A0A087WYQ1;A4QPE4",0,5,"Tumor_only_5v0"
"O94813;A0A087WYV5;X6R3P0;B3KNE2;H0Y9Z6;H0Y968;E9PCX4;F5H0U4",5,0,"Normal_only_5v0"
"Q8IYJ3;A0A087X1N4;A8KAH3;Q8N880;Q8TEH0",0,5,"Tumor_only_5v0"
"Q6PIU2;A0A0A0MTJ9;H7C046",5,0,"Normal_only_5v0"
"P00738;A0A0C4DGL8;J3QR68;H0Y300;Q6NSB4;P00739;Q6PEJ8;B3KP77;J3QLC9;Q14552;J3KTC3;H3BS21",0,5,"Tumor_only_5v0"
"Q5SSG8;A0A0C4DGM6;A0A140TA51;A0A0G2JMC4;B4DWR2;B7ZAP8;A0A140TA38;A0A0G2JJF7;A0A0G2JHX4;A0A0G2JKD1;A0A140T8X8;B4DRX4",0,5,"Tumor_only_5v0"
"P01903;B0UXD8;A0A1V0E3V4;A0A0G2JMH6;A0A0G2JH46;Q30118;B4DVL4;Q7YPT8;Q59GE3;B4DLJ8;B4DW37;B4E2U4;Q67AF0;A0A346MPT6;Q08AS3;Q08AS4;Q67AF5;Q30085;A0A896YBD6;A0A5P8NK25;A0A7D7L7R7;A0A2K9UYT9;Q29885;A0A8E4NGV0;Q67AF3;Q67AF6;Q67AF2;A0A5P8NFL4;L8EB08;A0A8G0VL53;B7ZW51;A0A7G8KPP6;I7L1P1;Q67AE8;Q76NI6;A0A8F5FTG8;A0A346ASF5;A0A345F7E0;A0A345F7D7;A0A8F7GNE3;A0A4Y5R8Q2;A0A1W2HC18;A0A5P8NFE2;A0A1U9X7T6;A0A1U9X7S6;A0A140TA34;A0A0U4C4L3;L8E864;A0A7D3V690;A0A6H1PSA9;A0A649ZUV0;Q29882;Q2LIQ8;Q2LIR1;A0A5J6D2Z6;Q5Y7C3;A0A482LU68;Q30069;O19697;Q5Y7H0;A0A0F6R8Y9;A0A6B7IAL1;Q67AG4;O19704;Q67AG3;Q67AG2;Q67AG1;A0A6B7HFD7;A0A5H2UEZ6;A0A1W2PP70;A0A6B7HG10;A0A3S6RHR1;A0A6B7HHG1;A0A6B7HFM0;A0A650AP24;H6X377;A0A7T8GE76;A0A7T8GDZ4;A0A4Y5QRV8;A0A6M8DQ68;A0A6G8IQY1;A0A6B7IC72;Q861G0;A0A6G8IQL3;P01906;A0A6B7HHD8;Q67AF4;Q67AG5;A0A6B7HG83;Q67AF7;Q67AF1;Q67AF8;Q67AF9;A0A4P8NGF6;Q67AG0;A0A5A4LJP2;A0A858B8H4;A0A5A4LKR4;A0A6B7IDI5;A0A8E4J4A3;Q67AC5;Q67AC6;Q67AC7;Q67AE3;Q67AE6;Q67AE5;A0A678ZWG2;Q67AE7;A0A678ZWF7;Q67AG6;Q67AE4;A0A6B7G4C3;A0A1U9X7T9;Q67AE9",5,0,"Normal_only_5v0"
"Q6ZUM4;E9PIR1;A0A0G2JRG8;A0A0G2JNY3;A0A0C4DGE6;E9PNX6;E9PNT2;A0A8I5KVA8;B7Z6T0;A0A0G2JP16",0,5,"Tumor_only_5v0"
"P01008;A0A0K0Q2Z1;A0A2S0BDD1;Q8TCE1;A0A3S8NFS6;A0A3Q8Q4D0;A0A2U8KGL5;Q8IZZ8",0,5,"Tumor_only_5v0"
"P00813;F5GWI4;A0A8Q3WKY2;A0A8Q3SIG8;A0A8Q3WM84;A0A8Q3SI46;A0A8Q3SIC0;A0A8Q3WKZ4;A0A8Q3SIC7;A0A8Q3SIA9;A0A8Q3SIH0;A0A8Q3WKZ9;X5D767;A0A0S2Z381;A0A8Q3WL01;A0A8Q3SJ63;A0A8Q3WM09;A0A8Q3WKZ5;A0A8Q3WKZ6;A0A8Q3WKZ1;F5GXW0;A0A8Q3SI69;A0A8Q3WKX8;A0A8Q3WLK2;A0A8Q3WKW4;A0A8Q3SJ50;A0A8Q3SI64;A0A0S2Z3B9;A0A8Q3WL06;A0A0S2Z3T6;A0A8Q3WLJ0;A0A8Q3WM58;A0A8Q3WKX5",0,5,"Tumor_only_5v0"
"P25942;A0A0S2Z3C7;A0A0S2Z349;A0A8Q3WKP3;A0A8Q3SI60;Q09LL4;Q6P2H9;A0A087X1D0;H0YE23",5,0,"Normal_only_5v0"
"Q99933;A0A0S2Z3K4;J3QTA2;F1LLU6;A0A0S2Z3F5",0,5,"Tumor_only_5v0"
"Q99714;A0A0S2Z410;A0A804HHW5;Q5H928;A0A0S2Z434",5,0,"Normal_only_5v0"
"P12277;V9HWH2;V9HW77;A0A0S2Z471;B4DP56;G3V4N7;G3V461;H0YJG0",5,0,"Normal_only_5v0"
"O60603;B3KWR9;A0A0S2Z4S4;K9MV98;A0A0S2Z4L7;A0A2R8Y4N9;D2JYJ1;D2JYJ0;D2JYJ4;D2JYJ3;D2JYJ2;C6KIA9;C6KIA6",0,5,"Tumor_only_5v0"
"A0A0S4XRK4;A0A6B7HFQ5;A0A7R9KAW1;A0A6B7HGP1;A0A0U5Q0A7;A0A2U3QLJ8;E5FQ49;D5H3T1;A0A4P6N0H4;A0A4P9D212;A0A5H2USY9;A0A649XVV9;A0A7U3K2F4;A0A7S5GRP8;A0A159AYQ3;A0A6C0SHE8;A0A3S6RF51;C5IWY8;A0A6B9KNQ2;A0A678ZVS0;A0A5H2UTD1;Q8MHN8;A0A2U3QLI7;A0A6B7HHS8;A0A455JVC5;Q8MHP7;A0A1M4NF67;A0A2D1WBC6;D3YLL2;X2J3V4;W8YM39;E9ABI2;I2GAD7;Q75NJ3;A0A583ZB57;C8ZLL1;A0A346HFZ6;D7GN81;A0A4V0NP53;E3Q1L4;I6Z8E6;Q6L6P9;A0A1S5UX46;D2KZ30;B1B727;B1Q4R7;F6IQT6;A0A0U5Q0C2;I1VXL9;A0A286R104;U5YKE3;Q4W6C5;I3VB20;H2D5G1;D7GN80;A0A1W1B640;A0A7T8G1R2;A0A2P9FIL8;A0A8F7CGG9;A0A858B812;A0N0E2;Q8MGT5;A0A649WAY7;A0A6B9VS25;A0A5H2UTC5;A0A7U3K2F9;A0A2I6J4C7;A0A5A4LJC8;A0A4D6NZ34;A0A3S6RFC1;A0A678ZM30;A0A6B7HGI4;A0A6C0SDM4;A0A7T4WRR9;A0A678ZZ45;A0A858LKI8;B6E278;A0A0U2S4I2;A0A1D8MAN2;A0A0U2XL24;A0A5H2UFB6;A0A6B7FUZ1;A0A7L4X6X5;A0A678ZMU7;A0A5H2UUD6;A0A5H2UI33;A0A3G5BD33;A0A142J248;Q9MY98;D2DKV6;B5TM11;Q95IZ1;Q1HHB9;R9RI97;Q5MD70;O46852;C1KJK7;A0A1T4J273;G0X8Q0;T1WF44;A0A288QES5;Q9UQT7;V6BQS2;A0A5H2UUU7;A0A1C8DS91;B6DZR3;B8YCR5;D5FHG3;A2BCQ4;F6IB65;A0A0A7V3H7;D2XUR3;Q7YNX8;Q45FD6;Q861A8;Q7YP22;A0A0A7C8V2;A1E127;B6DX29;F2VP62;H9C3I8;M9P977;D6MJG3;G9HRN7;G1EP24;Q7YNY1;B2ZES7;Q30176;M9P8Y5;Q8SNB2;G1EP25;A0A0A7UZB1;A0A060VG38;U5YEJ8;M9P9B8;A0A186VNI2;Q95J08;Q9TQK6;Q95J09;A0A0X7YTT3;A0A1S5QQR9;Q95J04;A0A1S5QQS3;F8R129;G0X8R1;A0A2U7NMY0;D5L9A6;U5YBQ1;A0A288QER7;U5YEL4;A0A1S5QQS1",0,5,"Tumor_only_5v0"
"Q15057;A0A0U1RQT1;H7C3K3;C9J8L1",0,5,"Tumor_only_5v0"
"P32970;A0A0U5JA32;M0QZW2",0,5,"Tumor_only_5v0"
"Q96CX2;A0A140VJM4;B3KY04",5,0,"Normal_only_5v0"
"Q9BU68;A0A140VJT1",0,5,"Tumor_only_5v0"
"P08294;A0A140VJU8;B2R9V7;Q16867;M0R1V4",5,0,"Normal_only_5v0"
"Q9UGT4;A0A140VJW3",0,5,"Tumor_only_5v0"
"Q14195;Q8IXW6;Q6DEN2;A0A140VK07;H0YBT4;D6RF19;B4DLZ4",0,5,"Tumor_only_5v0"
"Q8NDI1;A8K930;A0A140VK17;B5MC86;C9K0H9;C9IYU2;B3KM32;C9J268;H7C1E6;H7BZ98",5,0,"Normal_only_5v0"
"A0A142CHG9;P09471;Q8N6I9;B3KP89;H3BTM2;A0A1W2PP87;A0A1W2PRJ7;A0A1W2PS82;A0A1W2PP38;A0A1W2PRE1;A0A1W2PQK2;A0A087WTB6;A0A6Q8PGR1",5,0,"Normal_only_5v0"
"Q8WWW0;Q8TEK8;A8K7M4;A0A1B0GTG4;A8K5F3;A0A075B763;Q59GG4",0,5,"Tumor_only_5v0"
"Q08334;A0A1B0GTI5;A0A1B0GU52;H0Y3Z8;H7C0Z5;B4DSX5;H2DF06;Q6ZVU9;F8WDX2",5,0,"Normal_only_5v0"
"A0A1C3PH90;A0A1L2BM19",5,0,"Normal_only_5v0"
"Q10471;B7Z6K2;A0A1L7NY50;A0A1L7NY41;B7Z462",0,5,"Tumor_only_5v0"
"A0A223G199;A0A7G2CUG3;A0A5K1TTE6;A0A223G166;A0A0A1I8N2;M1VED6;O19763;A0A7L4X6N3;A0A0A8LDW4;D7RIH3;A0A7R8ND44;A0A223G197;A0A223G181;A0A5B8IRV8;A0A223G1A2;A0A0A1I8N6;A0A0A1I9Q7;A0A7G2CTV6;A0A0A8LCK8;A0A0A8LCM8;A0A223G183;A0A8G0VK77;A0A6B9MYJ1;A0A5H2UFR3;A0A0A8LE23;A0A0A1I7H4;O19762;A0A7G2CV27;Q5K3W3;A0A0A8LCM2;A0A0A8LDZ0;Q5Y7B6;A0A7R8RIV0;A0A7R8NBZ3;A0A7R8NC36;A0A7G2CTU8;A0A7R8MID8;A0A7R8RJV8;A0A493QP84;Q9TQD9;A0A858LH89;A0A5K1TTE7;A0A1Z2R8A6;A0A0A0WDZ3;D7RIH2;A0A858LFY5;A0A0A8LCK0;A0A8A6C7D6;U3PQT7;A0A7R8RK78;A0A7R8MLF0;A0A6V7B7Q3;A0A7G2CW28;A0A5H2UFB1;Q95462;S6AU78;A0A7T3RIU3;A0A223G167;A0A3S6RGJ7;A0A678ZHR8;A0A678ZDD4;A0A678ZF99;A0A1S6M245;A0A1V0S7K4;A0A218N069;A0A4P2SS18;A0A3S6RJ32;A0A455JUG6;A0A455JW14;A0A4P2ST06;A0A493QP87;S6B6T3;S6AP21;A0A1Z2R877;A0A455JW54;A0A678ZDB8;A0A5H2UX46;A0A5H2UX30;A0A5H2UFD0;A0A4P2SUR6;S6BVM7;A0A858LFL6;A0A6C0SGG1;A0A6B7KR62;A0A7H0XMD1;M1UZ77;A0A223G188;A0A5P8DHY6;A0A678ZWC6;G9FJH9;A0A0A0WDY8;A0A6B7KVA8;A0A1Y6IM61;A0A6C6Y186;A0A223G1B6;A0A858B7U5;Q30147;A0A7S5GRT2;A0A858LFY9;A0A7L4X791;A0A346DAQ6;A0A1W2HC25;A0A5C1IZ18;A0A8F7CEF1;Q860I1;Q860E3;Q6TKG7;Q45FZ4;L0BXN7;A0A678ZI01;A0A5K1TT81;A0A1X9I584;A0A109NRH0;A0A0X7YVI4;A0A0X7YNI5;A0A0N7A545;A0A0N7A4Q3;A0A0M3LBN0;A0A0A7CA35;A0A678ZHU0;A0A224MKG6;A0A1P8W1S3;A0A3S6RGH4;A0A0A1IBA8;A0A7G2CUE8;A0A7R8NC96;A8K2X3;A0A1L7H746;A0A3S6RGF3;A0A0A8LC32;A0A0D6F956;A0A7G2CTH0;A0A0A8LC38;A0A7R8NC02;A0A8E4J6L3;A0A7R8RIW0;Q5Y7D1;A8K634;A0A8F6GU52;A0A098GK79;A0A5A4LLB2;A0A5K1TTS4;A0A5K1TTR7;A0A110BDC4;A0A493QP80;A0A224MKH6;A0A678ZV52;A0A5K1TTR4;A0A678ZWG1;A0A678ZV61;A0A678ZWM8;A0A6B7G4L1;A0A6B7HFT5;A0A5K1TTR2;A0A5K1TTR0;Q3LAA8;A0A455JVX9;A0A4P2ST04;A0A3S6RGH2;A0A3S6RGJ4;A0A4P2ST20;A0A4P2ST60;A0A4P2SU83;A0A5A4LI31;A0A4P2SUQ1;A0A4V0NPA3;A0A4V0NPA6;A0A4V0NPA9;A0A6B7G523;A0A5A4LIB4;A0A5A4LP99;A0A5A4LJA1;A0A455JW62;A0A1L7H722;A0A6B7G1X6;A0A6B7G378;A0A4P2SS45;B3VTQ1;B3V8R5;A0A288QYP1;A0A6B7G237;A0A6B7G1M6;A0A6B7G1K1;Q7YQA7;A0A0A7C4R2;A0A6B7G1B2;A0A6B7G2G9;A0A678ZWK8;A0A678ZWG9;A0A4P2STC7;A0A678ZWD6;A0A678ZV65;A0A090JX86;A0A678ZUS8;A0A678ZUE5;A0A678ZU66;A0A455JX38;A0A3S6RGC4;A0A4P2SRY9;A0A4P2SS17;A0A678ZWK2;A0A6B7G1W2;A0A455JTZ0;A0A858LG15;A0A1W6C2L1;A0A678ZDM3;A0A678ZHJ0;A0A678ZHR9;A0A678ZHW7;A0A678ZT84;A0A678ZI10;A0A678ZI30;A0A678ZI47;A0A678ZI79;A0A678ZSK4;A0A678ZEV2;A0A678ZET1;A0A678ZDP2;A0A678ZDP0;A0A3S6RGL8;A0A3S6RGK3;A0A678ZDJ7;A0A142J2X6;A0A1J0A2H4;A0A1J0A2H5;A0A678ZER1;A0A3S6RGB6;A0A3S6RIZ7;A0A1P8W1R2;A0A1L4A1C7;A0A1L7H6X3;A0A1L7H766;A0A1L7H7D6;A0A1P8VK90;A0A678ZHI0;A0A678ZHA9;A0A678ZH89;A0A455JSG1;A0A142FK32;A0A5H2UWG3;I6YAZ4;A0A6B7G4I9;F2RM38;A0A858BAG5;A0A858B8W2;A0A858B8C9;A0A6B7IDE0;A0A6B7ICN2;A0A6B7HH84;A0A1L6KTJ5;A0A1L7H7E9;A0A1W2G0D6;A0A8E4J4C7;A0A224AVS4;A0A3Q9VAK5;A0A678ZF72;A0A3S6RGM4;A0A3S6RGP6;A0A3S6RGP8;A0A3S6RGQ1;A0A3S6RGQ5;A0A3S6RIJ0;A0A3S6RIM0;A0A3S6RIQ5;A0A678ZF34;P01911;A0A5A4LVJ3;C8C9V7;V5RNU3;A0A5K1TTR3;Q3LAB0;Q3LAB1;Q3LAA9;Q3LAA3;Q3LAA5;A0A3S6RGI6;A0A5K1TTG6;T1R3A9;S0F2C9;R9R082;Q9XRW9;Q9MYG3;Q95354;Q29813;A0A5K1TTR6;Q3LA86;A0A2S0SYU3;A0A678ZDE7;A0A5H2UZ11;A0A5H2UZ39;A0A678ZDA8;A0A678ZDH7;A0A678ZUM6;A0A678ZDE8;A0A678ZDC9;A0A5H2UWZ6;A0A5H2UCT7;A0A455JU26;A0A1P8VK53;A0A1P8W1Q4;A0A7L4X703;A0A6B7G2A9;Q06RK2;A9Z190;A0A5H2UD49;M9P9Y2;L0BX08;M4YQI1;A0A5K1TTQ4;A0A5K1TTN4;M9P9P6;M9P8N8;A0A2I4PZX3;A0A2I4PZS4;A0A288Q9E4;A0A1D8MAM0;A0A1C8DV77;A0A0N7A6U0;A0A0N7A531;A0A0F7VK83;A0A0A7C3G9;J7F8N2;I6NWK5;G1EN04;E2D5U1;A0A5K1TTS9;A0A8E4J457;C9E869;D7GN77;D7GN78;D7NPQ6;F1AQS1;G1EMY6;F1CCM5;F2VNV4;F2X661;F4YUA9;F6KS28;G0WVD4;A0A5H2USI6;A0A5H2UFA2;F8RHK6;A8D9Z3;A0A2H4G0B8;A0A2U7N6X0;A0A3S6RH00;A0A3S6RJA0;A0A5K1TTB7;A0A5K1TTD7;A0A5K1TTF0;A0A5K1TTF5;A0A5K1TTJ5;A0A5K1TTN2;A0A5K1TTT2;A0A858B8L5;A0N0W2;A7UHG5;A7X5F1;A0A288QS08;A0A286MCJ0;A0A1S5QRB9;E5RV92;H6A2E6;Q7JGS8;Q7YQA2;A0A0A7C3K8;A0A0A7C9I8;A0A5K1TTA5;Q7YQA6;A9YTA3;Q9BCM3;Q9UM34;S0F3K2;B0RZ68;B0LUU3;B0LUD6;A0A2U7NN64;D0VE46;A0A5H2UR85;F6KS29;A0A0A7C3A8;A0A0A7CAY7;A0A678ZHE7;A0A5H2UX50;A0A5H2UX13;A0A5H2UWZ3;A0A5H2UWM0;A0A5H2UT97;A0A5H2UT30;A0A5H2UYZ6;A0A5H2USK1;A0A5H2USF0;A0A5H2URD7;A0A5H2URB4;A0A5H2URA1;A0A858B8E2;A0A858B8F5;A0A858B8E1;A0A4P2SRV9;Q7YQA8;A0A5K1TTP7;A0A3S6RIL5;A0A0M3LB28;A0A0F7VJG9;A0A0E3DCR8;A0A0E3DCE8;A0A6B7G1Z6;A0A218N059;A0A2S0SZ01;A0A224AUE3;A0A678ZI70;A0A5H2UCP1;A0A5H2UD11;A0A3S6RGI2;A0A5K1TTD9;A0A678ZUQ8;A0A5A4LP21;Q9BCQ0;A0A5H2UD58;A0A5H2UCN3;A0A5H2UCL2;A0A5A4M429;A0A5A4LVI2;A0A5A4LNR3;A0A5P8NK64;A0A1N7SXR2;A0A1N7SY11;A0A6M6AM45;A0A8G1GJT1;A0A8F7CE29;A0A7S8ZX88;A0A224MKK0;A0A0A8LE01;A0A0A8LCJ4;O02951;X5DNQ0;S6B225;D7RIH8;Q860S1;A0A6V7B690;A0A455QYV7;A0A7R8NC19;A0A224MM21;A0A7R8NC49;A0A5A4LJD1;A0A5H2UDB2;A0A5H2UFI8;A0A5H2UFP2;A0A7D5HNN3;A0A8A8SDN6;A0A5H2URG8;A0A7M4BGU9;Q95IE6;A0A1P8VKA4;A0A7G2CTJ8;Q9GJM1;A0A7R8NBZ9;Q9TQE1;A0A6M6CB69;A0A7D5I7W7;A0A6B7HFV1;A0A0A0WGI7;A0A858LGJ4;Q30143;A0A6M3T0B7;A0A678ZUF7;A0A7G2CV37;A0A0A8LFF3;Q30111;A0A7R8ND07;A0A6B7IDI0;A0A7T3RJ15;A0A346MPU0;A0A6C0R4F4;A0A4Y5US14;A0A1V1IGQ3;B7ZW57;A0A1P8W1R4;O19678;A0A346FLI1;F1CT76;E0Z0A8;A0A5C1YVC7;A0A5H2UFZ5;Q9TPB7;A0A5H2USD9;A0A6B7G4G9;A0A858B8N5;A0A5H2USM2;A0A678ZTF5;A0A6B9HC06;A0A6B7HFN5;A0A6B7G1R6;A0A6B7G4H4;A0A6B7G3B7;B9WPM5;A0A6B7G386;A0A6B7G219;A0A6B7G212;A0A6B7G1W9;A0A5A4LIA5;A0A5H2UWK7;A0A6B7G1D3;A0A678ZT36;B9WPM8;A0A4P2STJ1;A0A678ZWQ7;A0A678ZDR0;A0A678ZDN3;A0A678ZDK2;A0A678ZDC2;A0A678ZDU8;A0A678ZDX1;A0A678ZH56;A0A678ZHU6;C3W973;A0A678ZSI7;A0A678ZSR2;A0A678ZWE3;A0A6B7G1K8;A0A678ZDB9;A0A6B7HFW6;E7CYG1;A0A455R6A6;A0A5H2UDA3;A0A678ZU43;A0A5H2UT54;A0A3S6RJ16;A0A455JU34;A0A455JUD0;A0A4V0NPA5;A0A3S6RIX3;A0A3S6RGQ4;A0A3S6RGK2;A0A455JW68;A0A481SV23;A0A493QP78;A0A4P2STD3;A0A3S6RJ14;A0A4P2SRU9;A0A4P2SUL6;A0A4P2SSE7;A0A5H2UFI1;Q9MY00;A0A4P2SSL1;A0A5H2USM5;A0A286MCH0;A0A1X9I4Q6;A0A186VNG7;A0A1C8DV72;A0A1S5QRE3;A0A3S6RGE2;A0A3S6RGG0;A0A1S5QRD2;A0A1X9I4S5;A0A1S5QRC5;A0A1C8DWI9;A0A1C8DWG7;A0A1S6M229;A0A1C8DW07;A0A4P2SUJ3;A0A0N9R1G3;A0A1P8VKB3;Q9TQ63;A0A5H2UWY6;A0A0N7A4P8;A0A0N7A4L6;A0A0M3LBH9;A0A0M3LB92;A0A0E3DDT2;A0A0E3DDS7;A0A0E3DDR1;A0A0E3DDQ6;A0A0E3DD57;A0A0E3DCR2;A0A0N9Q860;A0A5K1TTP3;C8XTJ3;Q860E4;A0A0N9MR08;A0A0X7YJ88;A0A1C8DTN2;A0A141AZJ3;A0A1C8DTL8;C7FDW6;G0ZDX3;G0Z8G1;F8RHK5;F4YZW6;A0A6B9MT94;S4T6L5;C7EX09;C7FDW7;A0A8E4J5J4;C7FDW8;S0F2C7;C8CJC8;M9PAI9;U5ISB2;C8XTM6;C8XTL0;G1EMY8;A0A1J0A2H6;A0A1C8DTK8;A0A0X7YK30;A0A1C8DT30;A0A186VP36;A0A186VNM4;A0A1X9I5K2;A0A141R7G4;D3U4F2;A0A0X7YVJ2;C1KBK0;A0A0U5J6C8;C3VJ06;A0A1Z1XFZ4;A0A1L4A1I8;A0A1S6GL18;A0A3S6RIY4;G1EN16;A0A858LH34;D0RB87;A0A2S0SYV7;A0A858LGM5;A0A4P2SUK9;M9P9F3;J7K6R9;I6NXM9;G4XPM0;G1EN01;A0A5H2UX40;F8RHJ5;A0A5H2UTC9;A0A4V0NPB1;Q2PBC3;A0A5A4LI52;A0A5A4LIK6;A0A5A4LJR8;A0A5A4LJU7;A0A5A4LPI7;A0A5A4M400;A0A5H2UCQ9;A0A5H2UD68;O19502;Q6QUQ1;A0A5H2UFF3;Q6T713;A0A0A7C3F6;A0A060GZE9;U5IQQ1;T1WFE7;S0F2J6;R9WRP1;Q9TQ39;Q75NJ4;C0MQV9;A0A6B7G297;A0A678ZDS5;G9HRQ9;A0A1N7SXT9;A0A6B7L1P2;A0A6B7KXM5;A0A6B7HFP5;A0A6B7G2E0;A0A6B7G2C1;A0A5H2UFE6;A0A678ZUD1;A0A858LFP1;A0A3S8UVJ7;A0A3S6RGH7;A0A3S6RGI7;A0A3S6RGM2;A0A3S6RGM7;A0A3S6RGN1;A0A3S6RGN3;A0A3S6RGP4;A0A3S6RIK9;A0A455JUE8;A0A1N7SY41;F1CCL7;Q29648;A0A455JX53;A0A4P2ST31;A0A168GUL9;A0A6B7IDK9;A0A858B7F1;A0A3S6RGH6;A0A3S6RGH1;A0A218N039;A0A6B7G1F7;A0A6B7HFT9;A0A6B7G1J4;A0A6B7G1J9;A0A6B7G1U0;A0A6B7G2A4;A0A6B7G2E8;A0A6B7G4H8;A0A6B7HF60;A0A6B7HFQ0;A0A4P2SU66;A0A1S6M250;A0A6B7HFU2;A0A4P2ST48;A0A4P2SSZ8;A0A1D8MAI7;A0A1D8MAK1;A0A1L7H707;A0A678ZDY0;A0A1S6M227;A0A1P8VK61;A0A5H2UFL3;A0A1L7H6Y2;A0A0A7C4M5;A0A858B8H0;A7UHG9;D6PZY9;A0A1C8DVZ8;A0AQX8;G0Z8F9;P79604;P79605;B6ET91;A7UP05;A0A455JW35;A2VBX3;A0AQY0;A0A0A7C4J4;A0A0A7C9J6;A0A0A7CAY8;A0A0A7UWX2;A5YP91;A0A0A7C4T7;A0A2I4PZX8;A0A0A7C9M6;A0A5K1TT87;Q95388;Q9TQD8;Q9MYA0;Q6LBW8;A0A2I4PZZ9;A0A8F4JDK7;A0A3S6RGB5;A0A1C8DW50;A0A0A7C426;A0A0E3DDB7;A0A1C8DU92;A0A0M3LBB3;A0A0A7C3Y3;A0A0A7C3N5;A0A0A7C3L8;A0A0A7C3J8;A0A1X9I4N9;A0A858B7H7;A7UP03;C5J8E7;D5FZP3;A0A5K1TT95;C8XTJ7;A0A5K1TT72;Q29706;I2G7Y5;C8XTK7;A0A5K1TTM4;O77965;O19791;Q860T0;O98047;Q861B8;A0A5K1TTG7;O19592;Q7YP63;Q29687;A0A288R1Q1;A0A0E3DCK2;A0A0E3DCN4;F8RHL5;C6GZ76;D2SSL5;E2D5U3;E5D6L8;G9I1P7;F4NBN8;Q8HWN2;I7KP34;S4T6M2;A0A6C0NSJ1;Q29804;L0BVW9;O77962;Q29690;Q2LDE4;Q9BD27;A0A2I4PZW6;A0A2I4Q0C2;G9HWB7;A0A3S6RGP1;A0A5H2UCS7;A0A6B9Y1C8;A0A5H2UD42;A0A5H2UFC0;A0A5H2UFG1;A0A0A7C3H6;A0A5K1TTR5;A0A5A4LIN2;A0A7R8NCF0;Q29646;A0A5H2UR67;A0A455JW01;A0A5H2URG1;A0A4P2SU05;A0A455JVQ2;A0A4P2SUN6;F8R8N2;A0A3S6RIX6;A0A3S6RGL4;A0A7T8G1Q7;A0A4P2SRU1;A0A1J0A2H3;H2BDS9;H2DML4;J9Z200;L0BWW8;A0A2S0SYV5;M9PAI1;M4MD36;F8R1E3;A0A1D8MAL6;M4MGH8;A0A3P3ZK50;A0A4P2SSK4;A0A5A4LIL7;A0A5A4LK64;A0A2H4G0D0;A0A3S6RGH9;M9PAI0;Q3LAA6;M9P8N4;M9PAH9;H6SSQ5;A0A0A7C3J6;A0A2H4G4A8;A0A077XNE3;A0AQX9;A0AQY2;A0A455JX32;F2X659;A0A6F8ZCN4;A0A5Q0TKA1;A0A5K1TTQ7;A0A5K1TTE1;A0A5K1TTA8;A0A5A4LLE8;A0A5A4LK83;A0A563XNB9;A0A2U7N9F3;Q30165;O62887;Q30008;F2VNW5;M9PA40;M9P8N6;A0A5A4LPD0;M9P984;A7UP04;A4Q970;Q3LAA7;Q29649;Q29672;A0A5K1TTC2;A0A6V7B8E1;Q3LAC2;A0A0A7C9N5;A0A5K1TT74;A0A2P9DU00;A0A508SRK7;A0A0A7C4Y7;A0A286MCH2;A0A0A7CA37;F8RHN2;M9PAI8;M9PAJ1;M9PAJ2;M9PAK9;M9PAL7;M9PNR5;O19503;I6MHJ7;H8WV75;H8WV74;A0A0E3DD63;F8RHN3;F8SL10;G0WVD5;G0X8V2;G0Z6Y7;G0ZMN1;G1EMY5;G1EMZ2;G1EMZ5;M9PA07;M9P9R2;M9P9E3;M9P9B0;E2FZH3;E2GJN7;E2GLP8;E3Q0T2;E3SWQ5;F8RHM6;F8RHM7;D6BPR4;H9AWW8;I6NN36;I7APH6;J7F672;J7F8K6;J7FK30;J7FM92;M4MFA7;M4ML92;M4VJ78;M9P996;G1EN07;G1EN12;G1EN14;A0A286MCH3;A0A0A7C3C1;A0A0F7W6I7;E1Y6P8;E7BYD9;M9P9P2;A0A1S5QRD5;A0A1S5QRC6;A0A1L2BMN3;A0A1L2BMJ8;A0A1C8DVB4;A0A1C8DTM4;A0A1C8DT67;A0A180H713;A0A0N7A560;N1NTH0;A0A0A7CAY4;A0A0N7A4L1;A0A0G2R1T0;A0A0G2R177;A0A1X9I4N0;A0A0E3DDV4;G5EM96;A0A288QFD2;G8B1X6;G9HW14;H2BDS1;H2BDS4;H2BDS7;A0A0A7CAM1;H8WV73;A0A4P2SU46;A0A1L2BMK8;A0A455JX45;A0A6N0A1I3;A0A5K1TT65;Q30151;A0A5S8K798;A0A5S8K7D6;A0A2Z5WL90;A0A2U7N6G9;S0F2D1;A0A2I4PZT4;E1V2J4;E1U686;E1U683;Q9UM35;R4QU67;R9WSK7;R9WTI5;S0F3B6;S0F3B8;S5TPS8;S5TRF5;S5UF48;S5UGG7;A0A0X8XW04;A0A1L4A1B2;A0A1P8VK77;A0A1P8VKA8;A0A678ZV34;A0A1N7SY12;X5LKC7;A0A8E8PJ83;D5L9F4;A0A678ZIC0;R4QQZ7;Q9TQ42;A0A649ZUC7;Q9MY91;A0A224ATR1;D5FUG6;A0A896SZ78;A0A1X9I4P9;F2QL89;C0LAB8;A0A286MCG6;W1I840;W1I181;W0GCN6;T1R377;Q6RCP9;Q70I25;Q7YQA4;Q860S7;Q8HWG5;Q9BCS8;Q9BCT6;Q9GIL7;A0A345AMC4;A0A649ZUW1;E0YNM0;F4YUB1;F8RHJ2;F8RHK8;F8RHM1;F8RHM5;F1CCM2;F1AQS3;E7BYD6;E3SWR0;D5FZP6;D5FZP7;D5FZP8;D5L9F1;D5L9F5;A0A678ZDL1;D5M8A4;D6MJL1;D7NST1;D9U3I2;E0X9M8;F6KS21;F4YUA5;A0A896SZC5;F4NBM8;A0A5H2UYZ0;Q5ND94;Q5IFG9;Q5GMP5;F4NBM4;F1CCM3;F1CCN1;F1CCP2;F1CCP3;F1CCQ0;F2VP96;F2VP99;F2X655;F2X665;F2X669;F4NBM5;P79547;F4NBM6;F4NBM7;A0A0E3DD88;H2BDT4;A0A0E3DCR6;A0A678ZID1;A0A5K1TTS6;A0A5K1TTQ0;A0A678ZV46;A0A5K1TTD3;E3SWQ1;A0A678ZDT5;A0A678ZH43;A0A678ZHF9;A0A678ZHN1;A0A678ZT10;D3JV13;A0A0E3DCM5;A0A678ZDR5;A0A0E3DCF2;E3SGD4;A0A6B7G1C0;A0A858LEU4;A0A7S5GRG0;A0A6B7G2D0;A0A6B7G4Z6;A0A455JVQ9;A0A8F9SJ83;A0A678ZDI6;A0A678ZDG7;A0A678ZUU5;A0A493QP89;A0A3S6RGL3;A0A4P2SRW5;A0A6B7G231;A0A6B7G207;A0A6B7G1V5;A0A678ZUT6;A0A6B7G1N5;A0A678ZUZ6;A0A3S6RJ08;C8C9V6;A0A678ZSS7;A0A678ZDJ1;A0A678ZF66;C7FDW5;A0A5K1TTT8;A0A678ZDE4;F8RHM8;A0A6B7IAI2;A0A858LG05;C8CHC7;A0A5H2UX34;A0A3S6RIP8;A0A5H2UZ32;A0A455JU23;A0A455JW05;A0A455JW06;A0A455JW17;A0A493QP88;A0A5H2UTB2;A0A5H2UX24;A0A455JVR6;A0A678ZDG3;B7VF70;B9WPM1;B9WPM2;A0A288R105;F8LSY3;A0A0E3DCI8;B9WPM6;F8RHJ3;G1EMX3;A0A3S6RGL6;A0A3S6RGL5;A0A2S0SZ78;A0A2S0SYV9;E2DHC1;Q861B0;D3JV16;C6L820;B3V8R4;B2NJ35;B2CKL1;A7X5K1;A7UHG3;A0N0W3;A0AQZ0;A0A6H0Y7U9;A0A678ZV11;A0A678ZF24;A0A2I4PZR5;A0A2H4FZU2;A0A2C8CYP6;A0A1S6GL20;A0A1S6GL25;A0A4P2SS90;H2AM03;C8XTJ8;A0A186VNI1;A0A1C8DWG2;A0A1C8DXB5;A0A1L2BMJ3;D3U4F3;Q9UM38;Q9GJ28;D3UT98;A0A0E3DCH0;A0A0E3DCL0;A0A0N7A4R1;A0A141AZI5;A0A2H4FZP9;A0A2I4Q0D7;A0A2X0RD74;A0A5K1TTA4;A0A5K1TTL5;A0A6B7G1Y9;B3VTQ2;D5G2J6;D7NST2;E3SGD3;E9NVH4;F2VNU8;F2VNV3;F2VNX0;M9P9Y0;D0VE48;C8XTM3;C8XTM2;A0A1C8DT73;W1IA32;A0A186VNH1;D7NPQ7;D3K479;D3U4E7;A0A186VNF6;A0A3S6RJ23;V5JA18;D7NP76;D9UC11;D0VE34;E2D5U5;E3SGD1;E3SGD5;E3SWP3;A0A5K1TTC6;A0A0E3DCQ6;D3JV10;A0A0A7C418;C8XTM8;A0A024J4R7;D7GN74;D1G120;A0A0N7A4S0;A0A0M3LCK6;A0A090KNI6;D5FUG5;F2VS02;D6PZZ6;A0A4P2SSD7;A0A8F4GCF3;O19190;A0A5H2UCJ1;Q29726;O19517;A0A4P2SRW9;A0A223G178;A0A678ZDH3;A0A1G4NQW7;A0A6B7G1Y0;A0A678ZDD8;Q29635;A0A858LJ40;G1EMX4;A0A678ZWM1;A0A5H2UR75;M9PAL6;Q3LAC3;B6ETP3;B9WPQ6;A0A6B7HFA1;M9PAH4;Q29791;A0A089H0Q7;G1EMX9;G1EMX6;A0A1P8VK83;F8R8M9;G1EN21;H2BDR9;F8R8N1;H2DML3;G1EMW9;M4MEW2;F8RHL3;L0BVZ3;K7ZK48;J7K4T3;I6Z114;M9PAH3;I6M556;H8WV97;Q3LAA4;G1EMY4;F8RHJ6;G5EM93;M9PNP1;Q1G0Z8;G0WVD3;G1EMY3;G0Z8F8;G0ZMM9;M9P9X6;M9P8M9;F8SL11;M9P8M7;F8R8N0;G9I2P3;G9HW13;G9HW12;G9HW11;G9HRM4;G9I2P4;H8WV95;H8WV94;A0A1J0A2H9;A0A6B7HFP2;A0A678ZU54;B9WPM3;A0A678ZI19;B9WPM4;A0A455JVS4;A0A3S6RGM8;A0A3S6RGE5;A0A1L4A1D5;F0VRV6;A0A678ZUT2;A0A678ZDK4;A0A5H2UWH0;A0A678ZUR9;A0A4P2SS25;A0A3S6RJ03;A0A3S6RGI8;A0A0E3DDS0;A0A678ZFC5;M9P978;G0ZDX1;M9P979;H6A2E5;M9P8M8;G0ZMM8;M9PAH2;Q4A1G9;M9PAH1;M9PAH0;M9PA34;G1CD91;A0A6B7G3C5;M9P9P1;M9P9N9;M9P8N0;M9P9N8;A0A1L7H706;M9P8N1;M9P9N6;I6NVX3;A0A0E3DDR9;V5JAC9;A0A0A7CAZ6;A0A0K0PYY5;A0A0G2R1S9;A0A0G2R1I3;A0A0E3DDV2;A0A0E3DDT4;A0A0E3DDR3;A0A0N9MQ31;A0A0E3DD90;A0A0E3DCG7;A0A0A8R917;A0A0A7CA47;A0A2H4G2R1;A0A0A7CA42;A0A0A7C9J2;A0A0A7C521;A0A0A7C487;A0A0A7C439;A0A0A7C3E6;A0A0E3DCN6;A0A0X7YLJ3;A0A120N5Z9;A0A141AZH7;A0A0K2GUL9;A0A0N7A4N0;A0A0N7A4Q7;A0A0N9E6Q1;A0A0A0YRG7;A0A109NRH9;A0A0S2UQI5;A0A0P0FMW2;A0A0N7A6N9;A0A0N7A4N6;A0A1L2BMK7;A0A0M3LCZ3;A0A0M3LBG5;A0A0M3LB54;A0A0G2R131;A0A0E3DCG4;A0A0A7CA51;A0A0A7C9P2;A0A0A7C9M3;A0A0A7C446;A0A023NF12;A0A141AZK0;A0A0M3LCP1;A0A1C8DW15;A0A109W0S5;A0A2H4G471;A0A2H4G0E9;F6KS24;A0A0A7C412;A0A0A7C9G7;A0A0A7C5D1;A0A0A7C513;A0A0A7C506;D5FID6;D5FID3;A0A0A7C4N2;A0A0A7C4L3;A0A0A7C4I7;A0A0A7C4I2;A0A0A7C404;A0A2H4FZT6;A0A0A7C3Z8;A0A0A7C3Z0;A0A0A7C3X7;A0A0A7C3X0;A0A0A7C3W1;A0A0A7C4L9;A0A0N7A4P3;A0A0N7A6X5;Q5EGD8;M9P9X5;A0A0A7CA45;A0A0E3DCJ4;A0A0E3DDR2;Q5FY46;A0A2D1BYB4;A0A288QYM1;A0A288Q9G4;A0A1X9I6E6;A0A1X9I4R1;A0A1S5QRF2;A0A1S5QRE5;A0A1S5QRE2;A0A1S5QRD7;A0A1S5QRD3;A0A1L2BMM5;A0A1L2BMM0;A0A1C8DXA5;A0A1C8DW70;A0A0A7C4Y0;A0A1C8DV34;A0A186VP32;A0A186VNF7;W0HE50;A0A2I4PZS8;Q9UM36;A0A142LRG5;A0A186VNG2;A0A1C8DT28;G1EN20;I6NN89;H8WV83;H6A2E7;H2E2A8;H2BEB5;G9I2P6;G9HWB5;G9HWB4;G9HRM5;G4XPM1;G1EN11;A0A1C8DWI2;G1EN06;G1EMY9;G1EMY7;H2BDT1;F4YZX5;D9U3I3;E2D5U6;D7GN75;D9IFQ3;A0A2H4FZS5;I6NWK1;I6NWM5;I6TMU9;I6ZTP2;F2VPA2;F2VP97;S6DRI6;F1CCN3;E9NVH1;E9ABI6;E3SWQ9;E3SWQ6;E3SWQ3;E3SGD2;E2GJN9;S0F2C5;D7GN76;E2D5U8;E0WN75;F8RHL7;F8SL09;G0Z8G0;G0Z8G2;J7F7B7;J7F669;A0A2I4Q0F7;A0A2I4Q0C8;A0A2I4PZY9;D3U4E6;A0A0E3DDR7;D3JV11;D0EVN7;C9E868;C8XTM7;A0A1X9I4P1;C8XTK5;C8XTJ2;C8XTJ1;C8XTI6;C7FDX0;A7UNZ9;A4VAP8;A0AQZ3;A0AQZ1;A0A8F4G6P4;A0A7L7TRL4;C8XTK0;D7R0V1;A0A1T4J240;A0A1L2BMI4;D3U4E4;D3Y5Y3;A0A2I4PZY3;D6CJC9;A0A2I4PZW0;A0A2I4PZU7;A0A2I4PZU5;A0A2I4PZU0;A0A2I4PZR8;A0A2I4PZR1;A0A2H4G480;A0A2H4FZU5;A0A2H4FZT0;E1XUD4;A0A2H4FZS1;A0A288QYN0;A0A288QCL9;A0A288QA76;A0A286MCG8;A0A1X9I4W9;A0A1X9I4Q8;A0A2K8FWG2;A0A5K1TTD5;A0A5K1TTH5;A0A5K1TTK0;J9PW10;H2BDR8;G9HRN1;A0A0A7C3D5;A0A0A7C3E9;A0A0A7C3B2;A0A0A7C3E0;A0A0A7C3D0;A0A0A7C3C8;A0A0A7C3C4;A0A0A7C3C0;A0A0A7C3B6;A0A0E3DDR5;D5FID1;Q861H9;C8CJD1;Q95HN3;Q861G5;Q6PYB1;Q9BCP6;Q861G4;Q861H2;A0A5K1TT86;Q9GIX0;P79494;Q29905;A0A0A7C3E3;A0A0A7CAZ0;A0A0A7C3F5;D5FIF2;D5FIE8;D5FIE7;D5FIE6;D5FIE5;D5FIE4;D5FIE2;D5FID9;D5FID8;D5FID7;F0V6B9;D2DL45;D5FID2;D5FID0;D5FIC9;D5FIC8;D3U4F4;D3U4E9;D3U4E8;D3U4E3;D2DL44;C8XTI9;A0A5K1TT92;A0A5K1TTD4;D6CJD0;Q8WLR9;Q9TQ23;H8WV82;Q861A5;Q29732;Q860B8;Q8HWN3;A8WDP0;Q8MGY3;Q9MY02;Q9MY17;O19696;Q9MY01;Q3LTJ8;Q31644;Q3LTJ4;Q9MXZ4;Q9MXZ3;Q95381;Q3LRY0;O19723;Q3LTK0;Q9TQ83;Q9GIX7;Q05525;Q29691;Q9Y4H8;O19664;Q30130;Q9GJG1;Q29711;Q31645;C8CBI3;B7VU65;A0A5K1TT77;Q8HWN4;Q9BD47;Q9TP93;A5I890;P79486;O78048;O98046;Q99948;H8WV76;O19667;H8WV85;C1JJS3;D5FIE9;C7FDX1;G1EMY2;D6MJC0;E2GJN8;E0X9M7;D7NP77;D9U3H6;D9IFQ2;D7NST0;E3SWQ0;D7NR21;D7GL12;D6MJL2;D6MJB9;C7FDW9;D6BPR2;D5M8A2;D5M8A0;D5M899;D5G2K8;D5FZP5;E5DCR4;A0A0A7C4X5;E7BYD5;A0A3S6RGV1;E3SWN8;E3SWN9;E3SWP0;E3SWP2;G1EMY1;G1EMY0;G1EMW3;G0WVE0;F1CCP5;D5FIE3;D5FIE1;D5FIE0;D5FID5;D0VE56;C8XTM4;C8CJD9;C6L819;B3V8R3;B2NJ37;B2NJ36;B1GVZ5;Q7YQ32;A0A0A7C3M0;A0A2I4PZU3;A0A2U9N4R3;F4YZX3;F4YZX2;F4YZX1;C0LAC0;B2NJ39;B0LUU5;A7X5L2;A7X5I8;A7UHG8;A7UHG1;A7UHF9;A1Z0K9;C5IAX3;A0N0W0;A0A650AIA2;A0A5K1TTT4;A0A5K1TTQ1;A0A5K1TTP8;A0A5K1TTE5;A0A5K1TTC8;A0A5K1TT84;A0A5A4LJE1;A0A0G2R1H8;A0A343J4W1;A0A858LH42;B2ZCY0;D5FIF0;F4YZW5;D5FUG7;F4YZW4;F4YZW3;F4YUA8;F4YUA4;F2X658;F2X654;F2VNW9;F2VNW1;F2VNV6;F2VNV5;F1CCP7;F1CCP1;F1CCN9;F1CCN6;F1CCN5;F1CCN4;F1CCN2;F1CCL9;F1CCL8;D5FZP4;A0A2I4PZW1;F4NBN6;F2VNW6;F6KS25;A0A0E3DDT6;A0A0E3DDT9;A0A0E3DDU1;A0A1X9I4W5;A0A1S5QRD9;A0A1S5QRC9;A0A1M4NES4;A0A1C8DVY9;A0A1C8DVD4;A0A1C8DU75;A0A1C8DT37;A0A186VP34;A0A186VNP7;A0A0E3DCI6;A0A141AZJ5;A0A0N7A4R5;A0A0E3DDT8;A0A0E3DCN9;F8RHN0;A0A0E3DCP3;A0A0E3DDS2;A0A0E3DDS1;Q1G100;D9UAX4;A0A0E3DDC3;A0A0E3DDB4;A0A0E3DDA9;A0A0E3DDA3;A0A0E3DDA1;A0A0E3DD99;A0A0E3DD96;A0A0E3DCQ9;A0A0E3DCQ3;A0A0E3DCQ0;F6KS26;A0A0N7A4P6;A0A0N6W7L9;A0A0M3LBK3;A0A0G2R172;A0A0A7C4N7;A0A0A7C4K0;A0A0A7C3K2;A0A0A7C3G7;L0BXM6;A0A286MCG9;A0A288Q9D7;G0X8U8;G0X8U7;G0X8U6;G0WVE1;G0WVD8;G0WVD7;G0WVD6;F8SL06;A0A0A7C564;A0A0A7C9N9;A0A0A7CA40;A0A0E3DCI2;A0A0F6R9J4;A0A0E3DDV0;A0A0E3DDU7;A0A0E3DDU5;A0A0E3DDU3;A0A0N9M6E6;A0A0E3DCH9;A0A0A7CAL4;A0A0E3DCH6;F4YUA7;A0A0E3DCH4;A0A0E3DCH2;A0A0E3DCF4;A0A0A7CAZ5;A0A0E3DDS3;A0A0E3DDS4;L0BXK6;W8PC28;N0A0M7;R4S853;R4KXM4;M9PAH5;M9P9Y7;M9P9S5;M9P9R6;M9P9P9;M9P9P4;M9P9B1;M9P9A5;M9P8Q0;M9P8P2;M9P8N2;M9P9Y9;N0A2S4;N1NVA9;O19660;Q860S9;S4TZG6;R4QGJ7;Q9TQ40;Q9GJ37;Q9BCS7;Q8MGY6;W1I9X3;Q45G73;Q1JRP4;M9PNX4;Q9UM29;Q9TQ48;Q9BD24;Q45G74;R4KZR5;T1R352;L0BXQ5;S4TZL3;M4MGI2;D6MJB8;A0A0H5FTI8;A0A0E3DCJ0;F8RHL2;F8RHK7;W8XAA3;D5FZP1;B2ZGJ0;A0A6M8PHV7;A0A5K1TTB8;A0A2H4G4B9;A0A173H3B6;A0A0X7YLI6;U6EFL1;S4T710;S4T6L9;S4T6M1;S4T713;S4TZG3;S4TZE4;S4T759;S4T758;S4T716;R4S813;S4T706;S4T6Q8;S4T6U6;S4T6U3;S4T6U0;S4T6T7;S4T6R0;S4T6Q9;F8RHN1;A0A0E3DCP7;F8RHM9;M9P8Q2;E9ABY0;U3RCQ1;S4T6Q7;M4MD18;S0F3C0;M4YRG8;M9P9Q3;A0AQX7;M9P9Q8;M9P9S6;O78161;Q19A33;Q4A1S0;Q5QQ11;F1CCP8;F1CCP9;F2VNV9;C8XTM9;C8XTI7;A0A286MCH1;A0A288QDD2;A0A288QDD9;F6KS22;A0A288R1N0;A0A2H4FZR5;A0A2I4PYB9;A0A2I4PZX2;A0A2U7NGJ9;A0A5K1TTD6;A0A646RNT6;A0A8E4NFV7;Q7YPZ9;Q8HWG3;Q8HWL8;D0VE45;E2GJN6;E0X9M9;E0WMV5;D7R0V0;F4YZX4;C8XTK4;D7GN73;D5L9F2;D5L9F0;D5L9E9;D5L9E8;D5L9E7;D3JV08;D1G119;C9E1J2;Q8WLU1;C8XTN0;D5M8A3;F5BR65;A0A1L2BML6;S0F2K9;H2BDT5;E3SWP8;S0F2J8;F6KS27;Q9TQ64;Q9TNV3;Q9TNV2;Q9GJF7;Q9BD07;C8CHC6;A0A858LGH7;J7RFS4;J7JXR5;K4ULG7;W8Y519;A0PFK3;J7K3J3;J7K1E4;J7K1D9;I6NS51;V6AQ63;H6A2E9;W1I364;A0A1X9I4Y7;E2DHC2;D3JV17;G9I2P8;X5MPH0;K7WK01;L0BVT0;G1EMZ6;G0X8V1;G0X8V0;G0X8U9;F2X666;F2X662;F4YUB0;F4YZW7;F6KS30;F6KS31;F8RHJ4;F8RHJ9;F8RHL0;F8RHL8;G1EN19;G1EN15;V5NZ06;G1EN09;A5YVG9;A7E0V8;A7UNZ8;B1PL08;B3VTQ6;B5D5S9;C0MP09;C3VN82;F2VNW7;F2VPA0;F2X657;H2BDS5;G1EN05;G1EN08;G1EMZ7;G1EN10;H2AM04;S4T756;L0HQC7;G1EN13;J7GUA3;J7FR35;F1AQS2;D5FUG2;F8RHM3;F2VNV8;D6MKY5;F4NBM9;G1EMZ0;F2X668;F1CCR0;F1CCM0;D5FZP0;E1V2J9;E9NVH2;Q8MGY2;B2CR04;D9U3H9;C5NU26;A8D9Y3;D5FID4;A7L3U7;A0A514YDS7;A0A1S5QRE4;A0A0X7YK34;Q9GIL1;A0A0E3DCN2;A0A0E3DCI4;A0A0A7C3J1;A0A0A7C3I7;J7QWX7;A0A0A7C3F1;A0A096XJS0;Q29957;A0A0E3DD83;Q95386;Q9TP97;Q9TP96;F2VPA3;D7GL11;A0A2H4G0K1;G1EMX5;D1G118;D0ENM6;A0A0E3DCR5;A0A0E3DDR6;A0A0G4KC23;A0A0M3LD84;A0A0N7A4M2;U5Y3R0;F8SL07;M9P9Q4;G1EMZ4;G1EMZ9;G1EN17;H2BDT2;I6M557;J7FP09;J9PVC6;J9PWW5;L0HNF8;M9P993;M9P9X8;S0F3J7;M9PAH8;A0A0A7CAL0;A0A0A7C581;A0A0A7C4K6;A0A455JSD5;A0A678ZD75;A0A4V0NPB0;A0A4P2SUP5;A0A4P2SU54;A0A4P2STI3;A0A4P2STH6;A0A4P2ST41;A0A4P2SS12;A0A4P2SS10;A0A3S6RGH5;A0A0A7C3K3;A0A3S6RGD6;A0A1T4J301;A0A1P8VKA6;A0A1P8VKA1;A0A1L4A1B4;A0A1J0A2H0;Q9MYH1;H8WV96;A0A0A7C3D8;Q6BDC5;Q6DV47;Q6QE68;A0A186VP30;Q7YPZ4;Q861F8;Q8MGZ2;Q9BCM2;T1R3D1;M4MDE5;F8RHM2;F8RHL4;F4YZW8;A0A1S5QRD0;Q4U4M7;A0A224AUC9;A4URM3;A5PHT3;A7UHG7;C4R9G8;C5J434;C8ZLD6;C9E1I9;C9W8B4;Q6RCP7;Q2PZR1;Q6S5H9;G1EMW1;Q6T717;Q7YPZ8;Q9NPL1;R4L7W4;R4ZH04;A0A0U2ZSR0;A0A0X7YU73;A0A186VNN3;Q19K82;G1EMW2;Q1EIR2;B5BLW4;Q5JZX3;I6XJJ4;J7F7D3;M9P976;M9P9X3;N0A2R4;Q19K84;A0A186VNP3;Q29830",5,0,"Normal_only_5v0"
"Q9UK22;A0A286YF37;R4GNH2",0,5,"Tumor_only_5v0"
"Q9UBP0;A0A2R8YGN6;A0A2R8YCL5;A0A2R8Y4I8;E5KRP6;A0A2U3TZR0;E5KRP5;A0A2R8Y481;A0A2R8YFW8;A0A2R8Y7K2;A0A2R8Y5N9;A0A2R8Y7W6;B4E267;A0A994J6X4;A0A2R8YEA0;A0A2R8YFC9",0,5,"Tumor_only_5v0"
"A0A2R8YDI5;O94823;Q2YDW8;B4DHG1",0,5,"Tumor_only_5v0"
"A0A345F7A5",0,5,"Tumor_only_5v0"
"P12110;A0A384MDP3;Q9BUM6;Q7LCA7;Q6FHW5;C9JH44;H7C0M5",5,0,"Normal_only_5v0"
"P02792;A0A384MDR3;Q6S4P3;B1Q3B3;B1Q3B4;B1Q387;Q4FCH6",5,0,"Normal_only_5v0"
"Q03252;A0A384NPH0;A0A0A7M1X5",0,5,"Tumor_only_5v0"
"P04040;A0A384P5Q0;B4DWK8;Q8TAK2",5,0,"Normal_only_5v0"
"A0A386RVB5;A0A3G2FPF6",5,0,"Normal_only_5v0"
"Q9BXJ4;E9PGA6;Q59G48;A0A3B0J698;B3KXI7",5,0,"Normal_only_5v0"
"Q6IQ22;A0A3B3ITT1",5,0,"Normal_only_5v0"
"A0A3S6HTB9;A0A3Q8B178;Q8WXI7;A0AA34QW05;A0AAA9YHI4;A0AA34QVW0;M0R2S7;B3KY80;M0QZZ9;M0R2Y5",0,5,"Tumor_only_5v0"
"A0A3S6RHN6;A0A583ZAW5",0,5,"Tumor_only_5v0"
"Q6ZNJ1;H0Y764;A0A494C1V1;H7C3Y7;B4DVX0;B4DDY6;H7C408;Q8TET5",0,5,"Tumor_only_5v0"
"A0A4P8JD53;A0A7G7XYL7;A0A6N0A4J9",5,0,"Normal_only_5v0"
"A0A678ZLB0",0,5,"Tumor_only_5v0"
"A0A678ZLK8;B4DJI3;Q29926;Q9UM27",0,5,"Tumor_only_5v0"
"P52292;A0A7I2V3Z3;A0A7I2V351;A0A7I2V487;Q7Z726;A8K7D9;A0A7I2YQE1;J3QLL0;J3KS65;J3QL07",5,0,"Normal_only_5v0"
"Q9H7Z7;A0A7I2V5X6;A0A7I2V5T7;B3KPZ2;X6RJ95;A6NHH0;B4DWP1;A0A7I2V308;A0A7I2YQ70",0,5,"Tumor_only_5v0"
"O95477;B7XCW9;B2RUU2;A0A7I2V5U0;Q6ZNR3;Q59HC0;A5D8U6;B1AMI2",5,0,"Normal_only_5v0"
"P49841;A0A7I2YQK0;Q6FI27;B5BUC0;A0A3B3ITW1;A0A7I2V3J4;A0A7I2V2I5;A0A7I2V5G5;Q86TM2;A0A7I2V606;A0A7I2V3Z5;A0A7I2V4X3;A0A7I2V3G9;A0A7I2YQU1;A0A7I2V2K7;A0A7I2YQB0;A0A7I2V4X2",0,5,"Tumor_only_5v0"
"Q92820;A0A7I2YQQ3;A8K335;B4DVI2;A0A7I2V5P2;A0A7I2V5X9",5,0,"Normal_only_5v0"
"P00973;A0A7P0T854;Q3ZM02;A0A7P0T879;A0A7P0TBG0;S4R3A5;H0YIB8;S4R467;A0A7P0Z4N8;A0A7P0Z4B6;A0A6Q8PHR1;A0A7P0T8E1;A0A7P0Z444;F8VPW7;A0A7P0TB35;A0A7P0T960;B4DTS8;A0A7P0T9Q4;A0A7P0T8F9;B4DWE7;A0A7P0T9J4;F8VUC8;A0A7P0TAY6;Q1P9K4",0,5,"Tumor_only_5v0"
"O14879;Q5T765;A0A7P0T855;A0A7P0T7D6;B4DLS7",5,0,"Normal_only_5v0"
"P46531;A0A7P0T8W1;A0A7P0TB20;A0A7P0T8U6;A0A7P0TAK8;A0A7P0TA56;A0A7P0TBG2;A0A7P0Z4H9",5,0,"Normal_only_5v0"
"Q9BTW9;A0A804HJY5;A0A804HKT8;J3KR97;A0A804HLF8;A0A804HL62;A0A804HHW7;A0A804HLI2;A0A804HJ32;A0A804HI57;A0A804HIN6;A0A804HJ57;A0A804HIU1;A0A804HI02;I6L959;A0A804HJU6;A0A804HIC0;B4DE53;A0A0J9YVR1;A0A0J9YWI5;A0A804HKB9;A0A804HL21;I3L439;I3L4D2;I3L3H4;I3L131;I3L143;A0A804HJL5;I3L0V3;I3L163;A0A1J1DRW2;I3L1S3;A0A804HJ99;A0A0J9YVU1;A0A804HK36",5,0,"Normal_only_5v0"
"A0A804HK76;A0A804HJC2;H7C5L4;A0A0C4DGA1",5,0,"Normal_only_5v0"
"O14896;G0Z349;A0A8Q3SJ75;B2R762;B1AJU4;A0A2R8YHF3;A0A8Q3WL17",0,5,"Tumor_only_5v0"
"Q9BYF1;B2RCJ5;A0A8S0M502;A0A7I2V2E9;A0A7I2V3N4;A0A7I2V4H0;A0A7I2V3X6;A0A7I2V5W5",0,5,"Tumor_only_5v0"
"Q12913;A0A8V8TP51;Q9NPR5;E9PPH3;E9PJ83",5,0,"Normal_only_5v0"
"A0A8V8TPN2;A8K6N9;Q5SWX3;Q13555;A0A2Q3DQE3;A0A8V8TQ60;Q8WU40;H0Y6G2;B3KY86;H7BXS4;B3KTH7;A0A804CJ50;A0A8V8TQ77;Q13280;A0A8V8TQS2;Q59FI6;A0A8V8TQW6",0,5,"Tumor_only_5v0"
"Q8IV08;A0A8V8TQH6;A0A8V8TRD4;A0A8V8TQH4;B4DEL6;A0A8V8TPY8;M0R2E7;M0QY94;M0QX50;M0QX99;A0A0A0MS28;E2QRG1;M0R1F7",5,0,"Normal_only_5v0"
"Q9NUM4;A0A994J7D5;C9JZ87;A0A994J4F8;A0A994J4C4;Q8N353;F2Z3N7;A0A994J4M3",5,0,"Normal_only_5v0"
"Q93050;K7ENA1;K7ERA6;A0A994J4L9;Q53X12;Q53ET5;A0A994J735;K7EN36;A0A994J4L1;A0A994J6N3;Q5CZH6;A0A994J731;A0A994J6N0;A0A994J3Z9;A0A994J3Z0;A0A994J728;A0A994J3Z4;B7Z641;A0A994J473;B7Z2A9;A0A994J4L6;K7EM24;B7Z2J9;K7EPG4;K7ELZ6;F5H1T6;Q6AHY6;A0A994J403;K7EQW2",0,5,"Tumor_only_5v0"
"Q6R327;D6R9S6;A0AA34QVX7;Q8N6M7;A0AA34QVL6",5,0,"Normal_only_5v0"
"Q5T601;A0PJH0;A0A0C4DH10;Q8TDT4;H7C570;H7C4N3",0,5,"Tumor_only_5v0"
"A1L4H1;M0QZ17",5,0,"Normal_only_5v0"
"Q01973;A2VCQ3",5,0,"Normal_only_5v0"
"P37173;A3QNQ0;D2JYI1;A0A8A3P3K3;B4E2S6;W8DYI2;W8DXL6;A0A0S2Z539;W8DY43;A0A0S2Z4H5;W8DXU8",5,0,"Normal_only_5v0"
"O60443;C9JSR4;A4FTY0;A4FVA8;A8K410",5,0,"Normal_only_5v0"
"O95832;A5JSJ9;B4DLC3;Q7Z4X9",0,5,"Tumor_only_5v0"
"O14841;A7E261;A0A087WY99;Q9HBQ9",0,5,"Tumor_only_5v0"
"A8K0D8;Q8IZF2;B4DTV3;B4DLD2;Q4G0K7;Q8NGA9",5,0,"Normal_only_5v0"
"Q08174;B4E2D8;A8K0E7;B4DUA8;H0Y9F5;D6RBG2",0,5,"Tumor_only_5v0"
"O75936;A8K243;E9PKC9",0,5,"Tumor_only_5v0"
"P18564;E9PEE8;A8K2N5;B4E2B8;A0A087WXP3",0,5,"Tumor_only_5v0"
"A8K2U0;H0YGG5;Q6ZWK7;H0YH14",0,5,"Tumor_only_5v0"
"A8K430;P05062;A0A3B3IS80;Q8NHT3;A0A3B3ITZ0",5,0,"Normal_only_5v0"
"Q9NXU5;A8K4C1;A0A0B4J222",0,5,"Tumor_only_5v0"
"O95274;Q5JPJ9;B2RBR3;A8K4E0",0,5,"Tumor_only_5v0"
"Q9NQW6;A8K5D9;B4DSL6;C9JJT6;H7C3S1;H7C1C2;H7C1K5",5,0,"Normal_only_5v0"
"P04818;Q53Y97;Q53FB7;A8K9A5",5,0,"Normal_only_5v0"
"O95980;A8K9D8;B2RCE6",5,0,"Normal_only_5v0"
"Q93079;I6L9F7;Q99877;P62807;O60814;P58876;Q5QNW6;Q99879;B2R4S9;B4DR52;Q0D2M2;U3KQK0;A8K9J7;P57053;Q99880;Q96A08;A0A2R8Y619;L0R4T3",5,0,"Normal_only_5v0"
"Q92828;A8K9S3",0,5,"Tumor_only_5v0"
"A8MQ03",0,5,"Tumor_only_5v0"
"P04233;U6FVB0;A9YLN4;M1VPF6;E7EQJ3;H0YBZ8;H0YBZ2;B4DUJ2",5,0,"Normal_only_5v0"
"Q9UBC9;B1AN48",0,5,"Tumor_only_5v0"
"O00762;Q5TZN3;B2R4U3;A0A0A0MSE8",5,0,"Normal_only_5v0"
"P46976;C9JQ42;B2R5R5;G5E9W8;B4DSX6;C9J8R8;C9J7C7",0,5,"Tumor_only_5v0"
"Q9NRQ2;B2R720;E9PHR9;A8K9V0;C9J916;C9J6E1",0,5,"Tumor_only_5v0"
"Q99618;J3KMY0;B2R749;F5GX58;F8WDL1",5,0,"Normal_only_5v0"
"P35367;B2R782;A8K7Z2",5,0,"Normal_only_5v0"
"P43007;Q9P2X2;Q53F03;B2R7N6;B7Z9M1;B7Z561",5,0,"Normal_only_5v0"
"O60256;E7EPA1;B2R7R5;C9JDU5;C9JJS3;C9K0K7;C9JDH0;I3L4G9;E7EW35;I3L0S1",5,0,"Normal_only_5v0"
"B2R7Y0;H7C004;H7BYS2;E9PDK7;Q6LDR6",0,5,"Tumor_only_5v0"
"O00421;B2R8C0;C9JP23",5,0,"Normal_only_5v0"
"Q9Y5Y6;B2RAF9;Q8WVC1;B4DYI7",0,5,"Tumor_only_5v0"
"Q14624;B2RMS9;B7ZKJ8;B7Z8Q7;Q68DH2;B7Z551;B7Z544;Q59FS1;H7C0L5",0,5,"Tumor_only_5v0"
"O95816;B3KM36;B3KN59",5,0,"Normal_only_5v0"
"O94855;E9PDM8;B3KM89;Q49AI3;E9PC44;A8K6V0;Q9NWP5;Q4W5D3",5,0,"Normal_only_5v0"
"Q9NZT2;B3KMQ6;Q05BV5;Q6PK21;A0A0A0MRN5;V9H0E3;V9H0H8",5,0,"Normal_only_5v0"
"Q5T2T1;B3KQ45;S4R337;U5GXS2",0,5,"Tumor_only_5v0"
"B3KQM8",0,5,"Tumor_only_5v0"
"O95084;B3KQQ9;E9PRR2;B7ZB43;B4E201",5,0,"Normal_only_5v0"
"Q13183;B3KRN0;J3QL78;B4E1M6;B4E1Q2;Q4VAR9",0,5,"Tumor_only_5v0"
"Q7L1W4;B3KRU1;Q53GZ4;Q658W7;Q659A9;E9PJ89;Q5VWA0;E9PJS7;E9PL08;E9PMF9",0,5,"Tumor_only_5v0"
"P49441;Q6IBG4;B5BU62;B3KSH8;E7ET59;E7EUX4;E7ENF2;X5DRF6;C9J173;B8ZZF6;C9J128;C9J2Z6;X5DP77;A0A0S2Z3X1",0,5,"Tumor_only_5v0"
"O00182;B3KWW5;B4DJD7;Q6DKI2;Q3B8N2;J3QS92;J3KSY2;J3KSA0;J3QSH0;J3KS82;B4DWP7;J3KT17;J3QR96;B4DKP4",0,5,"Tumor_only_5v0"
"Q8IVB5;B3KY58",5,0,"Normal_only_5v0"
"B4DE59;K7EMS3",5,0,"Normal_only_5v0"
"P53985;B4DKS0;B2R6A5;Q5T8R5;Q5T8R3;Q5T8R4",0,5,"Tumor_only_5v0"
"P22223;B4DLF0;J3QR60",0,5,"Tumor_only_5v0"
"P15559;Q3B792;B4DLR8;H3BNV2;H3BRK3;Q53G81;B4DQP5",0,5,"Tumor_only_5v0"
"P25116;B4DLS3;Q16292",5,0,"Normal_only_5v0"
"P55287;H3BUU9;B4DMA7;Q96CZ9;Q59EQ1",5,0,"Normal_only_5v0"
"P36269;B4DND4;B4DEL3;H7C1X2",5,0,"Normal_only_5v0"
"P78324;B4DP97;Q5TFQ8;H3BQ21;Q2QD20;O00241;H3BTT9;H3BU43;H3BSK5;H3BUA5;H3BRP9;H3BV43;H3BML4;H9KV29;A2RRP5",0,5,"Tumor_only_5v0"
"P29350;B4DTD7;B4DPS0;Q53EL0;Q53XS4;F5GY79;F5H0N8;F5H5H9;F5H1Z8",0,5,"Tumor_only_5v0"
"Q92633;Q6GPG7;Q5VZX0;B4DQ18;B1AP63",5,0,"Normal_only_5v0"
"P13928;B4DQE1;B4DTB3;A0A087WTN9;A0A075B765;Q5T2P7;B4DLF6",0,5,"Tumor_only_5v0"
"O75110;Q2NLD0;B4DR18;A0A0A0MR22;O43861;B3KSI8;Q6ZS89;I2FK91",0,5,"Tumor_only_5v0"
"B4DUA3;B4DTT4",0,5,"Tumor_only_5v0"
"O60669;B4DWX9;F8W0N3;F8VS95",0,5,"Tumor_only_5v0"
"Q7Z304;B4E320;A0A0G2JQ91;B4E1Y9",5,0,"Normal_only_5v0"
"Q4VNC1;B7WPN9;H0Y4Z2;B3KU47;H7C1P5;F8W9W3",0,5,"Tumor_only_5v0"
"B7Z8V4;B7ZKV6;B7Z447;Q9UIV8;A0A0A0MQW3;B7Z8T4;F8WE70;B7Z4X7;Q92661;H7BZS9;C9JL93",0,5,"Tumor_only_5v0"
"P40123;E9PDI2;B7Z4M3;B7Z385;Q5JPJ8;F8WDB9;F8WEW0",5,0,"Normal_only_5v0"
"P11169;Q59F54;B7Z5A7;B7Z966;Q8TDB8;B7Z5J8",5,0,"Normal_only_5v0"
"Q96PD2;B7Z7Y3;Q14089;C9JIW6",5,0,"Normal_only_5v0"
"B7Z938;Q5D044;Q16363;A0A0A0MTC7;A0A0A0MQS9;Q05CF9;E5RFQ2;H0YAQ5;H0Y351;A0A494C139;H0YAP9",5,0,"Normal_only_5v0"
"Q6UXY8;B7Z946;F5GYU8;B7Z5K3;H3BN68;B3KY88;B3KSM9;B3KUQ8",0,5,"Tumor_only_5v0"
"P55290;B7Z9B1;B7Z3H7",0,5,"Tumor_only_5v0"
"Q9H8M9;B8ZZF5;C9J5M4",5,0,"Normal_only_5v0"
"Q9NZW5;B8ZZG1;C9J4Q3;C9JGI8",5,0,"Normal_only_5v0"
"P11387;B9EG90;A0A7P0T852",5,0,"Normal_only_5v0"
"O00220;F8U8C0;C1K3N4",5,0,"Normal_only_5v0"
"C5IX07;D1MF27",0,5,"Tumor_only_5v0"
"C7DJS2",0,5,"Tumor_only_5v0"
"Q70E73;C9K0J5;C9J164",5,0,"Normal_only_5v0"
"Q15399;Q6FI64;Q5FWG5;D1CS44;D1CS43;D1CS38;D1CS36;D1CS35;D1CS34;D1CS42;A8KAB7;D6RAP2",0,5,"Tumor_only_5v0"
"Q9UMD9;D3DRA2;A0A3B3ITM2;B4DTI2;B4DT99;A2A2Y8;A0A3B3IUC2",0,5,"Tumor_only_5v0"
"D5FWD0",0,5,"Tumor_only_5v0"
"P01591;D6RD17;D6RHJ6",0,5,"Tumor_only_5v0"
"Q9Y6B6;D6RD69;Q53F37;D6R9R5;Q9H029;X1WI22;D6RAA2;Q5SQT8;D6RDB2",0,5,"Tumor_only_5v0"
"O00515;Q63HQ8;E9PDI4;Q6IPJ9;A0A0J9YVY2;A0A0J9YYF6;A0A0J9YW63",0,5,"Tumor_only_5v0"
"Q969G5;E9PIE3",5,0,"Normal_only_5v0"
"Q9H7C9;E9PR47;E9PIQ4;E9PNP3;E9PJP1;E9PLK9;K4DI89",5,0,"Normal_only_5v0"
"Q96BJ8;F8W9E7;I3L4D1",0,5,"Tumor_only_5v0"
"Q96FZ5;F8WDZ3;Q8NDQ0",5,0,"Normal_only_5v0"
"Q5T5C0;Q14DD4;H0Y332;Q3B794;F6VFW0;A0A9L9PXY2;Q3LIE1;B3KXX0;A0A9L9PY07",0,5,"Tumor_only_5v0"
"O43598;H0Y8X4",5,0,"Normal_only_5v0"
"H0Y9E9;A0A087WZ65;H0Y3A4;H0YA66;A0A087WTE8;A0A087WVC2;B1AQT0;A0A087WWI5;A0A5F9ZGS7;A0A5F9ZI36;A0A5F9ZI69;A0A5F9ZHQ3;A0A5F9ZGX8;A0A5F9ZHR2;A0A5F9ZI73;A0A5F9ZHJ4;A0A5F9ZI15;A0A5F9ZHJ6;A0A5F9ZHE2;A0A5F9ZI08;A0A5F9ZHA1;A0A5F9ZHL5;A0A5F9ZHL3;A0A5F9ZGS5;A0A5F9ZHN0;A0A5F9ZH17;A0A5F9ZI18;A0A5F9ZI56;A0A5F9ZGY1;A0A5F9ZH39;A0A5F9ZHG3;A0A5F9ZHQ5;A0A994J7V8;A0A5F9ZHC9;A0A5F9ZI81;A0A5F9ZH70;A0A5F9ZH03;A0A5F9ZH35;A0A5F9ZH58;A0A5F9ZHM6;H0YAH5;A0A5F9ZHY6;A0A5F9ZI45;A0A5F9ZH34;A0A5F9ZGZ1;B7Z636;A0A5F9ZH38;A0A5F9ZHL9;E9PHW9;A0A5F9ZI53;A0A5F9ZI16;A0A5F9ZI41;E9PCH6;B7Z2H4;A0A5F9ZH10;A0A669KB19;A0A5F9ZH18;B7Z651;A0A0U1RQN6;A0A5F9ZH99;H0Y8Y2;A0A5F9ZHV4;H0Y931;Q7Z344;B7Z678;A0A5K1VW73;A0A087X0B4;D6RHY3;H0YAG3",0,5,"Tumor_only_5v0"
"Q9GZS3;H0YN81;H0YMF9;H0YL19;H3BQA8;H0YM76;H0YLA1;B4E387",0,5,"Tumor_only_5v0"
"H3BMA1;H3BUX1",0,5,"Tumor_only_5v0"
"O14618;J3KNF4;E9PP76;E9PK03",5,0,"Normal_only_5v0"
"Q9UK76;J3KT51;J3KSH8",5,0,"Normal_only_5v0"
"J3QSU6;F5H7V9",5,0,"Normal_only_5v0"
"O00204",0,5,"Tumor_only_5v0"
"O00212;E9PIG5;A0A0B6XJZ9",0,5,"Tumor_only_5v0"
"O00534;A8K6N3;B4DHS6;B2RC43",0,5,"Tumor_only_5v0"
"O14495;A0A286YF41;A0A286YEZ7;A0A286YES4",5,0,"Normal_only_5v0"
"O14828;Q6FHJ5",5,0,"Normal_only_5v0"
"O15439;O75555;A0A2R8YDC1;Q59GY6;A0A2R8Y6V8;A8K2Q2;B7Z5H4;A0A5C0NTB8",5,0,"Normal_only_5v0"
"O43150;Q53RS3;A0A286YFG8;Q53RT9;Q8N282",5,0,"Normal_only_5v0"
"O43294;H3BQC4;H3BSN4;I3L209;H3BS04;H3BN49",5,0,"Normal_only_5v0"
"O60218",0,5,"Tumor_only_5v0"
"O60487",0,5,"Tumor_only_5v0"
"O60503;I3NI20;I3L342",5,0,"Normal_only_5v0"
"O60635",0,5,"Tumor_only_5v0"
"O75051;Q9HAE7;A4D1N7",5,0,"Normal_only_5v0"
"O76027",0,5,"Tumor_only_5v0"
"O76070;Q6FHG5;A9XXE1;F8W754;Q16143;G4Y815;G4Y816",0,5,"Tumor_only_5v0"
"O94919",5,0,"Normal_only_5v0"
"O95049;Q2VPE5;Q96KB4;K7ESC0",0,5,"Tumor_only_5v0"
"O95171;Q8WW87;F2Z2X8",0,5,"Tumor_only_5v0"
"P00918;V9HW21;A0A0K0K1L1;E5RID5;E5RK37",0,5,"Tumor_only_5v0"
"P01040;C9J0E4",0,5,"Tumor_only_5v0"
"P02511;V9HW27;E9PNH7;A0A024R3B9;E9PJL7;A0A140G961;C3VMY8;E9PRA8;B4DIA6;E9PS12",0,5,"Tumor_only_5v0"
"Q93077;Q7L7L0;P04908;Q08AJ9",5,0,"Normal_only_5v0"
"P07305",5,0,"Normal_only_5v0"
"P07476;B4DU44;B4DWR5",0,5,"Tumor_only_5v0"
"P07996;A0PJG0;A8MZG1;A0A0B6XK25;P35442;Q6MZL6;A0A7I2YQ86;A0A7I2V585;A0A7I2YQT6;A0A3B3ITK0",5,0,"Normal_only_5v0"
"P09467;Q2TU34;A0A3B3IUC7;B2RE74;A8QID0;Q5VZC3;A0A804HJK9",5,0,"Normal_only_5v0"
"P09488;X5DR03;X5D932;E7EWW9;Q03013;X5DNN9;B9ZVX7;A0A140VKE3;H3BRM6;A6NNT0",5,0,"Normal_only_5v0"
"P09769;Q5TGY6;B7Z6W7;P78453",0,5,"Tumor_only_5v0"
"P09914",5,0,"Normal_only_5v0"
"Q71UI9;P0C0S5;C9J0D1;A0A494C189;C9J386",5,0,"Normal_only_5v0"
"P10915;D6RBS1;D6RC59;D6RAK7;D6RBX9;D6RFI7;D6RG04",5,0,"Normal_only_5v0"
"P13688;Q3KRG8;P31997;M0R2K4;M0R109;Q13984;Q0Z7S6",0,5,"Tumor_only_5v0"
"P14209;B2R932;A8MQT7",0,5,"Tumor_only_5v0"
"P16298;Q5F2F8;B7Z781;B7Z6P2;Q5F2G0",5,0,"Normal_only_5v0"
"P18510;A0A8Q3WMN6",0,5,"Tumor_only_5v0"
"P18827;Q53H42;E9PHH3;H7C1K4;B4DRQ9",0,5,"Tumor_only_5v0"
"P19883;Q6FHE1;H0YA75;H0YAF9",5,0,"Normal_only_5v0"
"P21266;Q6FGJ9;Q59EJ5;A4UJ43;B4E2J2",5,0,"Normal_only_5v0"
"P22528",0,5,"Tumor_only_5v0"
"P23743;G3V4E1;B4E0C6;F8W1H7;H0YJH4;G3V327;C9JM35;F8W1M3;F8VNZ9;G3V4I3;H0YJE7;O75484;F8VWX8;G3V312",0,5,"Tumor_only_5v0"
"P23919;Q6FGU2;Q53F55;H7C312;H7BZ20",5,0,"Normal_only_5v0"
"P30838;Q6PKA6;C9JMC5;E9PNN6;I3L3I9;A8MYB8;Q8N9T9;B3KSJ6;C9JKT2;I3L4E5;I3L1H6;I3L3W9;J3QS00;E9PJV0;I3L1M4",0,5,"Tumor_only_5v0"
"P31146;Q59G88;H3BTU6;H3BRY3;H3BRJ0;H3BNA2;H3BU76;B4DJS1;Q6ZW98;H3BSL1",0,5,"Tumor_only_5v0"
"P32320;Q71UE9",5,0,"Normal_only_5v0"
"P32929",5,0,"Normal_only_5v0"
"P35240;A0A5K1VW66;B7Z4B6;A0A5F9ZHA0",0,5,"Tumor_only_5v0"
"P36404;Q53YD8;V9GYD0;B4DGG0",5,0,"Normal_only_5v0"
"P48060;B4E3S5;F6VVE8",5,0,"Normal_only_5v0"
"P49366;Q5J8M5;M0R253;M0QX43;A0A3B3IU31;B4DU50;B4E3M2;M0R264;M0R0J4;M0QYZ7;M0R1T4;M0R1T2",5,0,"Normal_only_5v0"
"P53794",5,0,"Normal_only_5v0"
"P54687;F5H2F2;A0A087WYF2",5,0,"Normal_only_5v0"
"P55085",5,0,"Normal_only_5v0"
"P57735",0,5,"Tumor_only_5v0"
"P62745;B4DMJ8",0,5,"Tumor_only_5v0"
"P63313",0,5,"Tumor_only_5v0"
"P78539;V9HW11",5,0,"Normal_only_5v0"
"P98172",0,5,"Tumor_only_5v0"
"Q12923;Q59H55;Q4W5F5;Q6AWB9;D6R9M4;D6R9X4",0,5,"Tumor_only_5v0"
"Q13636;Q53EY4;J3QR51",5,0,"Normal_only_5v0"
"Q13643;Q96C98;Q9P100",5,0,"Normal_only_5v0"
"Q14134;Q53G41;Q0P6H7;B7Z5V8;B7Z8U9;E9PRL4;B7Z5V5;H0YD78;E9PIQ2;H0YF27;E9PPX1;E9PM74;E9PI31;E9PLI4;E9PJ94;E9PJD4",0,5,"Tumor_only_5v0"
"Q14558;C9JNQ3;C9JKT9;C9JUN4;C9J168;B4DP31",5,0,"Normal_only_5v0"
"Q14644;B7Z3G9",5,0,"Normal_only_5v0"
"Q14CE1;Q8IZP9;Q499H0;A8K4P7",0,5,"Tumor_only_5v0"
"Q15172",0,5,"Tumor_only_5v0"
"Q15386;B4DHJ9",5,0,"Normal_only_5v0"
"Q16348;Q86UE9;B4DXJ3;B4DL92",0,5,"Tumor_only_5v0"
"Q16394;D7RTA7;H7C1H6",5,0,"Normal_only_5v0"
"Q16651;H3BUJ8;H3BVC8;B4DKP1",0,5,"Tumor_only_5v0"
"Q2PPJ7;H7C1F9",0,5,"Tumor_only_5v0"
"Q53EZ4;H0Y432",5,0,"Normal_only_5v0"
"Q9NQY0;Q53HW0;H7BYV6;E5RHU4;Q8NF35",0,5,"Tumor_only_5v0"
"Q6ICS0;Q59EP1",5,0,"Normal_only_5v0"
"Q59F20",5,0,"Normal_only_5v0"
"Q59FZ8;B7ZB56;Q8N8M3;B4DH47;O76041;B0YJ47;A0A6Q8PF21;B7Z6B9;B7Z6N8;B7Z6P9;B3KUC9;Q6P516;H0Y3P5;A0A8I5KS37;Q9Y5Z1;Q14215;H7BZD5;A0A8I5QJN4;H0Y786;Q96MF8",0,5,"Tumor_only_5v0"
"Q9UNF1;Q5H909;Q5H907;B4DX55;B4DWM5;B4DNG7;Q9BX89;Q9BX88;Q9Y5V3;A0A087X070;Q12816;Q9BX91;G5E9N2;Q9BX90;B4DS47;B4DK08;Q9NVY3",5,0,"Normal_only_5v0"
"Q96JJ3;Q5JVZ5;B4DRL5;Q5JVZ4;B7Z1S8;B4DZ20;Q5JVZ8;Q5JW01;H0YCM7",5,0,"Normal_only_5v0"
"Q5K634",0,5,"Tumor_only_5v0"
"Q5K651;C9JKF1;B3KWI8;B3KWI1;Q8IVG5;B4E2J8",0,5,"Tumor_only_5v0"
"Q5T0Z8",0,5,"Tumor_only_5v0"
"Q7Z7D3;Q5T2L0",0,5,"Tumor_only_5v0"
"Q5T6V5;Q5T6V7;Q5T6V6",5,0,"Normal_only_5v0"
"Q5T749",5,0,"Normal_only_5v0"
"Q5VUB5;B3KMX9;Q9Y438",5,0,"Normal_only_5v0"
"Q68CZ2;C9JHU5;A0A994J537;E9PCX8;A0A994J7F3;Q8NDL6;Q59GW4;A0A994J4W0;A0A994J7T8;Q9H8D5;A0A0A7M2D8;Q0VG55;E9PF55;C9JWN9;E9PGF5;Q0VG54;B2RU35;A0A994J515;A0A494C067;Q9HBL0;C9JTD0;Q9UFN8;Q6PJM3;H0Y4U1;Q59G71;A0A2R8Y4T1;A7E2A6;F8VV64;Q9H757;B3KYA3;Q63HR2;A0A0A7M2A0",5,0,"Normal_only_5v0"
"Q6DT37",0,5,"Tumor_only_5v0"
"Q93063;Q6NUL1;A0A804HL74;A0A804HJW9;A0A804HLF7;A0A804HKG2;B7Z431;A0A804HKG8;A0A804HIU8;A0A804HHX4",5,0,"Normal_only_5v0"
"Q6PCB0;J3QLP3;J3QRR0",5,0,"Normal_only_5v0"
"Q6PCB8;D6RDX7",0,5,"Tumor_only_5v0"
"Q9Y223;Q6QNY7;Q6QNY5;A0A7I2SU25;Q6QNY6",5,0,"Normal_only_5v0"
"Q6UX06;B4DV64",0,5,"Tumor_only_5v0"
"Q6ZVX7",0,5,"Tumor_only_5v0"
"Q70J99;A0A8V8TNG5;B4DTQ6;K7EQ37;K7EN81;A0A8V8TNE8;A0A8V8TNT8;K7EN29;A0A8V8TPN4;K7EMK8;A0A8V8TQ40",5,0,"Normal_only_5v0"
"Q7Z478",5,0,"Normal_only_5v0"
"Q7Z699;H0YMN8",5,0,"Normal_only_5v0"
"Q86UK0;B3KVV3",0,5,"Tumor_only_5v0"
"Q8IUC4;B3KX27;A8MT19;K7EL35",0,5,"Tumor_only_5v0"
"Q8IXQ6;B7Z5L6;Q59ER9;Q63HJ7;G5E9U8;Q658Y0",0,5,"Tumor_only_5v0"
"Q8N9U0;H0YJ73",0,5,"Tumor_only_5v0"
"Q8NEG4",0,5,"Tumor_only_5v0"
"Q8TD43;B4DIX5;M0R3H6;M0QZ19",0,5,"Tumor_only_5v0"
"Q8WU03",0,5,"Tumor_only_5v0"
"Q8WUJ3;H0YL56",5,0,"Normal_only_5v0"
"Q8WV41;H3BPR3",0,5,"Tumor_only_5v0"
"Q969L2",0,5,"Tumor_only_5v0"
"Q96AP7;F8WDW9;C9JIE7",5,0,"Normal_only_5v0"
"Q96FX8",0,5,"Tumor_only_5v0"
"Q96H20;D6RJ86;D6RFY6",0,5,"Tumor_only_5v0"
"Q96IF1;H0YJL9;G3V5F5;G3V481",5,0,"Normal_only_5v0"
"Q96J84;Q5W0G0;B4DN67;Q5W0F9",5,0,"Normal_only_5v0"
"Q9BYG5",5,0,"Normal_only_5v0"
"Q9C0C9;K7ES11;K7EQ12",5,0,"Normal_only_5v0"
"Q9H4G4;Q5VZR0;A0A087WUM5;B4DQC5",5,0,"Normal_only_5v0"
"Q9H4L5;C9J8P4;C9JEF2;C9JZ19",5,0,"Normal_only_5v0"
"Q9H788;H0YAT1",0,5,"Tumor_only_5v0"
"Q9HCS5;Q8NEH8;Q8N8X1",0,5,"Tumor_only_5v0"
"Q9NRX5",5,0,"Normal_only_5v0"
"Q9NVM1",0,5,"Tumor_only_5v0"
"Q9NWQ8",5,0,"Normal_only_5v0"
"Q9NX84;Q9H329;Q59GC2",0,5,"Tumor_only_5v0"
"Q9NZQ7;Q0GN75",5,0,"Normal_only_5v0"
"Q9P0K7;B4DNL3;B3KMZ9",5,0,"Normal_only_5v0"
"Q9ULV0;A0A8V8TM52;Q7Z7A5;B3KSA2;B4E147;A0A8I5KRA4;Q59FF5;Q14782;A0A8I5KRL5;H0YM93;B4DVH2;A0A8I5QJF6",0,5,"Tumor_only_5v0"
"Q9UN76;B2R8J1",0,5,"Tumor_only_5v0"
"Q9UQC9;B4DKU6",0,5,"Tumor_only_5v0"
"Q9Y2J8;B4DIU3;Q6ZWF8",0,5,"Tumor_only_5v0"
"Q9Y4D7;H0YAB2;B4DRU3;H0YAM9;H0Y9D1;H0YA64",5,0,"Normal_only_5v0"
"Q9Y5L3",0,5,"Tumor_only_5v0"
"R4GN18",5,0,"Normal_only_5v0"
"X5D2K4;A0A649UPT4;A0A583ZB92;A0A8E4NFJ6;A0A4P2SR03",0,5,"Tumor_only_5v0"
