"UNIPROT","Symbol","CDS","rank_AHP","C_FC","C_FDR","C_Deg","C_Bet","P_FC","P_FDR","P_Deg","P_Bet","group_vs_FC_only_T10","group_vs_Centrality_only_T10","group_vs_FC_only_T15","group_vs_Centrality_only_T15","delta_r_vs_FC_only","delta_r_vs_Centrality_only"
"P02751","FN1",0.978975684315516,1,0.507494697834068,0.163898350068563,0.241860928031141,0.0657217083817437,0.518393567853425,0.167418203224484,0.247055092282753,0.0671331366393387,"stable","stable","stable","stable",1,0
"P08670","VIM",0.809089606966924,2,0.51811385853939,0.150822770470654,0.0902417708649226,0.0499112070919565,0.640366473723066,0.186410465753048,0.111534952479759,0.0616881080441278,"stable","promoted","stable","promoted",-1,65
"P07996","THBS1",0.737744152839176,3,0.435934730874373,0.0758026955018679,0.184924709777483,0.0410820166854519,0.590902319180298,0.10274930029624,0.250662386229438,0.055685994294024,"stable","promoted","stable","stable",2,13.5
"P39060","COL18A1",0.729174179799108,4,0.42609339908196,0.163898350068563,0.132201804779806,0.00698062586877865,0.58435064061011,0.224772564099455,0.181303464168504,0.00957333112193009,"stable","promoted","stable","promoted",4,31.5
"P17301","ITGA2",0.722385128492281,5,0.337912952513023,0.156867317140474,0.193145725169017,0.0344591336697669,0.467773960433398,0.217151919320208,0.267372233384897,0.0477018868614972,"stable","stable","stable","stable",9,8
"P03956","MMP1",0.721623838788613,6,0.427355675669605,0.152856059450072,0.113872436507315,0.0275396671616207,0.592213910764097,0.211822352912663,0.157800269872559,0.0381634664506808,"stable","promoted","stable","promoted",1,43.5
"P01033","TIMP1",0.714652204030212,7,0.419726647965137,0.163898350068563,0.113872436507315,0.0171547694891967,0.587315963762693,0.229340019025022,0.159339656220386,0.024004360991898,"stable","promoted","stable","promoted",2,42.5
"P22735","TGM1",0.71420451672406,8,0.429760537574288,0.149688566309645,0.0752655865261486,0.0594898263139785,0.601733155575003,0.209587818061193,0.105383800807337,0.0832952255564676,"stable","promoted","stable","promoted",-2,74
"P01903","HLA-DRA",0.706746363421681,9,0.46267439989448,0.114463007499384,0.0902417708649226,0.0393671851628946,0.654654093520146,0.161957688675207,0.12768621889757,0.0557019989070763,"stable","promoted","stable","promoted",-6,58
"P05556","ITGB1",0.70205709626444,10,0.251368116528136,0.149688566309645,0.239670355554043,0.0613300578726169,0.358045118930689,0.213214234434947,0.341382996951815,0.0873576496825495,"promoted","stable","promoted","stable",24,-8
"P21333","FLNA",0.683661499805706,11,0.295549734200499,0.125940282401571,0.200618292560347,0.0615531906432895,0.432304194816431,0.184214384512456,0.293446819248066,0.0900346014230473,"promoted","stable","stable","stable",13,-3.5
"P35321","SPRR1A",0.679994476921219,12,0.419082012765879,0.163898350068563,0.0569362182536576,0.0400778958331198,0.616302083310055,0.241028943074123,0.0837304127990056,0.0589385608168154,"stable","promoted","stable","promoted",-2,87
"P26006","ITGA3",0.661588992835954,13,0.268272813492304,0.155956915062478,0.196966953672337,0.0403923106088342,0.405497697811343,0.235730818909119,0.297718002876714,0.0610534804028243,"promoted","stable","promoted","stable",17,-3
"P05106","ITGB3",0.656796987883046,14,0.257726202690102,0.147958594825757,0.207467391305955,0.0436447990612318,0.392398575883839,0.225272949717156,0.315877501166156,0.0664509732328485,"promoted","stable","promoted","stable",18,-9
"P18084","ITGB5",0.645354062485573,15,0.333212016345539,0.082077212064303,0.193145725169017,0.0369191089067144,0.51632434924509,0.127181677214805,0.299286448163227,0.0572075253768774,"stable","stable","stable","stable",0,-2
"P00533","EGFR",0.636973872422697,16,0.223091261509476,0.110010874537685,0.22774487301463,0.0761268633609059,0.350236126108218,0.172708613807447,0.357541938334793,0.119513321749543,"promoted","demoted","promoted","stable",30,-13
"Q99816","TSG101",0.596801877224544,17,0.233125036184282,0.137770580545687,0.159840172557752,0.0660660879368246,0.390623831929686,0.23084810186321,0.267827864920761,0.110700201286343,"promoted","stable","promoted","stable",26,8
"P29317","EPHA2",0.592379037680129,18,0.344846718885935,0.100261834555599,0.102903954304094,0.044366529934501,0.582138625695502,0.169252840121156,0.173713024530857,0.0748955096524835,"stable","promoted","stable","promoted",-5,39
"P05362","ICAM1",0.588787865810044,19,0.212506520650463,0.147325934852182,0.175788458179487,0.0531669521279117,0.360922045086816,0.250219040518938,0.298559920112552,0.0902989942816936,"promoted","stable","promoted","stable",28,0
"O75874","IDH1",0.576765751874022,20,0.313374085866898,0.152856059450072,0.0569362182536576,0.0535993883033947,0.543329913138368,0.265022773896359,0.0987163646049734,0.0929309483603006,"stable","promoted","stable","promoted",2,79
"Q5JWF2","GNAS",0.576682374263628,21,0.301178753267143,0.131058219849905,0.0902417708649226,0.0542036302816579,0.522261069018663,0.227262399023821,0.156484357580988,0.0939921743765294,"stable","promoted","stable","promoted",2,46
"P09382","LGALS1",0.568167893870637,22,0.446660407764362,0.0472051842035801,0.0569362182536576,0.0173660836490368,0.78614158347015,0.0830831602996701,0.100210199956531,0.0305650562736493,"demoted","promoted","demoted","promoted",-18,77
"O75351","VPS4B",0.566091540553389,23,0.329891596734602,0.122327507311473,0.113872436507315,0,0.582753093982137,0.216091389021447,0.201155516996417,0,"stable","promoted","stable","promoted",-7,26.5
"O60437","PPL",0.552048862436638,24,0.319966999790318,0.113675572649291,0.0569362182536576,0.0614700717433715,0.579599056464032,0.205915780982772,0.103136193420184,0.111348969133012,"stable","promoted","stable","promoted",-3,75
"P43121","MCAM",0.551148148775563,25,0.380693069090576,0.09545779275317,0.0569362182536576,0.0180610686781588,0.690727293444292,0.173198064740379,0.103304743706656,0.0327698981086728,"demoted","promoted","stable","promoted",-14,74
"P08648","ITGA5",0.547111268838024,26,0.163706071642999,0.135294700004239,0.204114207372238,0.0439962898185485,0.299218972386886,0.247289185418503,0.373076225985517,0.0804156162090931,"promoted","demoted","promoted","demoted",38,-20
"O15230","LAMA5",0.546218578525598,27,0.241891434430592,0.128371149878606,0.165507357391071,0.0104486368253293,0.44284732145788,0.235017912106023,0.303005726824275,0.019129039611822,"promoted","stable","stable","stable",13,-3.5
"P06756","ITGAV",0.545433361879978,28,0.179667115738959,0.124958554921647,0.200618292560347,0.0401893986590256,0.329402505046061,0.229099581461142,0.367814487674284,0.0736834258185131,"promoted","demoted","promoted","demoted",28,-20.5
"O43633","CHMP2A",0.53348547008301,29,0.282738204740157,0.125940282401571,0.123547323476188,0.00125965946509465,0.52998295285561,0.236070688826772,0.231585170364553,0.00236118795306392,"stable","promoted","stable","stable",-3,13
"P16144","ITGB4",0.52152758453867,30,0.148742072712474,0.120142753959903,0.196966953672337,0.0556758041939559,0.285204612607496,0.230367017050839,0.377673127005485,0.10675524333618,"promoted","demoted","promoted","demoted",42,-20
"P06748","NPM1",0.516598720077732,31,0.276508392070238,0.0493622212566613,0.132201804779806,0.0585263019710266,0.535247923240368,0.0955523491216429,0.255908115219321,0.113291612418668,"stable","stable","stable","stable",-4,4.5
"P16070","CD44",0.512378301340016,32,0.12237214130936,0.100647077146931,0.225136984145995,0.0642220987377311,0.238831623020181,0.196431185480943,0.439396015711822,0.125341175787054,"promoted","demoted","promoted","demoted",52,-28
"P24821","TNC",0.50673983928612,33,0.23228695610482,0.128871243562325,0.132201804779806,0.0133798348391681,0.458394896347718,0.254314410613294,0.260886937498437,0.0264037555405495,"promoted","stable","stable","stable",11,2.5
"P05121","SERPINE1",0.506455540628901,34,0.246792762544857,0.129389822665732,0.113872436507315,0.0164005189109966,0.487294032242982,0.255481107986419,0.224841920706232,0.0323829390643668,"stable","promoted","stable","promoted",3,15.5
"P98088","MUC5AC",0.497035836319598,35,0.327131299464401,0.13462059963576,0.0333055526112651,0.00197838460817282,0.658164413026453,0.270846868170684,0.0670083526730844,0.00398036612977883,"demoted","promoted","demoted","promoted",-17,81.5
"P11047","LAMC1",0.491740371928678,36,0.164793513570147,0.131804791465454,0.175788458179487,0.0193536087135902,0.335123009981472,0.268037360748917,0.35748225733433,0.0393573719352807,"promoted","demoted","promoted","demoted",27,-17
"Q92626","PXDN",0.483128750159886,37,0.261517662450499,0.0922637019930328,0.0902417708649226,0.0391056148514319,0.541300144866048,0.190971251374503,0.186786174151421,0.0809424296080295,"stable","promoted","stable","promoted",-6,30
"P31431","SDC4",0.474641222368478,38,0.295058992981699,0.0638227811000341,0.0902417708649226,0.025517677421823,0.621646370092641,0.134465314204181,0.190126281941153,0.0537620337620251,"demoted","promoted","stable","promoted",-13,29
"P62987","UBA52",0.464555102854168,39,0.162452767079965,0.124720751790024,0.123547323476188,0.0538342605079914,0.349695366775385,0.268473537420546,0.265947618952259,0.11588347685181,"promoted","stable","promoted","stable",27,3
"P31944","CASP14",0.462543651452489,40,0.320047124688682,0.142496526763808,0,0,0.691928477849957,0.308071522150044,0,0,"demoted","promoted","demoted","promoted",-20,94.5
"P20020","ATP2B1",0.461045774124306,41,0.347370201475015,0.113675572649291,0,0,0.753439725447647,0.246560274552353,0,0,"demoted","promoted","demoted","promoted",-29,93.5
"P55268","LAMB2",0.45697376650156,42,0.243687915502514,0.0537601142634195,0.153752825172927,0.005772911562699,0.53326456213911,0.117643764706646,0.336458756374589,0.0126329167796535,"stable","demoted","stable","demoted",-3,-15.5
"Q9Y490","TLN1",0.452232790275336,43,0.141415022333196,0.0666121708700052,0.193145725169017,0.0510598719031181,0.312704043966156,0.147296198556167,0.427093588351748,0.112906169125929,"promoted","demoted","promoted","demoted",32,-30
"O00468","AGRN",0.451330877873833,44,0.244215910271358,0.131849381076326,0.0752655865261486,0,0.541101711059148,0.292134634566669,0.166763654374183,0,"stable","promoted","stable","promoted",-6,38
"P27824","CANX",0.447110523690385,45,0.136981653584222,0.113808650358539,0.140030735418679,0.0562894843289435,0.306370900093328,0.25454254446793,0.313190426078291,0.12589612936045,"promoted","demoted","promoted","stable",32,-14
"P61224","RAP1B",0.444169024179754,46,0.320266714329172,0.0669660915969241,0.0569362182536576,0,0.721046936851591,0.150767135823103,0.128185927325305,0,"demoted","promoted","demoted","promoted",-27,53
"P00750","PLAT",0.444163955828847,47,0.249457157029502,0.137770580545687,0.0569362182536576,0,0.561633049588624,0.310179560357605,0.128187390053769,0,"demoted","promoted","stable","promoted",-12,52
"P98160","HSPG2",0.440618691341451,48,0.161546598379085,0.118676498630155,0.140030735418679,0.0203648589135313,0.36663582719848,0.269340590769874,0.317804800773113,0.0462187812585324,"promoted","demoted","promoted","demoted",19,-17
"P15153","RAC2",0.439307975345864,49,0.274259484721256,0.0170884010127007,0.102903954304094,0.0450561353078133,0.624298897613533,0.038898453867693,0.234241033805677,0.102561614713097,"demoted","stable","demoted","stable",-21,8
"P09211","GSTP1",0.437586063156865,50,0.328967896829402,0.108618166327463,0,0,0.751778734578834,0.248221265421166,0,0,"demoted","promoted","demoted","promoted",-33,84.5
"P23229","ITGA6",0.42997600247738,51,0.108139722290014,0.111233234182308,0.184924709777483,0.025678336227574,0.25150176211451,0.258696377335989,0.430081466667926,0.0597203938815746,"promoted","demoted","promoted","demoted",36,-34.5
"P62837","UBE2D2",0.418839470361484,52,0.271942204826377,0.146897265535107,0,0,0.649275495911774,0.350724504088226,0,0,"demoted","promoted","demoted","promoted",-23,82.5
"P48509","CD151",0.417472766239313,53,0.154290407168575,0.100261834555599,0.132201804779806,0.0307187197353324,0.369581969522125,0.24016377273847,0.31667168608556,0.0735825716538433,"promoted","demoted","promoted","demoted",18,-17.5
"Q9H9H4","VPS37B",0.414117198586334,54,0.23994799438839,0.0493622212566613,0.123547323476188,0.00125965946509465,0.579420500301599,0.119198674735482,0.298339030346818,0.00304179461610078,"demoted","demoted","stable","stable",-13,-12
"Q16555","DPYSL2",0.409425857405072,55,0.253753686854447,0.0922637019930328,0.0333055526112651,0.0301029159463274,0.619779337980092,0.225348986450922,0.0813469691981708,0.0735247063708158,"demoted","promoted","demoted","promoted",-22,61.5
"P08238","HSP90AB1",0.408475184405127,56,0.0649240431115833,0.087604082273193,0.189138023033464,0.0668090359868868,0.158942441524652,0.214466106186531,0.463034304786251,0.163557147502565,"promoted","demoted","promoted","demoted",50,-41
"Q00610","CLTC",0.407907121349621,57,0.124486945565038,0.118612760096016,0.102903954304094,0.0619034613844728,0.30518453601191,0.290783744357216,0.252273002647321,0.151758716983553,"promoted","stable","promoted","stable",26,0
"Q08431","MFGE8",0.405119315556215,58,0.184671077301908,0.114350324846617,0.0902417708649226,0.0158561425427671,0.455843674223139,0.282263324545802,0.22275356271528,0.0391394385157794,"stable","stable","stable","stable",-4,9
"P08758","ANXA5",0.399306911785883,59,0.201854037874752,0.0770770125793145,0.0902417708649226,0.0301340904668941,0.505511003984299,0.193026993283414,0.225996015098562,0.0754659876337243,"stable","stable","stable","stable",-7,8
"P14923","JUP",0.396497502680985,60,0.170621388780564,0.0861110053761837,0.0752655865261486,0.0644995219980895,0.430321471451594,0.217179187243121,0.189826130094711,0.162673211210575,"stable","promoted","stable","promoted",1,22
"P61769","B2M",0.39428386942337,61,0.175564405160769,0.130483658078926,0.0752655865261486,0.0129702196575266,0.445274125511467,0.330938362428458,0.19089187350277,0.0328956385573045,"stable","promoted","stable","promoted",-4,21
"P11021","HSPA5",0.391938859454663,62,0.135363145039811,0.0811893967008703,0.123547323476188,0.0518389942377946,0.345368012827696,0.207148116963538,0.315220908812383,0.132262961396383,"promoted","demoted","promoted","demoted",16,-20
"P04439","HLA-A",0.381093974338809,63,0.172531570474087,0.120326597681047,0.0752655865261486,0.0129702196575266,0.452727101690407,0.315739963849628,0.197498757771579,0.034034176688387,"stable","promoted","stable","promoted",-3,19
"Q15836","VAMP3",0.373449791225463,64,0.145578354964896,0.0953274018880383,0.0752655865261486,0.0572784478463795,0.389820421340138,0.255261628545097,0.201541380647629,0.153376569467136,"promoted","promoted","stable","promoted",10,18
"Q9UIW2","PLXNA1",0.369554290643732,65,0.202475907406859,0.0578216409503236,0.0752655865261486,0.0339911557604008,0.54789218399863,0.156463183933281,0.203665844049713,0.0919787880183749,"demoted","promoted","stable","promoted",-14,17
"Q08380","LGALS3BP",0.364387069610179,66,0.202504040388392,0.128577476610521,0.0333055526112651,0,0.555738820823227,0.352859602696862,0.09140157647991,0,"demoted","promoted","demoted","promoted",-16,50.5
"Q96AC1","FERMT2",0.355014207727826,67,0.231623296949259,0.0331491399136438,0.0902417708649226,0,0.652433879848648,0.0933741219141792,0.254191998237172,0,"demoted","stable","demoted","stable",-22,0
"P49721","PSMB2",0.349511935848056,68,0.155253777048496,0.0892803722309342,0.0752655865261486,0.0297122000424769,0.444201645565517,0.255442985128116,0.215344824615286,0.0850105446910795,"stable","promoted","stable","stable",2,14
"O14786","NRP1",0.347827154534689,69,0.208737087534014,0.0427372606121554,0.0569362182536576,0.0394165881348628,0.60011728472797,0.122869247138935,0.163691125064186,0.11332234306891,"demoted","promoted","demoted","promoted",-20,30
"P30044","PRDX5",0.346345480374752,70,0.175141029160934,0.107729475372638,0.0569362182536576,0.00653875758752219,0.505683021968206,0.311046286084267,0.164391399570312,0.0188792923772158,"demoted","promoted","stable","promoted",-12,29
"P35625","TIMP3",0.344090555214981,71,0.234318132040201,0.0764668705635156,0.0333055526112651,0,0.680978098610708,0.222228914466253,0.0967929869230396,0,"demoted","promoted","demoted","promoted",-29,45.5
"Q03135","CAV1",0.341914446277791,72,0.108235403191032,0,0.175788458179487,0.057890584907272,0.316556976077856,0,0.51412995295515,0.169313070966994,"promoted","demoted","stable","demoted",14,-53
"P61586","RHOA",0.337948380937928,73,0.0438284544301796,0.031151076265397,0.196966953672337,0.066001896570014,0.1296897896316,0.0921770247247274,0.582831475995485,0.195301709648187,"promoted","demoted","promoted","demoted",46,-63
"Q96AP7","ESAM",0.334734233976053,74,0.24713015170286,0.087604082273193,0,0,0.738287652169274,0.261712347830728,0,0,"demoted","promoted","demoted","promoted",-38,60.5
"Q9H444","CHMP4B",0.331076705739624,75,0.174296109107079,0.0319736136912624,0.123547323476188,0.00125965946509465,0.526452348007095,0.0965746400666682,0.373168275914137,0.00380473601209899,"demoted","demoted","demoted","demoted",-16,-33
"P23528","CFL1",0.329259820976439,76,0.062528704026143,0.0668484232434088,0.14717798911858,0.0527047045883074,0.189906876097759,0.20302636089993,0.44699650471204,0.160070258290272,"promoted","demoted","promoted","demoted",31,-47.5
"Q9UK41","VPS28",0.325979242021406,77,0.128594433979935,0.072577825100189,0.123547323476188,0.00125965946509465,0.394486572772294,0.222645542244138,0.379003652840185,0.0038642321433827,"stable","demoted","stable","demoted",3,-35
"P61006","RAB8A",0.322859808138678,78,0.081748605236645,0.0638227811000341,0.113872436507315,0.0634159852946841,0.253201554284303,0.197679548494994,0.352699325331952,0.196419571888753,"promoted","demoted","promoted","demoted",21,-28.5
"Q96EY5","MVB12A",0.315502714799432,79,0.15632492832235,0.0453053499697663,0.113872436507315,0,0.495478869085889,0.143597337977162,0.360923792936948,0,"demoted","demoted","stable","demoted",-10,-29.5
"P55072","VCP",0.312895969102562,80,0.0347165693480161,0.0488438679378386,0.165507357391071,0.0638281744256359,0.110952433959405,0.156102579646299,0.528953306320225,0.20399168007407,"promoted","demoted","promoted","demoted",45,-56.5
"Q9NZZ3","CHMP5",0.312009765786278,81,0.168383500516919,0.0188192823280768,0.123547323476188,0.00125965946509465,0.539673814672387,0.0603163246530166,0.395972616962303,0.00403724371229295,"demoted","demoted","demoted","demoted",-19,-39
"P04179","SOD2",0.306401105200697,82,0.147017692036751,0.095908437322767,0.0569362182536576,0.00653875758752219,0.479821023949806,0.313015964025148,0.185822496352823,0.0213405156722239,"stable","promoted","stable","promoted",-9,17
"P54920","NAPA",0.304288904811605,83,0.212345499516818,0.0919434052947875,0,0,0.697841742367464,0.302158257632537,0,0,"demoted","promoted","demoted","promoted",-35,51.5
"P11233","RALA",0.301680887990263,84,0.0902324345463871,0.0734161227003703,0.0752655865261486,0.0627667442173568,0.299098942420573,0.243356890088244,0.249487420391635,0.208056747099546,"promoted","stable","stable","stable",10,-2
"Q9UQN3","CHMP2B",0.300529420676099,85,0.126811289027743,0.000267276638776767,0.132201804779806,0.0412490502297736,0.421959649549306,0.000889352656972739,0.439896381799801,0.137254615993921,"stable","demoted","stable","demoted",-4,-49.5
"P14625","HSP90B1",0.300100141252356,86,0.0821234844392533,0.0669660915969241,0.113872436507315,0.0371381287088636,0.273653601416319,0.223145818317399,0.379448126988914,0.123752453277368,"promoted","demoted","stable","demoted",12,-36.5
"P60033","CD81",0.298644685873753,87,0.0358808953505542,0.0546594444508114,0.153752825172927,0.054351520899461,0.120145768693578,0.183025002741612,0.514835295739778,0.181993932825033,"promoted","demoted","promoted","demoted",37,-60.5
"P07942","LAMB1",0.297772545029689,88,0.0853146583730747,0.0237332330498407,0.170808654760973,0.0179159988458006,0.286509484494511,0.0797025563504332,0.573621234099814,0.0601667250552408,"stable","demoted","stable","demoted",8,-66.5
"P01889","HLA-B",0.296910967925403,89,0.133758815828537,0.0749163459131904,0.0752655865261486,0.0129702196575266,0.450501430658309,0.252319226994715,0.253495473919504,0.0436838684274719,"demoted","stable","stable","stable",-10,-7
"P26038","MSN",0.296198499290697,90,0.0477503258513363,0.0583720091649453,0.14717798911858,0.0428981751558351,0.161210559694541,0.197070577010782,0.496889719127631,0.144829144167046,"promoted","demoted","promoted","demoted",28,-61.5
"P09496","CLTA",0.296146221864843,91,0.183926417824334,0.112219804040509,0,0,0.621066230952206,0.378933769047794,0,0,"demoted","promoted","demoted","promoted",-36,43.5
"P05026","ATP1B1",0.285797725561108,92,0.156919951437913,0.128877774123195,0,0,0.549059482995644,0.450940517004357,0,0,"demoted","promoted","demoted","promoted",-24,42.5
"P08134","RHOC",0.284477526861313,93,0.0805734494751369,0.0687856420454726,0.102903954304094,0.0322144810366094,0.283233091780982,0.241796400595843,0.36172964324968,0.113240864373496,"stable","demoted","stable","demoted",7,-36
"P07737","PFN1",0.268651534923314,94,0.0614071673276009,0.0230161964316193,0.132201804779806,0.0520263663842874,0.228575531292346,0.0856730501770231,0.492093986425735,0.193657432104895,"promoted","demoted","stable","demoted",14,-58.5
"P18206","VCL",0.257422344725203,95,0.0114297812240447,0.0241565384254078,0.170808654760973,0.0510273703147777,0.0444008900480103,0.0938400994334611,0.663534686327677,0.198224324190851,"promoted","demoted","promoted","demoted",43,-73.5
"Q14738","PPP2R5D",0.255542208052818,96,0.197720567102494,0.0578216409503236,0,0,0.773729587018468,0.226270412981531,0,0,"demoted","promoted","demoted","promoted",-43,38.5
"P62195","PSMC5",0.251888427001484,97,0.0833025793514212,0.063608061081437,0.0752655865261486,0.0297122000424769,0.330712213907828,0.252524746129215,0.298805258431763,0.117957781531193,"stable","demoted","stable","demoted",0,-15
"P10301","RRAS",0.244924746531982,98,0.0942217751383367,0.0888299453258493,0.0333055526112651,0.028567473456531,0.384696836364934,0.362682605917283,0.135982799136698,0.116637758581086,"stable","promoted","stable","promoted",-5,18.5
"P67809","YBX1",0.242918677644372,99,0.0556801879715445,0.0668484232434088,0.0752655865261486,0.0451244799032696,0.229213284509391,0.275188486499476,0.309838614535585,0.185759614455546,"promoted","demoted","stable","demoted",12,-17
"Q9Y446","PKP3",0.240106453783401,100,0.140885074081701,0.0659158270904348,0.0333055526112651,0,0.586760879858703,0.274527510826082,0.138711609315216,0,"demoted","promoted","demoted","promoted",-24,16.5
"Q16543","CDC37",0.234810681617036,101,0.124888741064648,0.0529857222987301,0.0569362182536576,0,0.531869931148767,0.225652947020302,0.242477121830929,0,"demoted","stable","demoted","stable",-19,-2
"P68104","EEF1A1",0.231133410783271,102,0.0307545769676603,0.0454017442190227,0.102903954304094,0.052073135292494,0.133059849995024,0.196430901379269,0.445214536294733,0.225294712330975,"promoted","demoted","promoted","demoted",24,-45
"P22626","HNRNPA2B1",0.2307362315105,103,0.088030489342579,0.0302656924304698,0.0752655865261486,0.0371744632113023,0.38152000995376,0.131170090767009,0.326197520144224,0.161112379135006,"stable","demoted","stable","demoted",-8,-21
"P52209","PGD",0.230160831479767,104,0.0997332686553339,0.0505053567925256,0.0333055526112651,0.046616653420642,0.433319900758619,0.219435064028109,0.144705562615214,0.202539472598056,"demoted","promoted","stable","stable",-12,12.5
"O15427","SLC16A3",0.223140141516886,105,0.102230506632428,0.087604082273193,0.0333055526112651,0,0.458144849857469,0.39259669585969,0.149258454282842,0,"demoted","promoted","demoted","stable",-15,11.5
"P13726","F3",0.221631689702862,106,0.0564890193172278,0.0577710984050749,0.0902417708649226,0.0171298011156364,0.254877898521469,0.26066262673234,0.407169980908002,0.0772894938381875,"stable","demoted","stable","demoted",3,-39
"P10599","TXN",0.21979369678697,107,0.0496602858751768,0.0123973636234971,0.102903954304094,0.0548320929842016,0.225940445977888,0.0564045457386933,0.46818428284516,0.249470725438257,"stable","demoted","stable","demoted",8,-50
"Q9UBC9","SPRR3",0.216491096841056,108,0.0765071770858665,0.0429698056684121,0.0569362182536576,0.0400778958331198,0.35339641307299,0.198483015215909,0.262995657024451,0.18512491468665,"stable","stable","stable","stable",-7,-9
"P63241","EIF5A",0.210168394772456,109,0.106333593411738,0.0705292487494522,0.0333055526112651,0,0.505944737917721,0.335584467045164,0.158470795037114,0,"demoted","stable","demoted","stable",-21,7.5
"P35613","BSG",0.20735609069312,110,0.00152308810381422,0.0114095239631521,0.140030735418679,0.0543927432074746,0.00734527786824617,0.055023818808572,0.675315275044996,0.262315628278187,"promoted","demoted","promoted","demoted",31,-79
"Q15758","SLC1A5",0.205033655490708,111,0.116400768217699,0.0886328872730084,0,0,0.567715421837049,0.43228457816295,0,0,"demoted","promoted","demoted","promoted",-26,23.5
"Q08722","CD47",0.203889666986499,112,0.0518753830245582,0.0221536052734076,0.113872436507315,0.0159882421812184,0.254428700538283,0.108654870062025,0.558500281992493,0.078416147407201,"stable","demoted","stable","demoted",2,-62.5
"P52565","ARHGDIA",0.199664373019932,113,0.040095498384981,0.0353636612743058,0.0902417708649226,0.0339634424957229,0.200814485721889,0.177115530124023,0.451967316452164,0.170102667701926,"stable","demoted","stable","demoted",8,-46
"Q9H0U4","RAB1B",0.197500429743049,114,0.0561629799007407,0.0260615909492877,0.0752655865261486,0.040010272366872,0.284368899722444,0.131957135400638,0.381090748126828,0.20258321675009,"stable","demoted","stable","demoted",-4,-32
"Q99497","PARK7",0.188107646964666,115,0.0298798047947328,0.0427372606121554,0.0752655865261486,0.0402249950316295,0.158844179260535,0.227195764243349,0.400119759832445,0.213840296663672,"promoted","demoted","stable","demoted",12,-33
"P19256","CD58",0.184187835870295,116,0.163167558753866,0.0210202771164287,0,0,0.885875866790513,0.114124133209487,0,0,"demoted","promoted","demoted","promoted",-51,18.5
"P35326","SPRR2A",0.183119938586433,117,0.104412641756145,0.0454017442190227,0.0333055526112651,0,0.57018718203022,0.247934466172797,0.181878351796982,0,"demoted","stable","demoted","stable",-28,-0.5
"Q15907","RAB11B",0.179210542841499,118,0.065658761739942,0.0802462284902922,0.0333055526112651,0,0.366377785028045,0.447776270402044,0.185845944569912,0,"demoted","stable","stable","stable",-13,-1.5
"P62873","GNB1",0.178325008881888,119,0.0274323268724247,0.013464560007789,0.0902417708649226,0.047186351136752,0.153833312805801,0.0755057301957415,0.506052243769652,0.264608713228807,"promoted","demoted","stable","demoted",11,-52
"P63218","GNG5",0.174968376447018,120,0.029324943303804,0.0369196662392802,0.0752655865261486,0.0334581803777855,0.167601391173015,0.211007651719623,0.430166799592724,0.19122415751464,"stable","demoted","stable","demoted",9,-38
"P62820","RAB1A",0.173513833334616,121,0.0167998807708419,0.0261942762573312,0.0902417708649226,0.0402779054415202,0.0968215642982417,0.150963619176209,0.520084013652642,0.232130802872907,"promoted","demoted","stable","demoted",13,-54
"P62258","YWHAE",0.165927476424374,122,0.0096218552632831,0.0197287661265731,0.0902417708649226,0.0463350841695957,0.0579883179725723,0.118899934789071,0.54386273334334,0.27924901389502,"promoted","demoted","promoted","demoted",18,-55
"P20340","RAB6A",0.164037919567544,123,0.0744200969191435,0.0326816043947424,0.0569362182536576,0,0.453676181186268,0.199232009774944,0.347091809038785,0,"demoted","demoted","demoted","demoted",-21,-24
"P08195","SLC3A2",0.163803773586942,124,0.0478607561360142,0.0123901457766279,0.0569362182536576,0.046616653420642,0.292183477144445,0.07564017302722,0.347587952382779,0.284588397445553,"stable","demoted","stable","demoted",-7,-25
"P30153","PPP2R1A",0.147677591043969,125,0.0244399107714108,0.0188192823280768,0.0569362182536576,0.0474821796908234,0.165495053099385,0.127434922218318,0.385544061567916,0.321525963114378,"stable","demoted","stable","demoted",6,-26
"P06753","TPM3",0.139073000297812,126,0.0545209290471556,0.0020315174751313,0.0569362182536576,0.0255843355218678,0.392031011989416,0.0146075620054287,0.409398072463626,0.183963353541531,"demoted","demoted","stable","demoted",-14,-27
"P35579","MYH9",0.137466104467731,127,0,0.00105094007099249,0.102903954304094,0.033511210092645,0,0.00764508512888851,0.74857692885485,0.243777986016265,"promoted","demoted","promoted","demoted",16,-70
"O75083","WDR1",0.132068079400109,128,0.0171596317797498,0.0292791755166817,0.0752655865261486,0.0103636855775286,0.129930198558908,0.221697594526066,0.569899909713433,0.0784722972015905,"stable","demoted","stable","demoted",5,-46
"P52292","KPNA2",0.12706772142229,129,0.102063724011821,0.0250039974104683,0,0,0.803223059872368,0.19677694012763,0,0,"demoted","stable","demoted","stable",-38,5.5
"Q9H4M9","EHD1",0.114730192810749,130,0.0490968162477292,0.0656333765630203,0,0,0.427932831322927,0.572067168677077,0,0,"demoted","stable","stable","stable",-14,4.5
"P18085","ARF4",0.111078734160188,131,0.0420426809720292,0.0357305005768941,0.0333055526112651,0,0.37849441920538,0.32166823692253,0.299837343872093,0,"demoted","demoted","stable","stable",-11,-14.5
"Q14974","KPNB1",0.110854695817712,132,0.0144188858905487,0.016513603895256,0.0333055526112651,0.046616653420642,0.130070140774721,0.148966209987268,0.300443317854864,0.420520331383145,"stable","demoted","stable","demoted",4,-15.5
"P07384","CAPN1",0.110773480913451,133,0.0528759949277418,0.057897485985709,0,0,0.477334416971645,0.522665583028353,0,0,"demoted","stable","demoted","stable",-20,1.5
"Q15005","SPCS2",0.110035018085821,134,0.0683241682397328,0.0417108498460881,0,0,0.620931131091775,0.379068868908223,0,0,"demoted","stable","demoted","stable",-30,0.5
"P84095","RHOG",0.109558352418863,135,0.0296978566076994,0.0375608052867986,0.0333055526112651,0.00899413791310026,0.271068850087839,0.34283835469884,0.303998297491107,0.0820944977222176,"stable","demoted","stable","demoted",-7,-18.5
"Q9UNF1","MAGED2",0.0934869613708367,136,0.072466684254408,0.0210202771164287,0,0,0.775152846897578,0.224847153102422,0,0,"demoted","stable","demoted","stable",-33,-1.5
"P37802","TAGLN2",0.0883492222463071,137,0.0366473083927172,0.0183963612423249,0.0333055526112651,0,0.414800577310673,0.2082232392611,0.376976183428227,0,"demoted","demoted","stable","demoted",-14,-20.5
"Q99436","PSMB7",0.0783631806732929,138,0.0102750285085158,0.0111519339111195,0.0569362182536576,0,0.131120615833013,0.142310889059155,0.726568495107832,0,"stable","demoted","stable","demoted",1,-39
"P04899","GNAI2",0.0750023634566816,139,0.0144437009189788,0.0272531099264378,0.0333055526112651,0,0.192576610300033,0.363363348438721,0.444060041261247,0,"stable","demoted","stable","demoted",-4,-22.5
"P31943","HNRNPH1",0.0677391222858827,140,0.0197599418610456,0.0146736278135721,0.0333055526112651,0,0.291706493887709,0.216619692112989,0.491673813999302,0,"stable","demoted","stable","demoted",-8,-23.5
"P31946","YWHAB",0.0547312975114514,141,0.0015020946269735,0.00796565996120158,0.0333055526112651,0.0119579903120112,0.0274448934206103,0.145541222726081,0.608528467725374,0.218485416127934,"stable","demoted","stable","demoted",1,-24.5
"O60664","PLIN3",0.0436813271875215,142,0.0399567786242442,0.00372454856327732,0,0,0.914733621822249,0.0852663781777519,0,0,"demoted","stable","demoted","stable",-20,-7.5
"P29401","TKT",0.0334540983146779,143,0.0132137795952489,0.020240318719429,0,0,0.394982386640843,0.605017613359158,0,0,"stable","stable","stable","stable",-6,-8.5
