"UNIPROT","Symbol","rank_AHP","delta_r_without_FC","delta_r_without_FDR","delta_r_without_Deg","delta_r_without_Bet","max_abs_delta_r","most_dependent_on"
"P09382","LGALS1",22,87,-8,-10,-4,87,"FC"
"P20020","ATP2B1",41,72,3,-19,-5,72,"FC"
"P09211","GSTP1",50,68,-2,-24,-5,68,"FC"
"P61224","RAP1B",46,60,-7,-12,-4,60,"FC"
"P31944","CASP14",40,59,13,-20,-5,59,"FC"
"Q96AP7","ESAM",74,51,7,-28,-6,51,"FC"
"P18206","VCL",95,-51,-8,32,7,51,"FC"
"P43121","MCAM",25,50,-4,-11,-3,50,"FC"
"P60033","CD81",87,-50,-4,19,6,50,"FC"
"P55072","VCP",80,-49,-6,24,12,49,"FC"
"P26038","MSN",90,-48,-5,13,0,48,"FC"
"P61586","RHOA",73,-47,-12,34,12,47,"FC"
"P35613","BSG",110,-47,-13,24,8,47,"FC"
"P35625","TIMP3",71,46,2,-18,-8,46,"FC"
"P62837","UBE2D2",52,43,19,-24,-5,43,"FC"
"P98088","MUC5AC",35,42,7,-16,-6,42,"FC"
"P08238","HSP90AB1",56,-42,-4,23,8,42,"FC"
"P23528","CFL1",76,-42,0,16,8,42,"FC"
"Q96AC1","FERMT2",67,40,-16,5,-6,40,"FC"
"P54920","NAPA",83,39,9,-25,-6,39,"FC"
"Q14738","PPP2R5D",96,38,0,-22,-7,38,"FC"
"P68104","EEF1A1",102,-37,-3,8,10,37,"FC"
"P01903","HLA-DRA",9,36,-5,-4,-1,36,"FC"
"Q16555","DPYSL2",55,36,2,-16,2,36,"FC"
"P16070","CD44",32,-26,-1,35,9,35,"Deg"
"P23229","ITGA6",51,-35,4,25,-1,35,"FC"
"P31431","SDC4",38,33,-6,-2,2,33,"FC"
"O14786","NRP1",69,33,-6,-5,7,33,"FC"
"P07737","PFN1",94,-33,-12,14,5,33,"FC"
"P15153","RAC2",49,32,-22,-4,3,32,"FC"
"P61006","RAB8A",78,-32,1,3,9,32,"FC"
"P62820","RAB1A",121,-32,-6,7,0,32,"FC"
"P62258","YWHAE",122,-32,-6,11,3,32,"FC"
"P10599","TXN",107,-31,-13,7,8,31,"FC"
"Q9Y490","TLN1",43,-25,-6,30,8,30,"Deg"
"P14625","HSP90B1",86,-30,2,4,0,30,"FC"
"P07942","LAMB1",88,-30,-18,24,-5,30,"FC"
"P09496","CLTA",91,24,9,-29,-12,29,"Deg"
"P08134","RHOC",93,-29,-2,0,-2,29,"FC"
"P67809","YBX1",99,-29,5,-1,6,29,"FC"
"P52565","ARHGDIA",113,-29,-4,6,1,29,"FC"
"Q00610","CLTC",57,-28,11,0,5,28,"FC"
"Q99497","PARK7",115,-28,2,1,4,28,"FC"
"Q03135","CAV1",72,-23,-27,27,9,27,"FDR"
"Q15758","SLC1A5",111,13,15,-27,-8,27,"Deg"
"P35321","SPRR1A",12,26,3,-8,-1,26,"FC"
"O60437","PPL",24,26,1,-11,7,26,"FC"
"P27824","CANX",45,-26,2,10,8,26,"FC"
"P13726","F3",106,-26,4,3,-2,26,"FC"
"P62873","GNB1",119,-26,-11,7,3,26,"FC"
"P08670","VIM",2,25,1,0,0,25,"FC"
"P29317","EPHA2",18,25,0,-3,1,25,"FC"
"O75351","VPS4B",23,25,0,0,-7,25,"FC"
"P11233","RALA",84,-25,5,-7,11,25,"FC"
"P19256","CD58",116,24.5,-5,-25,-8,25,"Deg"
"P05026","ATP1B1",92,13,20,-24,-12,24,"Deg"
"P63218","GNG5",120,-24,-1,2,0,24,"FC"
"P35579","MYH9",127,-24,-5,12,5,24,"FC"
"P11021","HSPA5",62,-22,-3,9,3,22,"FC"
"P11047","LAMC1",36,-21,7,15,-3,21,"FC"
"P00750","PLAT",47,21,15,-12,-4,21,"FC"
"Q9UQN3","CHMP2B",85,-12,-21,12,3,21,"FDR"
"P07996","THBS1",3,20,-1,6,2,20,"FC"
"P22735","TGM1",8,20,0,-5,1,20,"FC"
"Q08380","LGALS3BP",66,17,20,-19,-6,20,"FDR"
"Q9Y446","PKP3",100,20,5,-17,-6,20,"FC"
"Q08722","CD47",112,-20,-10,13,-5,20,"FC"
"P03956","MMP1",6,19,-1,0,0,19,"FC"
"P16144","ITGB4",30,-19,5,18,4,19,"FC"
"P62195","PSMC5",97,-19,1,-1,1,19,"FC"
"O00468","AGRN",44,18,10,-4,-6,18,"FC"
"P98160","HSPG2",48,-18,2,12,-2,18,"FC"
"Q9H9H4","VPS37B",54,18,-13,11,-6,18,"FC"
"P10301","RRAS",98,-4,15,-18,2,18,"Deg"
"O15427","SLC16A3",105,5,18,-17,-8,18,"FDR"
"P52292","KPNA2",129,10,-1,-18,-6,18,"Deg"
"P39060","COL18A1",4,17,3,4,-1,17,"FC"
"P01033","TIMP1",7,17,5,0,-3,17,"FC"
"P08648","ITGA5",26,-17,4,17,2,17,"FC"
"P62987","UBA52",39,-17,7,5,10,17,"FC"
"P55268","LAMB2",42,15,-8,17,-3,17,"Deg"
"P48509","CD151",53,-17,3,16,2,17,"FC"
"P52209","PGD",104,0,-1,-17,5,17,"Deg"
"P30153","PPP2R1A",125,-17,0,-1,9,17,"FC"
"P06756","ITGAV",28,-16,0,14,-1,16,"FC"
"P06748","NPM1",31,16,-12,6,6,16,"FC"
"Q92626","PXDN",37,16,-1,-5,7,16,"FC"
"Q9NZZ3","CHMP5",81,16,-15,8,-6,16,"FC"
"O75083","WDR1",128,-16,-1,7,-4,16,"FC"
"P07384","CAPN1",133,0,5,-16,-3,16,"Deg"
"Q15005","SPCS2",134,4,1,-16,-3,16,"Deg"
"P00533","EGFR",16,-13,-3,15,1,15,"Deg"
"O75874","IDH1",20,15,6,-9,5,15,"FC"
"Q16543","CDC37",101,15,0,-7,-5,15,"FC"
"P35326","SPRR2A",117,11,3,-15,-7,15,"Deg"
"Q9H4M9","EHD1",130,1,9,-15,-3,15,"Deg"
"P61769","B2M",61,-6,14,-11,-5,14,"FDR"
"P04439","HLA-A",63,-3,14,-7,-4,14,"FDR"
"Q9UIW2","PLXNA1",65,14,-7,-2,2,14,"FC"
"P30044","PRDX5",70,4,14,-4,-4,14,"FDR"
"P63241","EIF5A",109,10,9,-14,-8,14,"Deg"
"Q9H0U4","RAB1B",114,-14,-7,-1,3,14,"FC"
"Q15836","VAMP3",64,-13,5,-3,9,13,"FC"
"Q9H444","CHMP4B",75,13,-10,7,-5,13,"FC"
"Q15907","RAB11B",118,-4,11,-13,-7,13,"Deg"
"P08195","SLC3A2",124,-13,-10,-3,2,13,"FC"
"Q9UNF1","MAGED2",136,4.5,-4,-13,-1,13,"Deg"
"O43633","CHMP2A",29,12,4,1,-6,12,"FC"
"P05556","ITGB1",10,-8,1,11,0,11,"Deg"
"P05106","ITGB3",14,-10,2,11,0,11,"Deg"
"Q5JWF2","GNAS",21,11,1,-5,5,11,"FC"
"O15230","LAMA5",27,-7,2,11,-7,11,"Deg"
"P14923","JUP",60,-8,0,-11,9,11,"Deg"
"P04179","SOD2",82,3,11,-7,-4,11,"FDR"
"P01889","HLA-B",89,-7,1,-11,-7,11,"Deg"
"Q14974","KPNB1",132,-11,-2,-1,8,11,"FC"
"Q99816","TSG101",17,-4,3,10,7,10,"Deg"
"P05362","ICAM1",19,-9,5,10,2,10,"Deg"
"P08758","ANXA5",59,7,-10,-5,-1,10,"FDR"
"P49721","PSMB2",68,1,10,2,4,10,"FDR"
"Q9UK41","VPS28",77,-10,3,8,-6,10,"FC"
"P18084","ITGB5",15,2,-6,9,0,9,"Deg"
"Q08431","MFGE8",58,-4,9,-6,-4,9,"FDR"
"P26006","ITGA3",13,-8,4,5,0,8,"FC"
"P24821","TNC",33,0,5,8,-3,8,"Deg"
"P22626","HNRNPA2B1",103,-5,-8,-2,3,8,"FDR"
"Q9UBC9","SPRR3",108,-7,-2,-8,5,8,"Deg"
"P84095","RHOG",135,-8,-2,-3,-2,8,"FC"
"Q99436","PSMB7",138,-8,-2,4,-1,8,"FC"
"Q96EY5","MVB12A",79,7,-7,7,-5,7,"FC"
"P20340","RAB6A",123,0,1,-3,-7,7,"Bet"
"P04899","GNAI2",139,-7,1,-1,-1,7,"FC"
"P21333","FLNA",11,-4,-1,6,1,6,"Deg"
"P05121","SERPINE1",34,5,6,-1,-2,6,"FDR"
"P31946","YWHAB",141,-6,0,2,1,6,"FC"
"P17301","ITGA2",5,3,1,5,2,5,"Deg"
"P06753","TPM3",126,0,-5,3,2,5,"FDR"
"O60664","PLIN3",142,1,0,-5,-1,5,"Deg"
"P37802","TAGLN2",137,-1,-3,-1,-1,3,"FDR"
"P31943","HNRNPH1",140,-3,-3,0,-1,3,"FC"
"P18085","ARF4",131,-2,0,-1,-2,2,"FC"
"P29401","TKT",143,-1,0,-2,0,2,"Deg"
"P02751","FN1",1,0,0,0,0,0,"FC"
