"Symbol","degree","betweenness"
"ABCA1",8,163.084045962503
"ABCA12",2,0
"ABI1",36,1000.5494268368
"ACTR2",34,142.804698246796
"ACTR3",28,287.586701727691
"ADCY3",10,7.88732936870416
"ADCY9",14,37.9675261415122
"ADGRE5",4,9.48179925620503
"ADRM1",10,0
"AGL",6,4.44612068965517
"AGRN",16,343.205521544732
"AHCYL1",2,0
"ALDH3B1",2,0
"ALDOC",6,466
"ANLN",10,25.3634183091614
"ANP32A",6,34.8114220830299
"ANPEP",12,32.2661704115902
"ANXA2",30,1559.43285233617
"APEH",4,37.8399468351259
"APLP2",2,0
"APOE",30,1132.06111953607
"APP",48,3659.71091499424
"APRT",4,878.97975708319
"ARHGAP29",2,0
"ARPC1A",18,0
"ARPC1B",28,36.8068979980486
"ARPC2",30,255.659595656136
"ARPC3",28,36.8068979980486
"ARPC4",22,29.1084727183676
"ARPC5",28,36.8068979980486
"ARRB1",24,406.992172473368
"ATG5",8,102.836468124377
"ATG7",6,0
"ATP10B",6,0
"ATP11A",8,1
"ATP11B",4,0
"ATP6V0A1",18,0
"ATP6V0D1",18,0
"ATP6V1A",20,27.8497296604155
"ATP6V1B1",22,83.2334886479465
"ATP6V1C1",18,0
"ATP6V1D",18,0
"ATP6V1E1",20,27.8497296604155
"ATP6V1F",18,0
"ATP6V1G1",18,0
"ATP6V1H",20,3756.68502862306
"ATP8B1",6,0
"AZGP1",4,26.9908791255855
"B2M",28,2285.9422644008
"BAG2",4,0
"BAIAP2",26,375.270208169161
"BANF1",6,466
"BLMH",2,0
"BRK1",32,51.9795164233829
"CA2",6,118.176092137378
"CACNA2D1",2,0
"CALM1",22,506.466734322614
"CALM2",10,9.02359289574588
"CALM3",50,3747.6914421613
"CALML5",40,2339.45610836096
"CAMK2G",6,0.125
"CAND1",4,0
"CAPN1",6,19.9747472696657
"CAPN2",4,0
"CAPZA1",4,0
"CASP1",16,1980.25919001662
"CASP14",6,466
"CAT",2,0
"CAV1",66,4244.09130831297
"CCN1",6,11.7588177888309
"CCN2",18,336.907852691972
"CCRL2",4,1.30959595959596
"CCS",2,0
"CD14",6,0
"CD151",16,26.0557705720241
"CD36",38,931.756552761598
"CD40",14,14.7338057262318
"CD44",100,7386.24710011846
"CD46",2,0
"CD47",20,82.5414650708168
"CD59",10,852.091729661975
"CD74",122,4672.43344145631
"CDC42",100,9668.34268300245
"CDH11",4,0
"CDK1",34,2026.69640476772
"CDK5",10,428.448502185447
"CHMP2A",44,63.4583649570551
"CHMP2B",50,1766.17741531147
"CHMP3",46,235.237633005618
"CHMP4A",44,63.4583649570551
"CHMP4B",42,12.3886886769188
"CHMP4C",42,12.3886886769188
"CHMP5",38,11.5208315340617
"CHMP7",44,63.4583649570551
"CKB",4,0
"CLCA2",2,0
"CLCA4",2,0
"CLNS1A",6,0
"CLU",14,221.541182326497
"CNOT9",4,23.4915515569672
"COL12A1",20,468.337465483989
"COL18A1",22,3.22928132084122
"COL4A2",50,310.271224618297
"COL5A1",18,68.0542574467405
"COL6A1",46,298.556696732632
"COL6A2",44,295.922745940777
"COL6A3",40,274.752099752137
"COL7A1",2,0
"CPSF7",4,0
"CSTA",8,819.195929407415
"CSTB",2,0
"CTNNB1",84,14338.8008363549
"CUL1",16,365.792269216296
"CYFIP1",34,616.443422950557
"CYFIP2",28,17.4061908862553
"DDX1",16,510.49947756009
"DDX39B",58,131.961982919392
"DDX6",10,438.72539127404
"DHX15",40,64.1173783054349
"DHX9",84,2683.45934990519
"DIAPH1",6,466
"DKK1",2,0
"DOCK1",20,424.014632205247
"DSC2",4,0
"ECE1",2,0
"EDIL3",2,0
"EEA1",10,984.632674939665
"EEF1A2",30,427.343348872517
"EEF2",134,3044.96999040365
"EFTUD2",136,1733.37989345117
"EGFR",138,25606.7985888264
"EIF4A3",78,963.423124236604
"EIF4E",28,1304.07939771082
"ELMO2",8,2.20980715623453
"EMB",6,862.782950350634
"EPHA2",22,136.194168008711
"EPHB2",8,27.8135157559881
"EPRS1",108,2233.3841098156
"ETF1",118,72.082021516001
"EVPL",12,1989.12952744284
"F2",10,588.823106305085
"F2R",12,533.125727574463
"F2RL1",2,0
"FABP5",4,30.0527749131199
"FERMT2",12,76.1061737235826
"FGFBP1",2,0
"FGR",8,0
"FLNA",42,525.297156580152
"FLNC",32,103.905174396676
"FMNL1",2,0
"FN1",126,8172.31401623978
"FPR1",2,0
"FUS",46,1245.9078490129
"G6PD",8,1152.11451274973
"GBP1",6,12.444993529801
"GNAO1",2,0
"GNAS",22,978.695420107489
"GRB2",60,2174.50539889592
"GSDME",2,0
"GSPT1",108,42.0280438797441
"GSTP1",4,930.000000000001
"GYG1",4,0
"H2AC18",44,24.5203730104872
"H2AC19",38,0
"H2AC6",46,44.4009643373508
"H2AX",42,297.87780410034
"H2AZ2",34,44.4660885692933
"H2BC3",44,113.698816216332
"H2BC9",42,0.703728070175439
"H3C13",62,2760.329094227
"H3C14",48,45.4539921274142
"H3C15",46,44.4009643373508
"H4C1",50,56.1458058120094
"H4C11",50,56.1458058120094
"H4C12",50,56.1458058120094
"H4C13",50,56.1458058120094
"H4C14",50,56.1458058120094
"H4C15",50,56.1458058120094
"H4C2",50,56.1458058120094
"H4C3",50,56.1458058120094
"H4C4",50,56.1458058120094
"H4C5",50,56.1458058120094
"H4C6",58,747.806861085123
"H4C8",50,56.1458058120094
"H4C9",50,56.1458058120094
"HAPLN1",2,0
"HBS1L",106,26.4525067968006
"HLA-DRA",10,40.4057287279304
"HMGA1",2,0
"HNRNPA1",80,1950.65150762575
"HNRNPA2B1",58,1089.83293795333
"HNRNPA3",38,18.9310656977773
"HNRNPC",66,735.457674764059
"HNRNPD",36,138.379345227139
"HNRNPF",48,14.200143452689
"HNRNPH1",56,97.9194053758636
"HNRNPH2",34,2.69312903574621
"HNRNPK",68,2627.98895433943
"HNRNPL",50,19.4617674834683
"HNRNPM",60,270.103851994114
"HNRNPR",52,275.43504121598
"HNRNPU",52,45.3178325190349
"HP",12,82.2016885414835
"HSPA1A",8,267.573101292986
"HSPA1B",10,393.796315831812
"HSPB1",14,1332.06873959258
"HSPG2",28,527.752174532791
"ICAM1",44,1116.00687309205
"IDH1",12,886.89079264132
"IGF1R",38,584.916169095708
"IGFBP3",12,100.606903090901
"IGFBP7",14,402.203306374202
"IL18",10,312.012164148909
"ILF2",40,10.6406529894104
"INSR",10,52.6236159518565
"IQGAP1",42,1277.5263626678
"IQGAP3",14,128.696333600241
"ISG15",60,310.48076469124
"IST1",34,170.327717067361
"ITCH",12,159.114186147995
"ITGA1",46,23.4409781158825
"ITGA2",62,258.58747899065
"ITGA3",56,70.456533416773
"ITGA5",62,485.239951025994
"ITGA6",52,66.0836103787045
"ITGAV",62,358.121256987932
"ITGB1",110,3155.41393262398
"ITGB3",68,349.749982722169
"ITGB4",62,1153.84251398691
"ITGB5",52,113.327392377089
"ITPR3",14,482.693348646546
"IVL",18,1014.5551036209
"JUP",16,5114.05446909374
"KIRREL1",4,0
"KPNA2",16,330.204910556462
"KRAS",52,1022.93174559963
"KRT18",8,431.634824514858
"L1CAM",16,994.441735096466
"LAMA4",38,55.3599690432936
"LAMA5",34,9.02072119677201
"LAMB1",42,118.625542549743
"LAMB2",28,5.87257947938561
"LAMC1",42,221.699373691844
"LAMTOR1",10,344.414214251768
"LCN2",24,1877.31144274306
"LGALS1",8,2.14358974358974
"LGALS3",28,845.280394438704
"LNPEP",2,0
"LOXL2",2,0
"LPAR1",8,96.7260382750016
"LSR",2,0
"LTF",24,865.269242005259
"LYN",44,802.639294009561
"LYZ",6,28.823444347896
"MAP1LC3B",10,243.157102250151
"MAP2K4",10,14.8062714889201
"MAPK3",48,766.899919305581
"MCAM",4,0
"MDK",2,0
"MELTF",2,0
"MET",32,621.674842090814
"MFGE8",12,71.108887604026
"MGST1",4,466
"MIF",4,0
"MME",6,5.15903334171786
"MMP1",18,107.812651896236
"MMP14",14,55.8202258650351
"MT2A",2,0
"MUC1",26,806.931616775028
"MUC21",6,0
"MUC4",8,98.4648679939083
"MUC5AC",10,58.2002604155223
"MVB12A",34,0.320833333333333
"MYO10",6,0
"NAMPT",4,0
"NAPRT",4,0
"NCK1",34,570.182812656649
"NCKAP1",32,63.5640568078703
"NCSTN",8,350.092253628679
"NF2",8,0
"NFKB1",54,4889.73850607846
"NOTCH1",28,428.20065988337
"NOTCH2",8,513.787510345528
"NRAS",40,1510.52170228758
"NRP1",10,375.994234461877
"OLFM4",4,0
"PA2G4",114,90.9781900963866
"PABPN1",30,190.008101551048
"PADI2",2,0
"PAG1",4,0
"PARD6B",4,0
"PCNA",18,570.747515183274
"PDLIM7",2,0
"PERP",2,0
"PGM2",10,630.500942291864
"PIGR",2,0
"PIP4K2A",2,0
"PKP3",12,488.834586466165
"PLAT",10,2.00811262478786
"PLAU",20,21.6292295408382
"PLAUR",12,76.5861024844221
"PLD1",10,101.203637328212
"PLD2",12,38.3570010690355
"PLOD1",12,0
"PLXNA1",12,214.123470900088
"PLXNA2",10,49.8378352296224
"PLXND1",4,0
"PNP",8,960.175525141127
"POLR2H",44,1299.58694403717
"PPL",10,1316.11676025165
"PPP1CB",4,0
"PPP2R1A",22,737.071487993996
"PPP2R2A",10,32.3570194068005
"PPP3CB",10,32.2454495480431
"PRDX3",2,0
"PRKACA",36,1238.8074588891
"PRKAR1A",8,17.9899982345407
"PRKCA",48,1450.91662447672
"PRTN3",8,287.142132982652
"PSMB9",16,586.164073851173
"PSMC4",34,71.1343208625927
"PSMD13",10,0
"PSMD6",10,0
"PTPN12",8,0.510128248944038
"PTPN6",18,258.55210458194
"PTPRJ",6,10.5170632997308
"PXDN",12,336.673307400692
"PYCARD",4,0
"PYGB",10,1633.74082117816
"RAB5B",2,0
"RAC2",38,1175.94352571389
"RACGAP1",14,199.983195480631
"RAE1",8,10.9419749062365
"RANBP2",10,74.4843815281126
"RBMX",46,35.399109884572
"RBX1",18,448.436400933909
"RGS19",2,0
"RHEB",10,493.026356715759
"RHOF",2,0
"RICTOR",16,384.652141601892
"RNF103-CHMP3",36,118.595829410897
"ROR1",2,0
"RPA2",8,6.73629775442503
"RPL10",124,726.253248957083
"RPL10A",118,55.2204635861568
"RPL11",128,161.519349825203
"RPL12",122,20.9716918557494
"RPL15",122,20.9716918557494
"RPL17",124,43.6706947975537
"RPL18",126,84.8262342635098
"RPL18A",124,62.1272313217056
"RPL22",118,4.57185805077529
"RPL23A",128,119.459748693897
"RPL27",122,71.5346049757632
"RPL27A",122,25.3755819724374
"RPL3",124,43.6706947975537
"RPL30",126,165.261416776549
"RPL32",120,39.724441355893
"RPL35A",122,20.9716918557494
"RPL36",124,62.1272313217056
"RPL37A",122,20.9716918557494
"RPL38",124,62.1272313217056
"RPL4",126,72.4149822696101
"RPL5",132,444.541091821241
"RPL6",126,84.8262342635098
"RPL7",124,43.6706947975537
"RPL7A",126,99.6783400161857
"RPL9",122,20.9716918557494
"RPLP0",128,278.832480692766
"RPLP1",112,36.3390011413004
"RPS11",124,26.683393096912
"RPS12",124,31.9718634554912
"RPS13",128,191.831462987847
"RPS14",122,23.575900975972
"RPS15",128,73.5851516554719
"RPS15A",124,30.5228293732496
"RPS16",124,26.683393096912
"RPS17",124,26.683393096912
"RPS18",130,86.4400989894991
"RPS19",126,44.5703019628987
"RPS2",128,73.5851516554719
"RPS23",126,71.7698813653035
"RPS24",128,71.1667510711404
"RPS25",128,86.3507566099235
"RPS27",122,21.3224289185168
"RPS27A",198,19356.9952588532
"RPS29",126,71.7698813653035
"RPS3",138,2006.17294651372
"RPS3A",128,73.5851516554719
"RPS4X",126,37.5274547440456
"RPS5",128,55.7412866869553
"RPS6",142,986.652991681606
"RPS7",128,55.7412866869553
"RPS8",126,51.0421001009116
"RPS9",126,51.0421001009116
"RPSA",130,815.348856490927
"RRAS",14,98.423675548539
"RTCB",8,24.2178430257983
"RTRAF",4,0
"S100A11",2,0
"S100A7",8,475.70985049158
"S100A8",18,1140.13296477569
"S100A9",10,99.8355807871251
"SERPINA3",6,8.0729811282982
"SERPINB3",2,0
"SERPINE1",22,57.5189948234544
"SERPINH1",16,49.6074375366088
"SET",4,0
"SF3B3",30,12.8435992813299
"SHC1",42,492.233331549466
"SIRPA",10,8.77284128730233
"SLC16A1",4,16.652367181031
"SLC16A7",2,0
"SLC5A1",2,0
"SLC9A1",18,612.860685146816
"SLIT2",2,0
"SLPI",4,0
"SNF8",34,0.335014005602241
"SNRNP70",50,61.646052386981
"SNRPA",30,7.59824836896633
"SNRPB",32,61.1045485768432
"SNRPD2",60,749.237146846452
"SNRPD3",44,216.67161261277
"SOD3",4,1
"SPAST",12,0
"SPRED1",4,0
"SPRR1A",10,0.5
"SPRR1B",12,235.551371291561
"SPRR2D",8,0
"SPRR3",12,69.3645858201691
"SQSTM1",30,2116.03325166008
"SRP14",102,0
"SRPK1",14,0.616238596051399
"SRSF1",76,758.613523582517
"SRSF2",54,658.539512891292
"STAT6",4,0
"STEAP4",2,0
"STMN1",4,0
"STOM",2,0
"SUMO2",10,120.93149528825
"TCEA1",36,0
"TFRC",22,1360.53355503932
"TGM1",18,1184.65279118736
"THBS1",50,404.28706533283
"TIMP1",26,98.2960982176792
"TKFC",2,0
"TLN1",44,1612.63343167679
"TLR1",10,85.9031128759408
"TLR2",34,1754.0361013269
"TMEM30A",8,1
"TNC",16,0
"TNKS1BP1",6,514.367783975762
"TNS3",4,0
"TOLLIP",6,42.5812937596945
"TOM1",8,459.319657910167
"TOP1",12,52.0578152815334
"TRIO",2,0
"TSG101",50,6545.44277779122
"TSPAN14",2,0
"TSPAN15",2,0
"TUBA4A",8,1229.05864473411
"TUBB3",2,0
"TUBB6",2,0
"TXNRD1",4,466
"U2AF1",42,461.416569578398
"U2AF2",62,379.087635465788
"UBE2C",10,221.596408123124
"UBE2D3",12,18.3691362898806
"UBL5",16,0.454581785520989
"UPF1",28,139.158638390961
"UTRN",4,0.748008197476283
"VIM",16,210.446548901066
"VPS25",42,12.3886886769188
"VPS28",42,12.3886886769188
"VPS36",42,1385.92041824628
"VPS37A",36,0.379656862745098
"VPS37B",36,0.452170868347339
"VPS37C",34,0.327170868347339
"VPS4A",40,11.9536746713166
"VPS4B",34,11.1112430832968
"VTA1",36,11.1753187135489
"WASF2",38,188.814289320524
"XPO1",28,1644.86149420523
"YES1",16,17.3114767080785
"YWHAZ",20,620.563637853558
"ZC3H15",32,0
