"","01_MCF10_1","01_MDA_1","02_MCF10_2","02_MDA_2","03_MCF10_3","03_MDA_3","04_MCF10_4","04_MDA_4","05_MCF10_5","05_MDA_5"
"01_MCF10_1",1,0.659315429279369,0.944323631993016,0.647713505627783,0.952720436336414,0.655768627071153,0.935317510569515,0.630835208588647,0.925632047400908,0.660504591652905
"01_MDA_1",0.659315429279369,1,0.636230747730846,0.972768753839131,0.637571694139032,0.972612256716859,0.617745376972156,0.946513719966421,0.627251731928642,0.94905242998581
"02_MCF10_2",0.944323631993016,0.636230747730846,1,0.637260468354138,0.941541554293707,0.63029455654793,0.955471371947335,0.601826720295537,0.928922126553786,0.638473683543999
"02_MDA_2",0.647713505627783,0.972768753839131,0.637260468354138,1,0.639420894449048,0.969218480666915,0.621615335296304,0.958900285777342,0.629154219524169,0.955931145676926
"03_MCF10_3",0.952720436336414,0.637571694139032,0.941541554293707,0.639420894449048,1,0.631991071359084,0.970040098302374,0.609073253146822,0.958903678847154,0.64307529648309
"03_MDA_3",0.655768627071153,0.972612256716859,0.63029455654793,0.969218480666915,0.631991071359084,1,0.613573724824042,0.970412202763987,0.61958042058794,0.960439072200006
"04_MCF10_4",0.935317510569515,0.617745376972156,0.955471371947335,0.621615335296304,0.970040098302374,0.613573724824042,1,0.589783172486723,0.961821374483315,0.624328897393705
"04_MDA_4",0.630835208588647,0.946513719966421,0.601826720295537,0.958900285777342,0.609073253146822,0.970412202763987,0.589783172486723,1,0.601705958769566,0.963319884692291
"05_MCF10_5",0.925632047400908,0.627251731928642,0.928922126553786,0.629154219524169,0.958903678847154,0.61958042058794,0.961821374483315,0.601705958769566,1,0.636354058984738
"05_MDA_5",0.660504591652905,0.94905242998581,0.638473683543999,0.955931145676926,0.64307529648309,0.960439072200006,0.624328897393705,0.963319884692291,0.636354058984738,1
