"Symbol","rank_AHPCDS","rank_FConly","rank_Centralityonly","rank_EqualMCDA","delta_FC","delta_Cent","delta_Equal"
"FN1",1,2,1,1,1,0,0
"VIM",2,1,61,5,-1,59,3
"THBS1",3,5,16,13,2,13,10
"COL18A1",4,8,33,23,4,29,19
"ITGA2",5,14,12,6,9,7,1
"MMP1",6,7,46,14,1,40,8
"TIMP1",7,9,47,18,2,40,11
"TGM1",8,6,74,7,-2,66,-1
"HLA-DRA",9,3,62,19,-6,53,10
"ITGB1",10,34,2,2,24,-8,-8
"FLNA",11,24,7,4,13,-4,-7
"SPRR1A",12,10,91,15,-2,79,3
"ITGA3",13,30,9,10,17,-4,-3
"ITGB3",14,32,5,8,18,-9,-6
"ITGB5",15,15,13,24,0,-2,9
"EGFR",16,46,3,3,30,-13,-13
"TSG101",17,43,25,9,26,8,-8
"EPHA2",18,13,54,28,-5,36,10
"ICAM1",19,47,18,11,28,-1,-8
"IDH1",20,22,92,20,2,72,0
"GNAS",21,23,63,22,2,42,1
"LGALS1",22,4,93,61,-18,71,39
"VPS4B",23,16,48,46,-7,25,23
"PPL",24,21,94,25,-3,70,1
"MCAM",25,11,95,50,-14,70,25
"ITGA5",26,64,6,17,38,-20,-9
"LAMA5",27,40,23,34,13,-4,7
"ITGAV",28,56,8,21,28,-20,-7
"CHMP2A",29,26,39,48,-3,10,19
"ITGB4",30,72,10,16,42,-20,-14
"NPM1",31,27,34,31,-4,3,0
"CD44",32,84,4,12,52,-28,-20
"TNC",33,44,35,37,11,2,4
"SERPINE1",34,37,49,40,3,15,6
"MUC5AC",35,18,108,60,-17,73,25
"LAMC1",36,63,19,33,27,-17,-3
"PXDN",37,31,64,39,-6,27,2
"SDC4",38,25,65,54,-13,27,16
"UBA52",39,66,40,27,27,1,-12
"CASP14",40,20,126,72,-20,86,32
"ATP2B1",41,12,127,79,-29,86,38
"LAMB2",42,39,26,69,-3,-16,27
"TLN1",43,75,14,32,32,-29,-11
"AGRN",44,38,75,62,-6,31,18
"CANX",45,77,30,29,32,-15,-16
"RAP1B",46,19,96,86,-27,50,40
"PLAT",47,35,97,64,-12,50,17
"HSPG2",48,67,31,44,19,-17,-4
"RAC2",49,28,55,55,-21,6,6
"GSTP1",50,17,128,84,-33,78,34
"ITGA6",51,87,17,36,36,-34,-15
"UBE2D2",52,29,129,75,-23,77,23
"CD151",53,71,36,45,18,-17,-8
"VPS37B",54,41,41,85,-13,-13,31
"DPYSL2",55,33,109,63,-22,54,8
"HSP90AB1",56,106,15,26,50,-41,-30
"CLTC",57,83,56,30,26,-1,-27
"MFGE8",58,54,66,56,-4,8,-2
"ANXA5",59,52,67,57,-7,8,-2
"JUP",60,61,76,35,1,16,-25
"B2M",61,57,77,59,-4,16,-2
"HSPA5",62,78,42,41,16,-20,-21
"HLA-A",63,60,78,65,-3,15,2
"VAMP3",64,74,79,42,10,15,-22
"PLXNA1",65,51,80,70,-14,15,5
"LGALS3BP",66,50,110,83,-16,44,17
"FERMT2",67,45,68,109,-22,1,42
"PSMB2",68,70,81,67,2,13,-1
"NRP1",69,49,98,77,-20,29,8
"PRDX5",70,58,99,82,-12,29,12
"TIMP3",71,42,111,105,-29,40,34
"CAV1",72,86,20,53,14,-52,-19
"RHOA",73,119,11,38,46,-62,-35
"ESAM",74,36,130,112,-38,56,38
"CHMP4B",75,59,43,104,-16,-32,29
"CFL1",76,107,28,49,31,-48,-27
"VPS28",77,80,44,91,3,-33,14
"RAB8A",78,99,50,47,21,-28,-31
"MVB12A",79,69,51,106,-10,-28,27
"VCP",80,125,24,43,45,-56,-37
"CHMP5",81,62,45,114,-19,-36,33
"SOD2",82,73,100,93,-9,18,11
"NAPA",83,48,131,113,-35,48,30
"RALA",84,94,82,51,10,-2,-33
"CHMP2B",85,81,37,80,-4,-48,-5
"HSP90B1",86,98,52,68,12,-34,-18
"CD81",87,124,27,52,37,-60,-35
"LAMB1",88,96,21,87,8,-67,-1
"HLA-B",89,79,83,92,-10,-6,3
"MSN",90,118,29,58,28,-61,-32
"CLTA",91,55,132,107,-36,41,16
"ATP1B1",92,68,133,102,-24,41,10
"RHOC",93,100,57,74,7,-36,-19
"PFN1",94,108,38,71,14,-56,-23
"VCL",95,138,22,66,43,-73,-29
"PPP2R5D",96,53,134,124,-43,38,28
"PSMC5",97,97,84,89,0,-13,-8
"RRAS",98,93,112,90,-5,14,-8
"YBX1",99,111,85,76,12,-14,-23
"PKP3",100,76,113,119,-24,13,19
"CDC37",101,82,101,120,-19,0,19
"EEF1A1",102,126,58,73,24,-44,-29
"HNRNPA2B1",103,95,86,96,-8,-17,-7
"PGD",104,92,114,88,-12,10,-16
"SLC16A3",105,90,115,118,-15,10,13
"F3",106,109,69,103,3,-37,-3
"TXN",107,115,59,81,8,-48,-26
"SPRR3",108,101,102,94,-7,-6,-14
"EIF5A",109,88,116,121,-21,7,12
"BSG",110,141,32,78,31,-78,-32
"SLC1A5",111,85,135,122,-26,24,11
"CD47",112,114,53,115,2,-59,3
"ARHGDIA",113,121,70,99,8,-43,-14
"RAB1B",114,110,87,100,-4,-27,-14
"PARK7",115,127,88,95,12,-27,-20
"CD58",116,65,136,132,-51,20,16
"SPRR2A",117,89,117,127,-28,0,10
"RAB11B",118,105,118,123,-13,0,5
"GNB1",119,130,71,97,11,-48,-22
"GNG5",120,129,89,108,9,-31,-12
"RAB1A",121,134,72,101,13,-49,-20
"YWHAE",122,140,73,98,18,-49,-24
"RAB6A",123,102,103,128,-21,-20,5
"SLC3A2",124,117,104,111,-7,-20,-13
"PPP2R1A",125,131,105,110,6,-20,-15
"TPM3",126,112,106,125,-14,-20,-1
"MYH9",127,143,60,117,16,-67,-10
"WDR1",128,133,90,126,5,-38,-2
"KPNA2",129,91,137,135,-38,8,6
"EHD1",130,116,138,130,-14,8,0
"ARF4",131,120,119,133,-11,-12,2
"KPNB1",132,136,120,116,4,-12,-16
"CAPN1",133,113,139,131,-20,6,-2
"SPCS2",134,104,140,134,-30,6,0
"RHOG",135,128,121,129,-7,-14,-6
"MAGED2",136,103,141,140,-33,5,4
"TAGLN2",137,123,122,139,-14,-15,2
"PSMB7",138,139,107,138,1,-31,0
"GNAI2",139,135,123,137,-4,-16,-2
"HNRNPH1",140,132,124,141,-8,-16,1
"YWHAB",141,142,125,136,1,-16,-5
"PLIN3",142,122,142,143,-20,0,1
"TKT",143,137,143,142,-6,0,-1
