"pair","direction","id","rank_AHP","rank_baseline","delta_r"
"AHP vs FC-only","promoted","CD44",32,84,52
"AHP vs FC-only","promoted","HSP90AB1",56,106,50
"AHP vs FC-only","promoted","RHOA",73,119,46
"AHP vs FC-only","promoted","VCP",80,125,45
"AHP vs FC-only","promoted","VCL",95,138,43
"AHP vs FC-only","demoted","CD58",116,65,-51
"AHP vs FC-only","demoted","PPP2R5D",96,53,-43
"AHP vs FC-only","demoted","KPNA2",129,91,-38
"AHP vs FC-only","demoted","ESAM",74,36,-38
"AHP vs FC-only","demoted","CLTA",91,55,-36
"AHP vs Centrality-only","promoted","CASP14",40,126,86
"AHP vs Centrality-only","promoted","ATP2B1",41,127,86
"AHP vs Centrality-only","promoted","SPRR1A",12,91,79
"AHP vs Centrality-only","promoted","GSTP1",50,128,78
"AHP vs Centrality-only","promoted","UBE2D2",52,129,77
"AHP vs Centrality-only","demoted","BSG",110,32,-78
"AHP vs Centrality-only","demoted","VCL",95,22,-73
"AHP vs Centrality-only","demoted","MYH9",127,60,-67
"AHP vs Centrality-only","demoted","LAMB1",88,21,-67
"AHP vs Centrality-only","demoted","RHOA",73,11,-62
"AHP vs Equal-weight","promoted","FERMT2",67,109,42
"AHP vs Equal-weight","promoted","RAP1B",46,86,40
"AHP vs Equal-weight","promoted","LGALS1",22,61,39
"AHP vs Equal-weight","promoted","ATP2B1",41,79,38
"AHP vs Equal-weight","promoted","ESAM",74,112,38
"AHP vs Equal-weight","demoted","VCP",80,43,-37
"AHP vs Equal-weight","demoted","CD81",87,52,-35
"AHP vs Equal-weight","demoted","RHOA",73,38,-35
"AHP vs Equal-weight","demoted","RALA",84,51,-33
"AHP vs Equal-weight","demoted","BSG",110,78,-32
"AHP vs RWR","promoted","ATP2B1",41,138,97
"AHP vs RWR","promoted","EPHA2",18,97,79
"AHP vs RWR","promoted","MCAM",25,99,74
"AHP vs RWR","promoted","DPYSL2",55,124,69
"AHP vs RWR","promoted","CAV1",72,138,66
"AHP vs RWR","demoted","HNRNPH1",140,57,-83
"AHP vs RWR","demoted","KPNA2",129,52,-77
"AHP vs RWR","demoted","WDR1",128,51,-77
"AHP vs RWR","demoted","GNB1",119,46,-73
"AHP vs RWR","demoted","ATP1B1",92,30,-62
