"id","rank_AHP","rank_baseline","delta_r"
"P02751",1,1,0
"P08670",2,2,0
"P07996",3,5,2
"P39060",4,3,-1
"P17301",5,7,2
"P03956",6,6,0
"P01033",7,4,-3
"P22735",8,9,1
"P01903",9,8,-1
"P05556",10,10,0
"P21333",11,12,1
"P35321",12,11,-1
"P26006",13,13,0
"P05106",14,14,0
"P18084",15,15,0
"P00533",16,17,1
"Q99816",17,24,7
"P29317",18,19,1
"P05362",19,21,2
"O75874",20,25,5
"Q5JWF2",21,26,5
"P09382",22,18,-4
"O75351",23,16,-7
"O60437",24,31,7
"P43121",25,22,-3
"P08648",26,28,2
"O15230",27,20,-7
"P06756",28,27,-1
"O43633",29,23,-6
"P16144",30,34,4
"P06748",31,37,6
"P16070",32,41,9
"P24821",33,30,-3
"P05121",34,32,-2
"P98088",35,29,-6
"P11047",36,33,-3
"Q92626",37,44,7
"P31431",38,40,2
"P62987",39,49,10
"P31944",40,35,-5
"P20020",41,36,-5
"P55268",42,39,-3
"Q9Y490",43,51,8
"O00468",44,38,-6
"P27824",45,53,8
"P61224",46,42,-4
"P00750",47,43,-4
"P98160",48,46,-2
"P15153",49,52,3
"P09211",50,45,-5
"P23229",51,50,-1
"P62837",52,47,-5
"P48509",53,55,2
"Q9H9H4",54,48,-6
"Q16555",55,57,2
"P08238",56,64,8
"Q00610",57,62,5
"Q08431",58,54,-4
"P08758",59,58,-1
"P14923",60,69,9
"P61769",61,56,-5
"P11021",62,65,3
"P04439",63,59,-4
"Q15836",64,73,9
"Q9UIW2",65,67,2
"Q08380",66,60,-6
"Q96AC1",67,61,-6
"P49721",68,72,4
"O14786",69,76,7
"P30044",70,66,-4
"P35625",71,63,-8
"Q03135",72,81,9
"P61586",73,85,12
"Q96AP7",74,68,-6
"Q9H444",75,70,-5
"P23528",76,84,8
"Q9UK41",77,71,-6
"P61006",78,87,9
"Q96EY5",79,74,-5
"P55072",80,92,12
"Q9NZZ3",81,75,-6
"P04179",82,78,-4
"P54920",83,77,-6
"P11233",84,95,11
"Q9UQN3",85,88,3
"P14625",86,86,0
"P60033",87,93,6
"P07942",88,83,-5
"P01889",89,82,-7
"P26038",90,90,0
"P09496",91,79,-12
"P05026",92,80,-12
"P08134",93,91,-2
"P07737",94,99,5
"P18206",95,102,7
"Q14738",96,89,-7
"P62195",97,98,1
"P10301",98,100,2
"P67809",99,105,6
"Q9Y446",100,94,-6
"Q16543",101,96,-5
"P68104",102,112,10
"P22626",103,106,3
"P52209",104,109,5
"O15427",105,97,-8
"P13726",106,104,-2
"P10599",107,115,8
"Q9UBC9",108,113,5
"P63241",109,101,-8
"P35613",110,118,8
"Q15758",111,103,-8
"Q08722",112,107,-5
"P52565",113,114,1
"Q9H0U4",114,117,3
"Q99497",115,119,4
"P19256",116,108,-8
"P35326",117,110,-7
"Q15907",118,111,-7
"P62873",119,122,3
"P63218",120,120,0
"P62820",121,121,0
"P62258",122,125,3
"P20340",123,116,-7
"P08195",124,126,2
"P30153",125,134,9
"P06753",126,128,2
"P35579",127,132,5
"O75083",128,124,-4
"P52292",129,123,-6
"Q9H4M9",130,127,-3
"P18085",131,129,-2
"Q14974",132,140,8
"P07384",133,130,-3
"Q15005",134,131,-3
"P84095",135,133,-2
"Q9UNF1",136,135,-1
"P37802",137,136,-1
"Q99436",138,137,-1
"P04899",139,138,-1
"P31943",140,139,-1
"P31946",141,142,1
"O60664",142,141,-1
"P29401",143,143,0
