"UNIPROT","Symbol","logFC","adj.P.Val","degree","betweenness","n_FC","n_FDR","n_Bet","n_Deg","CDS"
"P02751","FN1",5.71190413653133,3.23875287666273e-05,37,1059.9201089299,0.979504194820694,1,0.863318222769366,1,0.978975684315516
"P08670","VIM",5.82226531423875,6.12820896720127e-05,5,197.518977399971,1,0.920221408010279,0.655631992288123,0.373114300021637,0.809089606966924
"P07996","THBS1",4.9682067343046,0.00237872748677278,18,76.8619994883844,0.841387898990605,0.462498222039195,0.539652034403261,0.764591086633362,0.737744152839176
"P39060","COL18A1",4.86592925711416,3.23875287666273e-05,9,1.09591003961713,0.822393364043872,1,0.0916972742681458,0.546602569732903,0.729174179799108
"P17301","ITGA2",3.94950109445937,4.56355346937978e-05,20,37.5853644906242,0.652198251298721,0.957101258645084,0.452654058612679,0.798581758291063,0.722385128492281
"P03956","MMP1",4.87904765080559,5.54965743588591e-05,7,17.5295815295815,0.82482965592613,0.932627200860343,0.361760171715723,0.470817826733276,0.721623838788613
"P01033","TIMP1",4.79976186677883,3.23875287666273e-05,7,5.16265419032086,0.810105039746252,1,0.225344493807246,0.470817826733276,0.714652204030212
"P22735","TGM1",-4.90404052918736,6.47675261860327e-05,4,547,0.829471226239387,0.913301239744183,0.781456422707793,0.311193656366264,0.71420451672406
"P01903","HLA-DRA",5.24610264778171,0.000360973230896136,5,63.919996287745,0.892997537643176,0.69837803401621,0.51712606332223,0.373114300021637,0.706746363421681
"P05556","ITGB1",3.05007125354915,6.47675261860327e-05,36,665.040695673459,0.485159994053749,0.913301239744183,0.805629644582365,0.990942842670249,0.70205709626444
"P21333","FLNA",3.50923516439357,0.000206240126660616,22,680.982619980343,0.570433948695525,0.768404821335215,0.808560709397353,0.829477891255408,0.683661499805706
"P35321","SPRR1A",-4.79306240137323,3.23875287666273e-05,3,69,0.808860843729038,1,0.526461935560337,0.235408913366638,0.679994476921219
"P26006","ITGA3",3.22575578432546,4.77074827847492e-05,21,71.3724048049442,0.51778737254508,0.951546583582066,0.530592077823309,0.814381038209597,0.661588992835954
"P05106","ITGB3",3.11614859207631,7.04693210328689e-05,24,101.166945030184,0.497431594315303,0.902746090878048,0.573316660300562,0.857796226099167,0.656796987883046
"P18084","ITGB5",3.90064592914381,0.00175163350042104,20,49.0811679013968,0.64312507927291,0.500781197797098,0.484968213279542,0.798581758291063,0.645354062485573
"P00533","EGFR",2.75619991019926,0.00044851427784145,31,3195.78254943459,0.430583466997756,0.671214045117995,1,0.941635653466553,0.636973872422697
"Q99816","TSG101",-2.86047737813583,0.000115822757445177,13,1099.36598626233,0.449949431658675,0.840585524430561,0.867841981399067,0.660876371636064,0.596801877224544
"P29317","EPHA2",4.02156127361073,0.000721559430856364,6,109.290297189701,0.66558095909283,0.61173181129436,0.582797293567266,0.425467458269426,0.592379037680129
"P05362","ICAM1",2.64619644576887,7.26775954358305e-05,16,279.342769281015,0.410154094795955,0.898886015573385,0.698399353141023,0.726816272518616,0.588787865810044
"O75874","IDH1",-3.69447734090467,5.54965743588591e-05,3,292.493013864281,0.604836332211471,0.932627200860343,0.70407982067103,0.235408913366638,0.576765751874022
"Q5JWF2","GNAS",3.56773556671077,0.000160682799214974,5,311.907330609558,0.581298392820823,0.799631111570556,0.712017123635933,0.373114300021637,0.576682374263628
"P09382","LGALS1",5.07967489700933,0.00959561333603854,3,5.30225885225885,0.862089288681716,0.288015005543576,0.228120309734907,0.235408913366638,0.568167893870637
"O75351","VPS4B",-3.86613798365597,0.000245977782296924,7,0,0.636716411455574,0.746362042450701,0,0.470817826733276,0.566091540553389
"O60437","PPL",-3.76299516122051,0.000375105790828387,3,675,0.61756116829674,0.693573624150198,0.807468862232655,0.235408913366638,0.552048862436638
"P43121","MCAM",4.39409970059906,0.000912067993950594,3,5.78409337394632,0.734767199942855,0.582420705963407,0.237249610463182,0.235408913366638,0.551148148775563
"P08648","ITGA5",2.13903065606427,0.000130688052503406,23,105.045505734951,0.315965436833713,0.825479328789103,0.577933831451439,0.843932126754913,0.547111268838024
"O15230","LAMA5",2.9515834515405,0.000183182764529967,14,2.02713802216091,0.466869261348279,0.783236376845189,0.137252953347019,0.684307956387901,0.546218578525598
"P06756","ITGAV",2.30490813666285,0.000216355170911548,22,69.8323066003279,0.346771491975638,0.762414965552571,0.527926633053219,0.829477891255408,0.545433361879978
"O43633","CHMP2A",-3.37608947437985,0.000206240126660616,8,0.142857142857143,0.545706701490714,0.768404821335215,0.0165468457451451,0.510819686676636,0.53348547008301
"P16144","ITGB4",1.98351511288602,0.000273634882900169,21,364.755934707252,0.287083756322967,0.733032113560898,0.731355552244486,0.814381038209597,0.52152758453867
"P06748","NPM1",3.31134523684286,0.00863742369297787,9,493.791260636633,0.533682679034567,0.301175827798217,0.768799598291109,0.546602569732903,0.516598720077732
"P16070","CD44",1.70946175156405,0.000708128751407232,30,903.990367198205,0.236187739996644,0.614082308362641,0.843619399281747,0.930853056666544,0.512378301340016
"P24821","TNC",2.8517675085756,0.000178768934580371,9,3.13026695526696,0.448331871993654,0.78628761978638,0.175757075077904,0.546602569732903,0.50673983928612
"P05121","SERPINE1",3.00252121941416,0.000174304240334447,7,4.68910256410256,0.476329205400118,0.789451648607843,0.215436682754736,0.470817826733276,0.506455540628901
"P98088","MUC5AC",3.83745119135521,0.000135056068815252,2,0.233333333333333,0.631388823272578,0.821366411433945,0.0259879958378635,0.137705386654999,0.497035836319598
"P11047","LAMC1",2.1503320550259,0.000154937358266977,16,6.78032095204212,0.318064284238053,0.804186200839218,0.254228374310363,0.726816272518616,0.491740371928678
"Q92626","PXDN",3.15555189107507,0.00106581472747863,5,62.1446216477197,0.50474940621689,0.562932463654677,0.51369008422215,0.373114300021637,0.483128750159886
"P31431","SDC4",3.50413506464376,0.0042667087774112,5,13.9546983662279,0.569486780016841,0.389404658883603,0.335199380287712,0.373114300021637,0.474641222368478
"P62987","UBA52",-2.12600550544825,0.000218879063608807,8,299.89208722389,0.313546461656003,0.760964047153924,0.707165094308054,0.510819686676636,0.464555102854168
"P31944","CASP14",-3.76382787092258,9.19799026506758e-05,1,0,0.617715815575603,0.86942014183912,0,0,0.462543651452489
"P20020","ATP2B1",4.04778693477014,0.000375105790828387,1,0,0.670451476542787,0.693573624150198,0,0,0.461045774124306
"P55268","LAMB2",2.97025364331254,0.00696998449304999,12,0.844047619047619,0.470336609388316,0.328008880143884,0.0758327784415667,0.635707579659705,0.45697376650156
"Q9Y490","TLN1",1.90736767229088,0.00372400735995982,20,223.224997078506,0.272941979841763,0.406423681764579,0.670720815870884,0.798581758291063,0.452232790275336
"O00468","AGRN",2.97574090601907,0.000154600782520307,4,0,0.471355680312866,0.804458257335539,0,0.311193656366264,0.451330877873833
"P27824","CANX",1.86129324042897,0.000372679093505329,10,389.340723944497,0.264385233721379,0.694385576858647,0.739416834529009,0.578972124842958,0.447110523690385
"P61224","RAP1B",3.76610998831484,0.00366027810681125,3,0,0.618139640641987,0.408583073404402,0,0.235408913366638,0.444169024179754
"P00750","PLAT",3.03021132801712,0.000115822757445177,3,0,0.481471693756165,0.840585524430561,0,0.235408913366638,0.444163955828847
"P98160","HSPG2",2.11658801495104,0.000293919518724457,10,7.66070496861035,0.311797485661741,0.724085987323909,0.267512124031495,0.578972124842958,0.440618691341451
"P15153","RAC2",3.28797313894588,0.0416850864760617,6,117.654774771823,0.529342113130149,0.104262190592841,0.591855927311874,0.425467458269426,0.439307975345864
"P09211","GSTP1",-3.85653829755884,0.000480037790411144,1,0,0.63493359887495,0.662716655061052,0,0,0.437586063156865
"P23229","ITGA6",1.56154925940134,0.000422556994861413,18,14.2115698258593,0.20871806555198,0.678672080199567,0.337309789132345,0.764591086633362,0.42997600247738
"P62837","UBE2D2",3.26389046938534,7.4213046023198e-05,1,0,0.524869582900189,0.896270557169463,0,0,0.418839470361484
"P48509","CD151",2.04117698861063,0.000721559430856364,9,24.9550690736403,0.297792472881412,0.61173181129436,0.403520102880105,0.546602569732903,0.417472766239313
"Q9H9H4","VPS37B",-2.93138596721826,0.00863742369297787,8,0.142857142857143,0.463118271078148,0.301175827798217,0.0165468457451451,0.510819686676636,0.414117198586334
"Q16555","DPYSL2",3.0748636413867,0.00106581472747863,2,23.3148692780272,0.489764330121957,0.562932463654677,0.395430924345511,0.137705386654999,0.409425857405072
"P08238","HSP90AB1",1.11242400535302,0.001337758750391,19,1189.53138535294,0.125308447248661,0.534502526941522,0.877601322809732,0.782011483099541,0.408475184405127
"Q00610","CLTC",1.73144016348886,0.000294834623526442,6,706.781163436919,0.240269476512321,0.723697096684606,0.813161854456,0.425467458269426,0.407907121349621
"Q08431","MFGE8",2.35691253763335,0.000362962488891334,5,4.37009383592576,0.35642952655718,0.697690518536529,0.208285772495256,0.373114300021637,0.405119315556215
"P08758","ANXA5",2.53548896358091,0.00223538944272986,5,23.3953551673346,0.389593975431957,0.470273267223686,0.39584043183328,0.373114300021637,0.399306911785883
"P14923","JUP",-2.21089909884426,0.0014388081177562,4,931,0.329312536170256,0.525392753131202,0.847263622202678,0.311193656366264,0.396497502680985
"P61769","B2M",2.26227011810693,0.000165249161826686,4,2.9547619047619,0.33885294181418,0.796125513309569,0.170376383380421,0.311193656366264,0.39428386942337
"P11021","HSPA5",1.84447265412771,0.00182914523063791,8,242.530355679476,0.261261386486382,0.495364332019857,0.68095534150716,0.510819686676636,0.391938859454663
"P04439","HLA-A",2.23075094092315,0.000271192353278014,4,2.9547619047619,0.332999335243549,0.734153807104898,0.170376383380421,0.311193656366264,0.381093974338809
"Q15836","VAMP3",1.95063571438689,0.000917886629568974,4,432.48449197861,0.28097753527631,0.581625146611668,0.752407827113947,0.311193656366264,0.373449791225463
"Q9UIW2","PLXNA1",2.54195183346754,0.00571747170574287,4,35.7179084804085,0.390794231942872,0.352789646302939,0.446506716022882,0.311193656366264,0.369554290643732
"Q08380","LGALS3BP",2.54224420958469,0.000181348668988934,2,0,0.390848530782923,0.784495246942597,0,0.137705386654999,0.364387069610179
"Q96AC1","FERMT2",2.8448703339272,0.0190456526245284,5,0,0.447050958262777,0.202254262472909,0,0.373114300021637,0.355014207727826
"P49721","PSMB2",-2.05118895071067,0.0012327416198234,4,22.3283616570937,0.299651851595266,0.544730146420546,0.390298492946121,0.311193656366264,0.349511935848056
"O14786","NRP1",2.60702206188256,0.0119318690695763,3,64.2608746891642,0.402878796028468,0.260754672602118,0.517775019154471,0.235408913366638,0.347827154534689
"P30044","PRDX5",-2.25787012122852,0.000501301403463132,3,1,0.338035793241804,0.657294447000669,0.0858929069036108,0.235408913366638,0.346345480374752
"P35625","TIMP3",2.8728768009745,0.00230290860385107,2,0,0.45225219935395,0.466550581696079,0,0.137705386654999,0.344090555214981
"Q03135","CAV1",1.5625436371317,0.0959251783574401,16,461.5460823595,0.208902737124534,0,0.760448839627367,0.726816272518616,0.341914446277791
"P61586","RHOA",0.893185020661484,0.0209950607597007,21,1091.9037803671,0.0845923221465953,0.190063391439668,0.866998765693379,0.814381038209597,0.337948380937928
"Q96AP7","ESAM",3.00602758548736,0.001337758750391,1,0,0.476980392687319,0.534502526941522,0,0,0.334734233976053
"Q9H444","CHMP4B",-2.24908916623597,0.0201694869350475,8,0.142857142857143,0.336405031894795,0.195081974149752,0.0165468457451451,0.510819686676636,0.331076705739624
"P23528","CFL1",1.08753009426028,0.00368134428070063,11,265.936831157133,0.120685256716385,0.407865138455905,0.692327284501955,0.608523213388275,0.329259820976439
"Q9UK41","VPS28",-1.77412783641017,0.00278388403389594,8,0.142857142857143,0.248197248269819,0.442822182589562,0.0165468457451451,0.510819686676636,0.325979242021406
"P61006","RAB8A",1.28727572311664,0.0042667087774112,7,829.868452380952,0.157781159274723,0.389404658883603,0.833030319324185,0.470817826733276,0.322859808138678
"Q96EY5","MVB12A",-2.06232104668,0.0105272128668738,7,0,0.301719256773105,0.276423465829973,0,0.470817826733276,0.315502714799432
"P55072","VCP",0.798488424884543,0.00885856835637958,14,866.97766303477,0.0670056760224195,0.298013176565877,0.838444822336055,0.684307956387901,0.312895969102562
"Q9NZZ3","CHMP5",-2.1876415184001,0.0383105738920348,8,0.142857142857143,0.324993237956628,0.114822890652677,0.0165468457451451,0.510819686676636,0.312009765786278
"P04179","SOD2",-1.96559423500596,0.000892240736414978,3,1,0.283755567649178,0.585170242913648,0.0858929069036108,0.235408913366638,0.306401105200697
"P54920","NAPA",2.64452301013323,0.00108259487802241,1,0,0.409843311498053,0.560978223736391,0,0,0.304288904811605
"P11233","RALA",1.37544515760148,0.00267236045654046,4,774.608643569417,0.174155608963559,0.447936923523992,0.824501909658213,0.311193656366264,0.301680887990263
"Q9UQN3","CHMP2B",-1.7555962422091,0.0946828648384656,9,78.2529448621554,0.244755639976964,0.00163074636605529,0.541846181606329,0.546602569732903,0.300529420676099
"P14625","HSP90B1",1.29117170995081,0.00366027810681125,7,50.2575256119968,0.158504705260668,0.408583073404402,0.487845250273841,0.470817826733276,0.300100141252356
"P60033","CD81",0.81058885282242,0.00667087754145956,12,316.8515224269,0.0692529156654981,0.333496001808108,0.713959809979149,0.635707579659705,0.298644685873753
"P07942","LAMB1",1.32433645087325,0.0301464066020524,15,5.68056388226217,0.164663918879886,0.144804587965117,0.235343977865784,0.706226740099915,0.297772545029689
"P01889","HLA-B",1.82779942861585,0.00248381125448834,4,2.9547619047619,0.258164906465956,0.457090299456041,0.170376383380421,0.311193656366264,0.296910967925403
"P26038","MSN",0.933943641880862,0.00556604348335451,11,93.3924997572308,0.0921618386853205,0.356147631385715,0.563509032973832,0.608523213388275,0.296198499290697
"P09496","CLTA",2.34917355531482,0.000402706477752535,1,0,0.354992275911783,0.684691480991509,0,0,0.296146221864843
"P05026","ATP1B1",2.06850491126392,0.000178712004931419,1,0,0.302867697614351,0.786327464976204,0,0,0.285797725561108
"P08134","RHOC",1.27506274532785,0.00334945325671794,6,29.4147145198975,0.155513017355453,0.419684774231698,0.423168374662772,0.425467458269426,0.284477526861313
"P07737","PFN1",1.07587436041013,0.0312193034731491,9,247.415850966113,0.118520603754382,0.14042970183648,0.683416655926546,0.546602569732903,0.268651534923314
"P18206","VCL",0.556477080137054,0.0295304088389137,15,222.453790189377,0.0220603657587279,0.147387319123728,0.67029387606402,0.706226740099915,0.257422344725203
"Q14738","PPP2R5D",2.49253126521809,0.00571747170574287,1,0,0.381616055706146,0.352789646302939,0,0,0.255542208052818
"P62195","PSMC5",1.30342562593783,0.00431162535548317,4,22.3283616570937,0.16078045004675,0.388094578467862,0.390298492946121,0.311193656366264,0.251888427001484
"P10301","RRAS",1.41690496202679,0.00126012206640424,2,19.6625324730588,0.181855346243693,0.541981937516085,0.375261401761648,0.137705386654999,0.244924746531982
"P67809","YBX1",1.01635589148596,0.00368134428070063,4,118.517542292841,0.10746708865984,0.407865138455905,0.592753699693908,0.311193656366264,0.242918677644372
"Q9Y446","PKP3",-1.90186010773075,0.00385265295329391,2,0,0.271919138543928,0.402175049735769,0,0.137705386654999,0.240106453783401
"Q16543","CDC37",1.73561588186859,0.00723826236260241,3,0,0.241044973042645,0.323284049391375,0,0.235408913366638,0.234810681617036
"P68104","EEF1A1",0.757312840740237,0.0104778376299757,6,248.650500717235,0.0593587229153843,0.277011600177976,0.684031010782924,0.425467458269426,0.231133410783271
"P22626","HNRNPA2B1",1.35256112065328,0.0219215157395798,4,50.4553335553336,0.169905683647886,0.184661361251098,0.488322539115578,0.311193656366264,0.2307362315105
"P52209","PGD",-1.4741839629141,0.00816904528369471,2,139,0.192492956927443,0.308150489442986,0.612354842463948,0.137705386654999,0.230160831479767
"O15427","SLC16A3",1.50013687311252,0.001337758750391,2,0,0.197312820237284,0.534502526941522,0,0.137705386654999,0.223140141516886
"P13726","F3",1.02476178931097,0.0057315828310945,5,5.14636446886447,0.109028195996292,0.352481268913981,0.22501651006461,0.373114300021637,0.221631689702862
"P10599","TXN",-0.953793180225215,0.0524013230506501,6,333.463535399487,0.0958482099189039,0.0756405639123944,0.72027258924686,0.425467458269426,0.21979369678697
"Q9UBC9","SPRR3",-1.23280341596916,0.0117973077413573,3,69,0.147664795729547,0.262173509681072,0.526461935560337,0.235408913366638,0.216491096841056
"P63241","EIF5A",1.54277880139349,0.00307639668031766,2,0,0.20523209649613,0.43032311624826,0,0.137705386654999,0.210168394772456
"P35613","BSG",0.453520325806487,0.0549877346132674,10,318.243512254938,0.00293967837129071,0.0696134156224218,0.714501304875873,0.578972124842958,0.20735609069312
"Q15758","SLC1A5",1.6474033850685,0.00127229122540642,1,0,0.224662526005082,0.540779618805992,0,0,0.205033655490708
"Q08722","CD47",0.976813900687574,0.0325607108953137,7,4.44582211091874,0.100123519511328,0.135166737579361,0.210021029047533,0.470817826733276,0.203889666986499
"P52565","ARHGDIA",0.854389730062699,0.0170958130397314,5,35.6101979719627,0.0773874269605792,0.215765816187364,0.446142675479842,0.373114300021637,0.199664373019932
"Q9H0U4","RAB1B",1.0213733770832,0.026910282995262,4,68.5,0.108398914591996,0.159010697413278,0.525573635908121,0.311193656366264,0.197500429743049
"Q99497","PARK7",0.748221643242719,0.0119318690695763,4,70.100092064798,0.0576703446593122,0.260754672602118,0.528394225845466,0.311193656366264,0.188107646964666
"P19256","CD58",2.13343408225731,0.0344111405020624,1,0,0.314926065119838,0.128251914114055,0,0,0.184187835870295
"P35326","SPRR2A",-1.5228150309117,0.0104778376299757,2,0,0.201524510559308,0.277011600177976,0,0.137705386654999,0.183119938586433
"Q15907","RAB11B",1.12005967594501,0.00191525044588102,2,0,0.126726511282751,0.489609739553346,0,0.137705386654999,0.179210542841499
"P62873","GNB1",0.722785871677132,0.0497436684950498,5,147.715304128628,0.0529465221211394,0.082151894769877,0.619838373125248,0.373114300021637,0.178325008881888
"P63218","GNG5",0.74245516420519,0.0158464429751686,4,33.7009146767211,0.0565994188738237,0.225259535705123,0.439505568739452,0.311193656366264,0.174968376447018
"P62820","RAB1A",0.612286623549803,0.0267367021579181,5,70.5,0.032425075094888,0.159820255947503,0.529089255268127,0.373114300021637,0.173513833334616
"P62258","YWHAE",0.537687945687146,0.0366483772292526,5,134.883025351841,0.0185709281940614,0.120371962977785,0.608656157944247,0.373114300021637,0.165927476424374
"P20340","RAB6A",1.2111131306857,0.0194849276163131,3,0,0.143636568859479,0.199401668052612,0,0.235408913366638,0.164037919567544
"P08195","SLC3A2",0.93509130473387,0.0524197728434189,3,139,0.0923749777142382,0.0755965253551653,0.612354842463948,0.235408913366638,0.163803773586942
"P30153","PPP2R1A",0.691686750544797,0.0383105738920348,3,152.45284992785,0.0471709265610249,0.114822890652677,0.623724367385499,0.235408913366638,0.147677591043969
"P06753","TPM3",1.00430812389739,0.086876586408985,3,14.0607448107448,0.105229628871258,0.0123949842953359,0.336074998920898,0.235408913366638,0.139073000297812
"P35579","MYH9",0.437691410362646,0.0911323355978355,6,33.8965339746478,0,0.00641214551917606,0.4402021653483,0.425467458269426,0.137466104467731
"O75083","WDR1",0.616025388422681,0.0230020285408732,4,2,0.0331194224916591,0.178642283491161,0.136137036520156,0.311193656366264,0.132068079400109
"P52292","KPNA2",1.49840356038263,0.0283347449377956,1,0,0.196990916821928,0.152557956806817,0,0,0.12706772142229
"Q9H4M9","EHD1",0.947937239872385,0.00390609242535779,1,0,0.0947606697611554,0.400451722275204,0,0,0.114730192810749
"P18085","ARF4",0.87462610932856,0.0167926672746568,2,0,0.0811456406330286,0.218004028484406,0,0.137705386654999,0.111078734160188
"Q14974","KPNB1",0.587541786702875,0.0428702057812003,2,139,0.027829569992968,0.100755156402416,0.612354842463948,0.137705386654999,0.110854695817712
"P07384","CAPN1",-0.987212905950585,0.00569636145847539,1,0,0.102054778223466,0.353252402855117,0,0,0.110773480913451
"Q15005","SPCS2",1.14776030206309,0.0125443751920977,1,0,0.131870952906654,0.254492188778223,0,0,0.110035018085821
"P84095","RHOG",0.746330720150024,0.0153586036391933,2,1.59459930313589,0.0573191705225186,0.229171344745606,0.11814670296424,0.137705386654999,0.109558352418863
"Q9UNF1","MAGED2",1.19081200442807,0.0344111405020624,1,0,0.139866330653069,0.128251914114055,0,0,0.0934869613708367
"P37802","TAGLN2",0.8185539122363,0.0391089909449595,2,0,0.0707321523806162,0.11224250417792,0,0.137705386654999,0.0883492222463071
"Q99436","PSMB7",-0.544476143981832,0.0556829044656695,3,0,0.0198316033033397,0.068041770441584,0,0.235408913366638,0.0783631806732929
"P04899","GNAI2",0.587799680508081,0.0253910422474218,2,0,0.0278774649257537,0.166280563013826,0,0.137705386654999,0.0750023634566816
"P31943","HNRNPH1",0.643049490509437,0.0468951975082607,2,0,0.038138222970431,0.089528831787713,0,0.137705386654999,0.0677391222858827
"P31946","YWHAB",0.453302148034005,0.0650445348901557,2,2.55238095238095,0.00289915932997438,0.0486012211707399,0.157079771634885,0.137705386654999,0.0547312975114514
"O60664","PLIN3",0.852948064700339,0.0799912365200764,1,0,0.0771196870450174,0.0227247471479685,0,0,0.0436813271875215
"P29401","TKT",-0.575017543619779,0.0357453438559225,1,0,0.0255036212165791,0.123493120650464,0,0,0.0334540983146779
