"UNIPROT","Symbol","logFC","adj.P.Val","degree","betweenness"
"P35321","SPRR1A",-4.79306240137323,3.23875287666273e-05,3,69
"P02751","FN1",5.71190413653133,3.23875287666273e-05,37,1059.9201089299
"P01033","TIMP1",4.79976186677883,3.23875287666273e-05,7,5.16265419032086
"P39060","COL18A1",4.86592925711416,3.23875287666273e-05,9,1.09591003961713
"P17301","ITGA2",3.94950109445937,4.56355346937978e-05,20,37.5853644906242
"P26006","ITGA3",3.22575578432546,4.77074827847492e-05,21,71.3724048049442
"O75874","IDH1",-3.69447734090467,5.54965743588591e-05,3,292.493013864281
"P03956","MMP1",4.87904765080559,5.54965743588591e-05,7,17.5295815295815
"P08670","VIM",5.82226531423875,6.12820896720127e-05,5,197.518977399971
"P05556","ITGB1",3.05007125354915,6.47675261860327e-05,36,665.040695673459
"P22735","TGM1",-4.90404052918736,6.47675261860327e-05,4,547
"P05106","ITGB3",3.11614859207631,7.04693210328689e-05,24,101.166945030184
"P05362","ICAM1",2.64619644576887,7.26775954358305e-05,16,279.342769281015
"P62837","UBE2D2",3.26389046938534,7.4213046023198e-05,1,0
"P31944","CASP14",-3.76382787092258,9.19799026506758e-05,1,0
"P00750","PLAT",3.03021132801712,0.000115822757445177,3,0
"Q99816","TSG101",-2.86047737813583,0.000115822757445177,13,1099.36598626233
"P08648","ITGA5",2.13903065606427,0.000130688052503406,23,105.045505734951
"P98088","MUC5AC",3.83745119135521,0.000135056068815252,2,0.233333333333333
"O00468","AGRN",2.97574090601907,0.000154600782520307,4,0
"P11047","LAMC1",2.1503320550259,0.000154937358266977,16,6.78032095204212
"Q5JWF2","GNAS",3.56773556671077,0.000160682799214974,5,311.907330609558
"P61769","B2M",2.26227011810693,0.000165249161826686,4,2.9547619047619
"P05121","SERPINE1",3.00252121941416,0.000174304240334447,7,4.68910256410256
"P05026","ATP1B1",2.06850491126392,0.000178712004931419,1,0
"P24821","TNC",2.8517675085756,0.000178768934580371,9,3.13026695526696
"Q08380","LGALS3BP",2.54224420958469,0.000181348668988934,2,0
"O15230","LAMA5",2.9515834515405,0.000183182764529967,14,2.02713802216091
"O43633","CHMP2A",-3.37608947437985,0.000206240126660616,8,0.142857142857143
"P21333","FLNA",3.50923516439357,0.000206240126660616,22,680.982619980343
"P06756","ITGAV",2.30490813666285,0.000216355170911548,22,69.8323066003279
"P62987","UBA52",-2.12600550544825,0.000218879063608807,8,299.89208722389
"O75351","VPS4B",-3.86613798365597,0.000245977782296924,7,0
"P04439","HLA-A",2.23075094092315,0.000271192353278014,4,2.9547619047619
"P16144","ITGB4",1.98351511288602,0.000273634882900169,21,364.755934707252
"P98160","HSPG2",2.11658801495104,0.000293919518724457,10,7.66070496861035
"Q00610","CLTC",1.73144016348886,0.000294834623526442,6,706.781163436919
"P01903","HLA-DRA",5.24610264778171,0.000360973230896136,5,63.919996287745
"Q08431","MFGE8",2.35691253763335,0.000362962488891334,5,4.37009383592576
"P27824","CANX",1.86129324042897,0.000372679093505329,10,389.340723944497
"O60437","PPL",-3.76299516122051,0.000375105790828387,3,675
"P20020","ATP2B1",4.04778693477014,0.000375105790828387,1,0
"P09496","CLTA",2.34917355531482,0.000402706477752535,1,0
"P23229","ITGA6",1.56154925940134,0.000422556994861413,18,14.2115698258593
"P00533","EGFR",2.75619991019926,0.00044851427784145,31,3195.78254943459
"P09211","GSTP1",-3.85653829755884,0.000480037790411144,1,0
"P30044","PRDX5",-2.25787012122852,0.000501301403463132,3,1
"P16070","CD44",1.70946175156405,0.000708128751407232,30,903.990367198205
"P29317","EPHA2",4.02156127361073,0.000721559430856364,6,109.290297189701
"P48509","CD151",2.04117698861063,0.000721559430856364,9,24.9550690736403
"P04179","SOD2",-1.96559423500596,0.000892240736414978,3,1
"P43121","MCAM",4.39409970059906,0.000912067993950594,3,5.78409337394632
"Q15836","VAMP3",1.95063571438689,0.000917886629568974,4,432.48449197861
"Q16555","DPYSL2",3.0748636413867,0.00106581472747863,2,23.3148692780272
"Q92626","PXDN",3.15555189107507,0.00106581472747863,5,62.1446216477197
"P54920","NAPA",2.64452301013323,0.00108259487802241,1,0
"P49721","PSMB2",-2.05118895071067,0.0012327416198234,4,22.3283616570937
"P10301","RRAS",1.41690496202679,0.00126012206640424,2,19.6625324730588
"Q15758","SLC1A5",1.6474033850685,0.00127229122540642,1,0
"O15427","SLC16A3",1.50013687311252,0.001337758750391,2,0
"Q96AP7","ESAM",3.00602758548736,0.001337758750391,1,0
"P08238","HSP90AB1",1.11242400535302,0.001337758750391,19,1189.53138535294
"P14923","JUP",-2.21089909884426,0.0014388081177562,4,931
"P18084","ITGB5",3.90064592914381,0.00175163350042104,20,49.0811679013968
"P11021","HSPA5",1.84447265412771,0.00182914523063791,8,242.530355679476
"Q15907","RAB11B",1.12005967594501,0.00191525044588102,2,0
"P08758","ANXA5",2.53548896358091,0.00223538944272986,5,23.3953551673346
"P35625","TIMP3",2.8728768009745,0.00230290860385107,2,0
"P07996","THBS1",4.9682067343046,0.00237872748677278,18,76.8619994883844
"P01889","HLA-B",1.82779942861585,0.00248381125448834,4,2.9547619047619
"P11233","RALA",1.37544515760148,0.00267236045654046,4,774.608643569417
"Q9UK41","VPS28",-1.77412783641017,0.00278388403389594,8,0.142857142857143
"P63241","EIF5A",1.54277880139349,0.00307639668031766,2,0
"P08134","RHOC",1.27506274532785,0.00334945325671794,6,29.4147145198975
"P61224","RAP1B",3.76610998831484,0.00366027810681125,3,0
"P14625","HSP90B1",1.29117170995081,0.00366027810681125,7,50.2575256119968
"P67809","YBX1",1.01635589148596,0.00368134428070063,4,118.517542292841
"P23528","CFL1",1.08753009426028,0.00368134428070063,11,265.936831157133
"Q9Y490","TLN1",1.90736767229088,0.00372400735995982,20,223.224997078506
"Q9Y446","PKP3",-1.90186010773075,0.00385265295329391,2,0
"Q9H4M9","EHD1",0.947937239872385,0.00390609242535779,1,0
"P61006","RAB8A",1.28727572311664,0.0042667087774112,7,829.868452380952
"P31431","SDC4",3.50413506464376,0.0042667087774112,5,13.9546983662279
"P62195","PSMC5",1.30342562593783,0.00431162535548317,4,22.3283616570937
"P26038","MSN",0.933943641880862,0.00556604348335451,11,93.3924997572308
"P07384","CAPN1",-0.987212905950585,0.00569636145847539,1,0
"Q9UIW2","PLXNA1",2.54195183346754,0.00571747170574287,4,35.7179084804085
"Q14738","PPP2R5D",2.49253126521809,0.00571747170574287,1,0
"P13726","F3",1.02476178931097,0.0057315828310945,5,5.14636446886447
"P60033","CD81",0.81058885282242,0.00667087754145956,12,316.8515224269
"P55268","LAMB2",2.97025364331254,0.00696998449304999,12,0.844047619047619
"Q16543","CDC37",1.73561588186859,0.00723826236260241,3,0
"P52209","PGD",-1.4741839629141,0.00816904528369471,2,139
"P06748","NPM1",3.31134523684286,0.00863742369297787,9,493.791260636633
"Q9H9H4","VPS37B",-2.93138596721826,0.00863742369297787,8,0.142857142857143
"P55072","VCP",0.798488424884543,0.00885856835637958,14,866.97766303477
"P09382","LGALS1",5.07967489700933,0.00959561333603854,3,5.30225885225885
"P68104","EEF1A1",0.757312840740237,0.0104778376299757,6,248.650500717235
"P35326","SPRR2A",-1.5228150309117,0.0104778376299757,2,0
"Q96EY5","MVB12A",-2.06232104668,0.0105272128668738,7,0
"Q9UBC9","SPRR3",-1.23280341596916,0.0117973077413573,3,69
"O14786","NRP1",2.60702206188256,0.0119318690695763,3,64.2608746891642
"Q99497","PARK7",0.748221643242719,0.0119318690695763,4,70.100092064798
"Q15005","SPCS2",1.14776030206309,0.0125443751920977,1,0
"P84095","RHOG",0.746330720150024,0.0153586036391933,2,1.59459930313589
"P63218","GNG5",0.74245516420519,0.0158464429751686,4,33.7009146767211
"P18085","ARF4",0.87462610932856,0.0167926672746568,2,0
"P52565","ARHGDIA",0.854389730062699,0.0170958130397314,5,35.6101979719627
"Q96AC1","FERMT2",2.8448703339272,0.0190456526245284,5,0
"P20340","RAB6A",1.2111131306857,0.0194849276163131,3,0
"Q9H444","CHMP4B",-2.24908916623597,0.0201694869350475,8,0.142857142857143
"P61586","RHOA",0.893185020661484,0.0209950607597007,21,1091.9037803671
"P22626","HNRNPA2B1",1.35256112065328,0.0219215157395798,4,50.4553335553336
"O75083","WDR1",0.616025388422681,0.0230020285408732,4,2
"P04899","GNAI2",0.587799680508081,0.0253910422474218,2,0
"P62820","RAB1A",0.612286623549803,0.0267367021579181,5,70.5
"Q9H0U4","RAB1B",1.0213733770832,0.026910282995262,4,68.5
"P52292","KPNA2",1.49840356038263,0.0283347449377956,1,0
"P18206","VCL",0.556477080137054,0.0295304088389137,15,222.453790189377
"P07942","LAMB1",1.32433645087325,0.0301464066020524,15,5.68056388226217
"P07737","PFN1",1.07587436041013,0.0312193034731491,9,247.415850966113
"Q08722","CD47",0.976813900687574,0.0325607108953137,7,4.44582211091874
"Q9UNF1","MAGED2",1.19081200442807,0.0344111405020624,1,0
"P19256","CD58",2.13343408225731,0.0344111405020624,1,0
"P29401","TKT",-0.575017543619779,0.0357453438559225,1,0
"P62258","YWHAE",0.537687945687146,0.0366483772292526,5,134.883025351841
"P30153","PPP2R1A",0.691686750544797,0.0383105738920348,3,152.45284992785
"Q9NZZ3","CHMP5",-2.1876415184001,0.0383105738920348,8,0.142857142857143
"P37802","TAGLN2",0.8185539122363,0.0391089909449595,2,0
"P15153","RAC2",3.28797313894588,0.0416850864760617,6,117.654774771823
"Q14974","KPNB1",0.587541786702875,0.0428702057812003,2,139
"P31943","HNRNPH1",0.643049490509437,0.0468951975082607,2,0
"P62873","GNB1",0.722785871677132,0.0497436684950498,5,147.715304128628
"P10599","TXN",-0.953793180225215,0.0524013230506501,6,333.463535399487
"P08195","SLC3A2",0.93509130473387,0.0524197728434189,3,139
"P35613","BSG",0.453520325806487,0.0549877346132674,10,318.243512254938
"Q99436","PSMB7",-0.544476143981832,0.0556829044656695,3,0
"P31946","YWHAB",0.453302148034005,0.0650445348901557,2,2.55238095238095
"O60664","PLIN3",0.852948064700339,0.0799912365200764,1,0
"P06753","TPM3",1.00430812389739,0.086876586408985,3,14.0607448107448
"P35579","MYH9",0.437691410362646,0.0911323355978355,6,33.8965339746478
"Q9UQN3","CHMP2B",-1.7555962422091,0.0946828648384656,9,78.2529448621554
"Q03135","CAV1",1.5625436371317,0.0959251783574401,16,461.5460823595
