"Symbol","uniprotswissprot","degree","betweenness"
"RALA","P11233",4,774.608643569417
"VAMP3","Q15836",4,432.48449197861
"ITGB4","P16144",21,364.755934707252
"TGM1","P22735",4,547
"VCL","P18206",15,222.453790189377
"LGALS1","P09382",3,5.30225885225885
"MYH9","P35579",6,33.8965339746478
"CHMP4B","Q9H444",8,0.142857142857143
"TIMP1","P01033",7,5.16265419032086
"PLAT","P00750",3,0
"CDC37","Q16543",3,0
"LAMB1","P07942",15,5.68056388226217
"SERPINE1","P05121",7,4.68910256410256
"CHMP5","Q9NZZ3",8,0.142857142857143
"PFN1","P07737",9,247.415850966113
"VPS4B","O75351",7,0
"CLTA","P09496",1,0
"RRAS","P10301",2,19.6625324730588
"CANX","P27824",10,389.340723944497
"RAC2","P15153",6,117.654774771823
"RAP1B","P61224",3,0
"TSG101","Q99816",13,1099.36598626233
"PXDN","Q92626",5,62.1446216477197
"LAMA5","O15230",14,2.02713802216091
"LAMC1","P11047",16,6.78032095204212
"PSMB7","Q99436",3,0
"THBS1","P07996",18,76.8619994883844
"ITGAV","P06756",22,69.8323066003279
"LGALS3BP","Q08380",2,0
"CD81","P60033",12,316.8515224269
"SPCS2","Q15005",1,0
"CHMP2B","Q9UQN3",9,78.2529448621554
"MCAM","P43121",3,5.78409337394632
"YWHAE","P62258",5,134.883025351841
"ICAM1","P05362",16,279.342769281015
"TNC","P24821",9,3.13026695526696
"NRP1","O14786",3,64.2608746891642
"PRDX5","P30044",3,1
"TIMP3","P35625",2,0
"VPS37B","Q9H9H4",8,0.142857142857143
"MFGE8","Q08431",5,4.37009383592576
"PGD","P52209",2,139
"EGFR","P00533",31,3195.78254943459
"ESAM","Q96AP7",1,0
"RHOC","P08134",6,29.4147145198975
"KPNB1","Q14974",2,139
"ITGA5","P08648",23,105.045505734951
"ITGB5","P18084",20,49.0811679013968
"ANXA5","P08758",5,23.3953551673346
"ITGA2","P17301",20,37.5853644906242
"NPM1","P06748",9,493.791260636633
"HSP90B1","P14625",7,50.2575256119968
"RAB8A","P61006",7,829.868452380952
"ARF4","P18085",2,0
"LAMB2","P55268",12,0.844047619047619
"RAB1B","Q9H0U4",4,68.5
"PSMC5","P62195",4,22.3283616570937
"RAB6A","P20340",3,0
"GNAI2","P04899",2,0
"ITGA3","P26006",21,71.3724048049442
"TLN1","Q9Y490",20,223.224997078506
"MMP1","P03956",7,17.5295815295815
"CD151","P48509",9,24.9550690736403
"HSPA5","P11021",8,242.530355679476
"PPP2R1A","P30153",3,152.45284992785
"MVB12A","Q96EY5",7,0
"SPRR3","Q9UBC9",3,69
"PKP3","Q9Y446",2,0
"RAB11B","Q15907",2,0
"BSG","P35613",10,318.243512254938
"F3","P13726",5,5.14636446886447
"EIF5A","P63241",2,0
"EEF1A1","P68104",6,248.650500717235
"CAV1","Q03135",16,461.5460823595
"RHOG","P84095",2,1.59459930313589
"PARK7","Q99497",4,70.100092064798
"PPL","O60437",3,675
"FERMT2","Q96AC1",5,0
"HNRNPA2B1","P22626",4,50.4553335553336
"FN1","P02751",37,1059.9201089299
"HNRNPH1","P31943",2,0
"EPHA2","P29317",6,109.290297189701
"VCP","P55072",14,866.97766303477
"COL18A1","P39060",9,1.09591003961713
"MSN","P26038",11,93.3924997572308
"CD47","Q08722",7,4.44582211091874
"TAGLN2","P37802",2,0
"SPRR1A","P35321",3,69
"FLNA","P21333",22,680.982619980343
"GNG5","P63218",4,33.7009146767211
"GNAS","Q5JWF2",5,311.907330609558
"HSP90AB1","P08238",19,1189.53138535294
"SDC4","P31431",5,13.9546983662279
"PSMB2","P49721",4,22.3283616570937
"TXN","P10599",6,333.463535399487
"HSPG2","P98160",10,7.66070496861035
"VPS28","Q9UK41",8,0.142857142857143
"SLC3A2","P08195",3,139
"GNB1","P62873",5,147.715304128628
"AGRN","O00468",4,0
"PLXNA1","Q9UIW2",4,35.7179084804085
"HLA-DRA","P01903",5,63.919996287745
"ITGB1","P05556",36,665.040695673459
"HLA-A","P04439",4,2.9547619047619
"UBE2D2","P62837",1,0
"ITGA6","P23229",18,14.2115698258593
"CD44","P16070",30,903.990367198205
"HLA-B","P01889",4,2.9547619047619
"RHOA","P61586",21,1091.9037803671
"WDR1","O75083",4,2
"CFL1","P23528",11,265.936831157133
"CLTC","Q00610",6,706.781163436919
"PLIN3","O60664",1,0
"NAPA","P54920",1,0
"JUP","P14923",4,931
"MUC5AC","P98088",2,0.233333333333333
"ITGB3","P05106",24,101.166945030184
"CASP14","P31944",1,0
"VIM","P08670",5,197.518977399971
"CHMP2A","O43633",8,0.142857142857143
"B2M","P61769",4,2.9547619047619
"ARHGDIA","P52565",5,35.6101979719627
"UBA52","P62987",8,299.89208722389
"YWHAB","P31946",2,2.55238095238095
"CD58","P19256",1,0
"SOD2","P04179",3,1
"IDH1","O75874",3,292.493013864281
"TKT","P29401",1,0
"GSTP1","P09211",1,0
"YBX1","P67809",4,118.517542292841
"ATP1B1","P05026",1,0
"KPNA2","P52292",1,0
"TPM3","P06753",3,14.0607448107448
"EHD1","Q9H4M9",1,0
"RAB1A","P62820",5,70.5
"CAPN1","P07384",1,0
"PPP2R5D","Q14738",1,0
"SPRR2A","P35326",2,0
"ATP2B1","P20020",1,0
"SLC16A3","O15427",2,0
"MAGED2","Q9UNF1",1,0
"DPYSL2","Q16555",2,23.3148692780272
"SLC1A5","Q15758",1,0
