"UNIPROT","Symbol","CDS","rank_AHPCDS","score_FConly","rank_FConly","score_Centralityonly","rank_Centralityonly","score_EqualMCDA","rank_EqualMCDA","tier_12","n_tier1_neighbors_real","tier3_pval","tier"
"P02751","FN1",0.978975684315516,1,0.979504194820694,2,1,1,0.960705604397515,1,1,7,0.154,1
"P08670","VIM",0.809089606966924,2,1,1,0.373114300021637,61,0.73724192508001,5,1,1,0.474,1
"P07996","THBS1",0.737744152839176,3,0.841387898990605,5,0.764591086633362,16,0.652032310516605,13,1,2,0.694,1
"P39060","COL18A1",0.729174179799108,4,0.822393364043872,8,0.546602569732903,33,0.61517330201123,23,2,2,0.291,2
"P17301","ITGA2",0.722385128492281,5,0.652198251298721,14,0.798581758291063,12,0.715133831711887,6,NA,4,0.219,4
"P03956","MMP1",0.721623838788613,6,0.82482965592613,7,0.470817826733276,46,0.647508713808868,14,1,1,0.626,1
"P01033","TIMP1",0.714652204030212,7,0.810105039746252,9,0.470817826733276,47,0.626566840071694,18,2,3,0.038,2
"P22735","TGM1",0.71420451672406,8,0.829471226239387,6,0.311193656366264,74,0.708855636264407,7,NA,0,1,4
"P01903","HLA-DRA",0.706746363421681,9,0.892997537643176,3,0.373114300021637,62,0.620403983750813,19,NA,1,0.526,4
"P05556","ITGB1",0.70205709626444,10,0.485159994053749,34,0.990942842670249,2,0.798758430262637,2,2,5,0.49,2
"P21333","FLNA",0.683661499805706,11,0.570433948695525,24,0.829477891255408,7,0.744219342670875,4,1,4,0.276,1
"P35321","SPRR1A",0.679994476921219,12,0.808860843729038,10,0.235408913366638,91,0.642682923164003,15,2,0,1,2
"P26006","ITGA3",0.661588992835954,13,0.51778737254508,30,0.814381038209597,9,0.703576768040013,10,NA,3,0.499,4
"P05106","ITGB3",0.656796987883046,14,0.497431594315303,32,0.857796226099167,5,0.70782264289827,8,2,5,0.168,2
"P18084","ITGB5",0.645354062485573,15,0.64312507927291,15,0.798581758291063,13,0.606864062160153,24,NA,5,0.083,4
"P00533","EGFR",0.636973872422697,16,0.430583466997756,46,0.941635653466553,3,0.760858291395576,3,1,7,0.054,1
"Q99816","TSG101",0.596801877224544,17,0.449949431658675,43,0.660876371636064,25,0.704813327281092,9,NA,1,0.812,4
"P29317","EPHA2",0.592379037680129,18,0.66558095909283,13,0.425467458269426,54,0.57139438055597,28,2,2,0.158,2
"P05362","ICAM1",0.588787865810044,19,0.410154094795955,47,0.726816272518616,18,0.683563934007245,11,2,6,0.007,2
"O75874","IDH1",0.576765751874022,20,0.604836332211471,22,0.235408913366638,92,0.619238066777371,20,2,1,0.328,2
"Q5JWF2","GNAS",0.576682374263628,21,0.581298392820823,23,0.373114300021637,63,0.616515232012237,22,2,1,0.481,2
"P09382","LGALS1",0.568167893870637,22,0.862089288681716,4,0.235408913366638,93,0.403408379331709,61,2,2,0.044,2
"O75351","VPS4B",0.566091540553389,23,0.636716411455574,16,0.470817826733276,48,0.463474070159888,46,NA,0,1,4
"O60437","PPL",0.552048862436638,24,0.61756116829674,21,0.235408913366638,94,0.588503142011558,25,2,0,1,2
"P43121","MCAM",0.551148148775563,25,0.734767199942855,11,0.235408913366638,95,0.447461607434021,50,2,0,1,2
"P08648","ITGA5",0.547111268838024,26,0.315965436833713,64,0.843932126754913,6,0.640827680957292,17,2,4,0.307,2
"O15230","LAMA5",0.546218578525598,27,0.466869261348279,40,0.684307956387901,23,0.517916636982097,34,NA,1,0.854,4
"P06756","ITGAV",0.545433361879978,28,0.346771491975638,56,0.829477891255408,8,0.616647745459209,21,NA,4,0.271,4
"O43633","CHMP2A",0.53348547008301,29,0.545706701490714,26,0.510819686676636,39,0.460369513811927,48,NA,0,1,4
"P16144","ITGB4",0.52152758453867,30,0.287083756322967,72,0.814381038209597,10,0.641463115084487,16,2,5,0.108,2
"P06748","NPM1",0.516598720077732,31,0.533682679034567,27,0.546602569732903,34,0.537565168714199,31,2,1,0.72,2
"P16070","CD44",0.512378301340016,32,0.236187739996644,84,0.930853056666544,4,0.656185626076894,12,2,5,0.324,2
"P24821","TNC",0.50673983928612,33,0.448331871993654,44,0.546602569732903,35,0.48924478414771,37,2,1,0.706,2
"P05121","SERPINE1",0.506455540628901,34,0.476329205400118,37,0.470817826733276,49,0.488008840873993,40,2,4,0.004,2
"P98088","MUC5AC",0.497035836319598,35,0.631388823272578,18,0.137705386654999,108,0.404112154299846,60,NA,0,1,4
"P11047","LAMC1",0.491740371928678,36,0.318064284238053,63,0.726816272518616,19,0.525823782976563,33,2,1,0.89,2
"Q92626","PXDN",0.483128750159886,37,0.50474940621689,31,0.373114300021637,64,0.488621563528838,39,2,2,0.114,2
"P31431","SDC4",0.474641222368478,38,0.569486780016841,25,0.373114300021637,65,0.416801279802448,54,2,3,0.013,2
"P62987","UBA52",0.464555102854168,39,0.313546461656003,66,0.510819686676636,40,0.573123822448654,27,NA,0,1,4
"P31944","CASP14",0.462543651452489,40,0.617715815575603,20,0,126,0.371783989353681,72,NA,0,1,4
"P20020","ATP2B1",0.461045774124306,41,0.670451476542787,12,0,127,0.341006275173246,79,NA,0,1,4
"P55268","LAMB2",0.45697376650156,42,0.470336609388316,39,0.635707579659705,26,0.377471461908368,69,2,0,1,2
"Q9Y490","TLN1",0.452232790275336,43,0.272941979841763,75,0.798581758291063,14,0.537167058942072,32,2,3,0.484,2
"O00468","AGRN",0.451330877873833,44,0.471355680312866,38,0.311193656366264,75,0.396751898503667,62,2,1,0.4,2
"P27824","CANX",0.447110523690385,45,0.264385233721379,77,0.578972124842958,30,0.569289942487998,29,NA,0,1,4
"P61224","RAP1B",0.444169024179754,46,0.618139640641987,19,0.235408913366638,96,0.315532906853257,86,NA,0,1,4
"P00750","PLAT",0.444163955828847,47,0.481471693756165,35,0.235408913366638,97,0.389366532888341,64,NA,2,0.049,3
"P98160","HSPG2",0.440618691341451,48,0.311797485661741,67,0.578972124842958,31,0.470591930465026,44,NA,2,0.361,4
"P15153","RAC2",0.439307975345864,49,0.529342113130149,28,0.425467458269426,55,0.412731922326072,55,2,1,0.543,2
"P09211","GSTP1",0.437586063156865,50,0.63493359887495,17,0,128,0.324412563484,84,1,1,0.126,1
"P23229","ITGA6",0.42997600247738,51,0.20871806555198,87,0.764591086633362,17,0.497322755379314,36,NA,3,0.378,4
"P62837","UBE2D2",0.418839470361484,52,0.524869582900189,29,0,129,0.355285035017413,75,NA,0,1,4
"P48509","CD151",0.417472766239313,53,0.297792472881412,71,0.546602569732903,36,0.464911739197195,45,NA,1,0.704,4
"Q9H9H4","VPS37B",0.414117198586334,54,0.463118271078148,41,0.510819686676636,41,0.322915157824536,85,NA,0,1,4
"Q16555","DPYSL2",0.409425857405072,55,0.489764330121957,33,0.137705386654999,109,0.396458276194286,63,NA,1,0.246,4
"P08238","HSP90AB1",0.408475184405127,56,0.125308447248661,106,0.782011483099541,15,0.579855945024864,26,2,5,0.061,2
"Q00610","CLTC",0.407907121349621,57,0.240269476512321,83,0.425467458269426,56,0.550648971480588,30,2,1,0.567,2
"Q08431","MFGE8",0.405119315556215,58,0.35642952655718,54,0.373114300021637,66,0.40888002940265,56,1,0,1,1
"P08758","ANXA5",0.399306911785883,59,0.389593975431957,52,0.373114300021637,67,0.40720549362764,57,2,2,0.124,2
"P14923","JUP",0.396497502680985,60,0.329312536170256,61,0.311193656366264,76,0.5032906419676,35,2,1,0.427,2
"P61769","B2M",0.39428386942337,61,0.33885294181418,57,0.311193656366264,77,0.404137123717609,59,2,0,1,2
"P11021","HSPA5",0.391938859454663,62,0.261261386486382,78,0.510819686676636,42,0.487100186672509,41,2,2,0.251,2
"P04439","HLA-A",0.381093974338809,63,0.332999335243549,60,0.311193656366264,78,0.387180795523783,65,2,0,1,2
"Q15836","VAMP3",0.373449791225463,64,0.28097753527631,74,0.311193656366264,79,0.481551041342047,42,NA,0,1,4
"Q9UIW2","PLXNA1",0.369554290643732,65,0.390794231942872,51,0.311193656366264,80,0.375321062658739,70,NA,0,1,4
"Q08380","LGALS3BP",0.364387069610179,66,0.390848530782923,50,0.137705386654999,110,0.32826229109513,83,NA,1,0.224,4
"Q96AC1","FERMT2",0.355014207727826,67,0.447050958262777,45,0.373114300021637,68,0.255604880189331,109,2,1,0.491,2
"P49721","PSMB2",0.349511935848056,68,0.299651851595266,70,0.311193656366264,81,0.386468536832049,67,2,0,1,2
"O14786","NRP1",0.347827154534689,69,0.402878796028468,49,0.235408913366638,98,0.354204350287924,77,2,0,1,2
"P30044","PRDX5",0.346345480374752,70,0.338035793241804,58,0.235408913366638,99,0.32915801512818,82,2,2,0.038,2
"P35625","TIMP3",0.344090555214981,71,0.45225219935395,42,0.137705386654999,111,0.264127041926257,105,2,2,0.016,2
"Q03135","CAV1",0.341914446277791,72,0.208902737124534,86,0.726816272518616,20,0.424041962317629,53,1,3,0.322,1
"P61586","RHOA",0.337948380937928,73,0.0845923221465953,119,0.814381038209597,11,0.48900887937231,38,2,7,0.012,2
"Q96AP7","ESAM",0.334734233976053,74,0.476980392687319,36,0,130,0.25287072990721,112,NA,0,1,4
"Q9H444","CHMP4B",0.331076705739624,75,0.336405031894795,59,0.510819686676636,43,0.264713384616582,104,NA,0,1,4
"P23528","CFL1",0.329259820976439,76,0.120685256716385,107,0.608523213388275,28,0.45735022326563,49,1,2,0.415,1
"Q9UK41","VPS28",0.325979242021406,77,0.248197248269819,80,0.510819686676636,44,0.30459649082029,91,NA,0,1,4
"P61006","RAB8A",0.322859808138678,78,0.157781159274723,99,0.470817826733276,50,0.462758491053947,47,NA,0,1,4
"Q96EY5","MVB12A",0.315502714799432,79,0.301719256773105,69,0.470817826733276,51,0.262240137334088,106,NA,0,1,4
"P55072","VCP",0.312895969102562,80,0.0670056760224195,125,0.684307956387901,24,0.471942907828063,43,2,2,0.544,2
"Q9NZZ3","CHMP5",0.312009765786278,81,0.324993237956628,62,0.510819686676636,45,0.241795665257771,114,2,0,1,2
"P04179","SOD2",0.306401105200697,82,0.283755567649178,73,0.235408913366638,100,0.297556907708269,93,1,1,0.325,1
"P54920","NAPA",0.304288904811605,83,0.409843311498053,48,0,131,0.242705383808611,113,NA,0,1,4
"P11233","RALA",0.301680887990263,84,0.174155608963559,94,0.311193656366264,82,0.439447024628007,51,NA,1,0.426,4
"Q9UQN3","CHMP2B",0.300529420676099,85,0.244755639976964,81,0.546602569732903,37,0.333708784420563,80,NA,0,1,4
"P14625","HSP90B1",0.300100141252356,86,0.158504705260668,98,0.470817826733276,52,0.381437713918047,68,2,2,0.207,2
"P60033","CD81",0.298644685873753,87,0.0692529156654981,124,0.635707579659705,27,0.438104076778115,52,NA,2,0.441,4
"P07942","LAMB1",0.297772545029689,88,0.164663918879886,96,0.706226740099915,21,0.312759806202675,87,NA,0,1,4
"P01889","HLA-B",0.296910967925403,89,0.258164906465956,79,0.311193656366264,83,0.299206311417171,92,2,0,1,2
"P26038","MSN",0.296198499290697,90,0.0921618386853205,118,0.608523213388275,29,0.405085429108286,58,NA,6,0,3
"P09496","CLTA",0.296146221864843,91,0.354992275911783,55,0,132,0.259920939225823,107,NA,0,1,4
"P05026","ATP1B1",0.285797725561108,92,0.302867697614351,68,0,133,0.272298790647639,102,2,0,1,2
"P08134","RHOC",0.284477526861313,93,0.155513017355453,100,0.425467458269426,57,0.355958406129837,74,2,3,0.029,2
"P07737","PFN1",0.268651534923314,94,0.118520603754382,108,0.546602569732903,38,0.372242382812578,71,2,2,0.307,2
"P18206","VCL",0.257422344725203,95,0.0220603657587279,138,0.706226740099915,22,0.386492075261598,66,2,4,0.092,2
"Q14738","PPP2R5D",0.255542208052818,96,0.381616055706146,53,0,134,0.183601425502271,124,NA,0,1,4
"P62195","PSMC5",0.251888427001484,97,0.16078045004675,97,0.311193656366264,84,0.312591794456749,89,NA,0,1,4
"P10301","RRAS",0.244924746531982,98,0.181855346243693,93,0.137705386654999,112,0.309201018044106,90,2,0,1,2
"P67809","YBX1",0.242918677644372,99,0.10746708865984,111,0.311193656366264,85,0.354819895793979,76,1,1,0.41,1
"Q9Y446","PKP3",0.240106453783401,100,0.271919138543928,76,0.137705386654999,113,0.202949893733674,119,2,0,1,2
"Q16543","CDC37",0.234810681617036,101,0.241044973042645,82,0.235408913366638,101,0.199934483950164,120,NA,1,0.322,4
"P68104","EEF1A1",0.231133410783271,102,0.0593587229153843,126,0.425467458269426,58,0.361467198036427,73,2,0,1,2
"P22626","HNRNPA2B1",0.2307362315105,103,0.169905683647886,95,0.311193656366264,86,0.288520810095207,96,2,1,0.414,2
"P52209","PGD",0.230160831479767,104,0.192492956927443,92,0.137705386654999,114,0.312675918872344,88,2,0,1,2
"O15427","SLC16A3",0.223140141516886,105,0.197312820237284,90,0.137705386654999,115,0.217380183458451,118,1,0,1,1
"P13726","F3",0.221631689702862,106,0.109028195996292,109,0.373114300021637,69,0.26491006874913,103,1,1,0.493,1
"P10599","TXN",0.21979369678697,107,0.0958482099189039,115,0.425467458269426,59,0.329307205336896,81,1,2,0.15,1
"Q9UBC9","SPRR3",0.216491096841056,108,0.147664795729547,101,0.235408913366638,102,0.292927288584399,94,NA,0,1,4
"P63241","EIF5A",0.210168394772456,109,0.20523209649613,88,0.137705386654999,116,0.193315149849847,121,2,0,1,2
"P35613","BSG",0.20735609069312,110,0.00293967837129071,141,0.578972124842958,32,0.341506630928136,78,2,4,0.018,2
"Q15758","SLC1A5",0.205033655490708,111,0.224662526005082,85,0,135,0.191360536202769,122,2,0,1,2
"Q08722","CD47",0.203889666986499,112,0.100123519511328,114,0.470817826733276,53,0.229032278217875,115,NA,3,0.037,3
"P52565","ARHGDIA",0.199664373019932,113,0.0773874269605792,121,0.373114300021637,70,0.278102554662356,99,1,0,1,1
"Q9H0U4","RAB1B",0.197500429743049,114,0.108398914591996,110,0.311193656366264,87,0.276044226069915,100,NA,0,1,4
"Q99497","PARK7",0.188107646964666,115,0.0576703446593122,127,0.311193656366264,88,0.28950322486829,95,2,1,0.408,2
"P19256","CD58",0.184187835870295,116,0.314926065119838,65,0,136,0.110794494808473,132,2,0,1,2
"P35326","SPRR2A",0.183119938586433,117,0.201524510559308,89,0.137705386654999,117,0.154060374348071,127,2,0,1,2
"Q15907","RAB11B",0.179210542841499,118,0.126726511282751,105,0.137705386654999,118,0.188510409372774,123,NA,0,1,4
"P62873","GNB1",0.178325008881888,119,0.0529465221211394,130,0.373114300021637,71,0.282012772509475,97,2,1,0.516,2
"P63218","GNG5",0.174968376447018,120,0.0565994188738237,129,0.311193656366264,89,0.258139544921166,108,2,1,0.424,2
"P62820","RAB1A",0.173513833334616,121,0.032425075094888,134,0.373114300021637,72,0.273612221583039,101,NA,0,1,4
"P62258","YWHAE",0.165927476424374,122,0.0185709281940614,140,0.373114300021637,73,0.280178337284433,98,2,1,0.479,2
"P20340","RAB6A",0.164037919567544,123,0.143636568859479,102,0.235408913366638,103,0.144611787569682,128,NA,0,1,4
"P08195","SLC3A2",0.163803773586942,124,0.0923749777142382,117,0.235408913366638,104,0.253933814724997,111,2,0,1,2
"P30153","PPP2R1A",0.147677591043969,125,0.0471709265610249,131,0.235408913366638,105,0.25528177449146,110,2,0,1,2
"P06753","TPM3",0.139073000297812,126,0.105229628871258,112,0.235408913366638,106,0.172277131363532,125,2,1,0.314,2
"P35579","MYH9",0.137466104467731,127,0,143,0.425467458269426,60,0.218020442284226,117,1,1,0.57,1
"O75083","WDR1",0.132068079400109,128,0.0331194224916591,133,0.311193656366264,90,0.16477309971731,126,NA,3,0.005,3
"P52292","KPNA2",0.12706772142229,129,0.196990916821928,91,0,137,0.0873872184071863,135,2,0,1,2
"Q9H4M9","EHD1",0.114730192810749,130,0.0947606697611554,116,0,138,0.12380309800909,130,2,0,1,2
"P18085","ARF4",0.111078734160188,131,0.0811456406330286,120,0.137705386654999,119,0.109213763943108,133,NA,0,1,4
"Q14974","KPNB1",0.110854695817712,132,0.027829569992968,136,0.137705386654999,120,0.219661238878583,116,2,0,1,2
"P07384","CAPN1",0.110773480913451,133,0.102054778223466,113,0,139,0.113826795269646,131,2,0,1,2
"Q15005","SPCS2",0.110035018085821,134,0.131870952906654,104,0,140,0.0965907854212194,134,NA,0,1,4
"P84095","RHOG",0.109558352418863,135,0.0573191705225186,128,0.137705386654999,121,0.135585651221841,129,NA,1,0.241,4
"Q9UNF1","MAGED2",0.0934869613708367,136,0.139866330653069,103,0,141,0.0670295611917812,140,NA,0,1,4
"P37802","TAGLN2",0.0883492222463071,137,0.0707321523806162,123,0.137705386654999,122,0.0801700108033838,139,2,1,0.213,2
"Q99436","PSMB7",0.0783631806732929,138,0.0198316033033397,139,0.235408913366638,107,0.0808205717778905,138,NA,0,1,4
"P04899","GNAI2",0.0750023634566816,139,0.0278774649257537,135,0.137705386654999,123,0.0829658536486446,137,1,0,1,1
"P31943","HNRNPH1",0.0677391222858827,140,0.038138222970431,132,0.137705386654999,124,0.0663431103532857,141,2,1,0.23,2
"P31946","YWHAB",0.0547312975114514,141,0.00289915932997438,142,0.137705386654999,125,0.0865713846976496,136,NA,0,1,4
"O60664","PLIN3",0.0436813271875215,142,0.0771196870450174,122,0,142,0.0249611085482465,143,NA,0,1,4
"P29401","TKT",0.0334540983146779,143,0.0255036212165791,137,0,143,0.0372491854667608,142,2,0,1,2
