"UNIPROT","Symbol","CDS","rank_AHPCDS","rank_FConly","rank_Centralityonly","rank_AHP","rank_baseline_LOCO","delta_r_no_fc","C_FC","C_Deg","baseline_delta_rank","baseline_direction","loco_direction","discordant","discordance_type","contribution_difference","contribution_class","manual_inspection_priority"
"Q9NZZ3","CHMP5",0.312009765786278,81,62,45,81,97,16,0.168383500516919,0.123547323476188,-17,"Rose","FC-rescued",TRUE,"Rose + FC-rescued",0.044836177040731,"mixed_nonconvergent",1
"P55268","LAMB2",0.45697376650156,42,39,26,42,57,15,0.243687915502514,0.153752825172927,-13,"Rose","FC-rescued",TRUE,"Rose + FC-rescued",0.089935090329587,"mixed_nonconvergent",2
"Q15836","VAMP3",0.373449791225463,64,74,79,64,51,-13,0.145578354964896,0.0752655865261486,5,"Dropped","network-rescued",TRUE,"Dropped + network-rescued",0.0703127684387474,"mixed_nonconvergent",3
"Q9H444","CHMP4B",0.331076705739624,75,59,43,75,88,13,0.174296109107079,0.123547323476188,-16,"Rose","FC-rescued",TRUE,"Rose + FC-rescued",0.050748785630891,"mixed_nonconvergent",4
"P14923","JUP",0.396497502680985,60,61,76,60,52,-8,0.170621388780564,0.0752655865261486,15,"Dropped","network-rescued",TRUE,"Dropped + network-rescued",0.0953558022544154,"mixed_nonconvergent",5
"P01889","HLA-B",0.296910967925403,89,79,83,89,82,-7,0.133758815828537,0.0752655865261486,4,"Dropped","network-rescued",TRUE,"Dropped + network-rescued",0.0584932293023884,"mixed_nonconvergent",6
"Q96EY5","MVB12A",0.315502714799432,79,69,51,79,86,7,0.15632492832235,0.113872436507315,-18,"Rose","FC-rescued",TRUE,"Rose + FC-rescued",0.042452491815035,"mixed_nonconvergent",7
"Q9UBC9","SPRR3",0.216491096841056,108,101,102,108,101,-7,0.0765071770858665,0.0569362182536576,1,"Dropped","network-rescued",TRUE,"Dropped + network-rescued",0.0195709588322089,"convergent",8
"P61769","B2M",0.39428386942337,61,57,77,61,55,-6,0.175564405160769,0.0752655865261486,20,"Dropped","network-rescued",TRUE,"Dropped + network-rescued",0.10029881863462,"mixed_nonconvergent",9
"Q08431","MFGE8",0.405119315556215,58,54,66,58,54,-4,0.184671077301908,0.0902417708649226,12,"Dropped","network-rescued",TRUE,"Dropped + network-rescued",0.0944293064369854,"mixed_nonconvergent",10
"P10301","RRAS",0.244924746531982,98,93,112,98,94,-4,0.0942217751383367,0.0333055526112651,19,"Dropped","network-rescued",TRUE,"Dropped + network-rescued",0.0609162225270716,"mixed_nonconvergent",11
"Q15907","RAB11B",0.179210542841499,118,105,118,118,114,-4,0.065658761739942,0.0333055526112651,13,"Dropped","network-rescued",TRUE,"Dropped + network-rescued",0.0323532091286769,"convergent",12
"P17301","ITGA2",0.722385128492281,5,14,12,5,8,3,0.337912952513023,0.193145725169017,-2,"Rose","FC-rescued",TRUE,"Rose + FC-rescued",0.144767227344006,"mixed_nonconvergent",13
"P04439","HLA-A",0.381093974338809,63,60,78,63,60,-3,0.172531570474087,0.0752655865261486,18,"Dropped","network-rescued",TRUE,"Dropped + network-rescued",0.0972659839479384,"mixed_nonconvergent",14
"P18084","ITGB5",0.645354062485573,15,15,13,15,17,2,0.333212016345539,0.193145725169017,-2,"Rose","FC-rescued",TRUE,"Rose + FC-rescued",0.140066291176522,"mixed_nonconvergent",15
"P29401","TKT",0.0334540983146779,143,137,143,143,142,-1,0.0132137795952489,0,6,"Dropped","network-rescued",TRUE,"Dropped + network-rescued",0.0132137795952489,"FC-dominant",16
