"method","k","tier1","tier2","tier3","tier4","A","C","N","G_star"
"AHP_CDS",5,3,1,0,1,0.6,0.2,0.2,0.865349742184445
"AHP_CDS",10,4,3,0,3,0.4,0.3,0.3,0.990578174668388
"AHP_CDS",15,5,5,0,5,0.333333333333333,0.333333333333333,0.333333333333333,1
"AHP_CDS",20,6,8,0,6,0.3,0.4,0.3,0.990578174668388
"AHP_CDS",25,6,12,0,7,0.24,0.48,0.28,0.954973729895134
"AHP_CDS",30,6,14,0,10,0.2,0.466666666666667,0.333333333333333,0.943538796063307
"FC_only",5,3,1,0,1,0.6,0.2,0.2,0.865349742184445
"FC_only",10,4,4,0,2,0.4,0.4,0.2,0.95244063118092
"FC_only",15,4,6,0,5,0.266666666666667,0.4,0.333333333333333,0.986484829732188
"FC_only",20,5,6,0,9,0.25,0.3,0.45,0.969495610514348
"FC_only",25,6,10,0,9,0.24,0.4,0.36,0.977190341974166
"FC_only",30,6,12,0,12,0.2,0.4,0.4,0.95244063118092
"Equal_weight",5,4,1,0,0,0.8,0.2,0,0
"Equal_weight",10,4,2,0,4,0.4,0.2,0.4,0.95244063118092
"Equal_weight",15,6,5,0,4,0.4,0.333333333333333,0.266666666666667,0.986484829732188
"Equal_weight",20,6,9,0,5,0.3,0.45,0.25,0.969495610514348
"Equal_weight",25,6,12,0,7,0.24,0.48,0.28,0.954973729895134
"Equal_weight",30,6,15,0,9,0.2,0.5,0.3,0.932169751786158
"RWR",5,2,1,0,2,0.4,0.2,0.4,0.95244063118092
"RWR",10,2,4,0,4,0.2,0.4,0.4,0.95244063118092
"RWR",15,2,6,0,7,0.133333333333333,0.4,0.466666666666667,0.875903827977578
"RWR",20,2,9,0,9,0.1,0.45,0.45,0.817704266774463
"RWR",25,2,12,0,11,0.08,0.48,0.44,0.769808239198998
"RWR",30,4,15,0,11,0.133333333333333,0.5,0.366666666666667,0.870658769117361
