"Symbol","RWR_score","rank_RWR"
"FN1",1.59351468829388,1
"MARCKS",1.35185185185185,2
"UBA52",1.2608167902207,3
"ITGB1",1.20039533494772,4
"TGM1",1.10456710159776,5
"H4C9",1.05370072590085,6
"S100A16",1.05035559375288,7
"EGFR",1.0287792547514,8
"CD9",1.00565890981027,9
"SFN",1.0011136721474,10
"ENPP1",0.994489818225327,11
"CLTC",0.954916945081239,12
"H2AC20",0.949624156323796,13
"ICAM1",0.940982762892179,14
"ITGAV",0.938356353729349,15
"ITGA2",0.935253568355279,16
"ITGB4",0.925836384943373,17
"ITGB3",0.918490072420151,18
"ITGA5",0.916292002764598,19
"S100A7",0.91546613135277,20
"MUC1",0.900670890260786,21
"ITGA3",0.890614907070591,22
"H2BC18",0.889397693405852,23
"NT5E",0.879701417328514,24
"TSG101",0.866093575044504,25
"ITGA6",0.857230923278228,26
"ITGB6",0.852269498722479,27
"LAMC1",0.850199949689876,28
"HLA-DRA",0.82904687295419,29
"PPL",0.827239045645137,30
"BASP1",0.824074074074074,31
"MARCKSL1",0.824074074074074,32
"DSG3",0.818046931002194,33
"CD44",0.817581636742217,34
"CANX",0.800369592773478,35
"SERPINE1",0.788033719521422,36
"HSPG2",0.784275474692135,37
"B2M",0.772579450930082,38
"LAMA5",0.76848746579116,39
"SPRR1A",0.764698199034777,40
"FLNA",0.753467916060642,41
"HLA-A",0.752547804710877,42
"S100A8",0.752312983104287,43
"ANPEP",0.751451077236031,44
"S100A11",0.739420285646919,45
"H2AZ2",0.73373140526384,46
"MMP1",0.728708697432999,47
"S100A14",0.72414715200209,48
"EEF1B2",0.722918542373505,49
"TIMP1",0.72017227133179,50
"RPS26",0.719723982162641,51
"COL18A1",0.715309838886724,52
"DSP",0.712129518950042,53
"MFGE8",0.709681927921923,54
"TNC",0.703853910347322,55
"S100A9",0.698088379548192,56
"CASP14",0.690335156053162,57
"CHMP2A",0.688856617620329,58
"VPS4B",0.683645144541836,59
"CHMP1B",0.682866462351704,60
"MSLN",0.673830404184044,61
"RPL10",0.670036714907627,62
"MUC5AC",0.668234758038886,63
"H2AX",0.66528299200643,64
"SERPINB5",0.66416756615141,65
"NME1",0.663757351305245,66
"VIM",0.661634169257448,67
"PLAT",0.65137282188754,68
"ACTB",0.649632793139903,69
"CLTA",0.648450997930435,70
"AGRN",0.64332524024532,71
"H1-2",0.641880496855385,72
"EIF3H",0.641430652045605,73
"CD276",0.632617321326115,74
"TYMP",0.626093329519131,75
"GLUL",0.624328264757158,76
"SLC2A1",0.617814393822899,77
"CLU",0.616722986246977,78
"SDCBP2",0.608532961463432,79
"GNAS",0.606756836215735,80
"ATP1B1",0.606402892089621,81
"S100A2",0.604439579536867,82
"FABP5",0.604439579536867,83
"LGALS3BP",0.602757189833318,84
"ADGRE5",0.602009740708658,85
"UBE2D2",0.599342444383608,86
"IDH1",0.598879403805805,87
"PTGFRN",0.5921211186068,88
"ARHGDIB",0.591556060263337,89
"BAIAP2",0.590849704638464,90
"HSPB1",0.590565644149492,91
"ANXA6",0.587939525342297,92
"CDCP1",0.587466147314009,93
"TACSTD2",0.586923429704064,94
"MTPN",0.5854282686369,95
"CD109",0.584373145653755,96
"CA2",0.582848428757122,97
"ENO1",0.509584253874975,98
"CD59",0.47505906588554,99
"ANXA2",0.447053816617524,100
"CD81",0.394949180223192,101
"CLDN1",0.388820177197732,102
"THBS1",0.342859654225206,103
"H3C14",0.33002544476192,104
"ITGB5",0.321170129421911,105
"S100A10",0.314256312925582,106
"ANXA1",0.305244029387002,107
"NPM1",0.29385342397739,108
"LAMB1",0.280267387911941,109
"SPRR3",0.276840430503654,110
"PKP3",0.268346391110259,111
"HLA-B",0.256381716747914,112
"HSPA5",0.254345523909983,113
"RAC2",0.224120758826018,114
"PGM2",0.222695429632262,115
"GGT1",0.222584151119141,116
"EPHA2",0.221452283610549,117
"JUP",0.20783533710894,118
"TLN1",0.202244172715177,119
"PDCD6IP",0.199699166636975,120
"EZR",0.198391708454721,121
"HSP90AB1",0.196440091069807,122
"CD14",0.196275931110679,123
"CD58",0.195845874890897,124
"YBX1",0.193152588539835,125
"DSG2",0.189388606741537,126
"PLAU",0.184950337744676,127
"LGALS1",0.184713599463944,128
"CD151",0.184117556490677,129
"CAPZB",0.183246059475912,130
"EEF1A1",0.181756951189822,131
"CAPZA1",0.18140944135172,132
"PVR",0.175405092592593,133
"TMEM109",0.175130208333333,134
"RACK1",0.174961486727115,135
"RPS3",0.171077940168352,136
"RPL7A",0.170955543360763,137
"ACTN1",0.170269447196594,138
"PNP",0.167129468722578,139
"LAMB2",0.166678636469366,140
"RHOA",0.166096335400609,141
"RPSA",0.165469244553312,142
"RPS25",0.165469244553312,143
"VCL",0.151467241309508,144
"CHMP4B",0.141465408805983,145
"CHMP5",0.141465408805983,146
"VPS28",0.141148127763079,147
"CHMP1A",0.141148127763079,148
"VPS37B",0.134934539210402,149
"ATP1A1",0.128686556927298,150
"NAMPT",0.127518824233651,151
"F3",0.125137994929345,152
"ESAM",0.124919285202743,153
"ATP1B3",0.124314128943759,154
"PSCA",0.120412014836379,155
"RPL17",0.115781977298297,156
"RPL22",0.115781977298297,157
"VCP",0.115042563594276,158
"IST1",0.114938597016031,159
"EIF5A",0.113525275987445,160
"SPRR2A",0.104021411162202,161
"MVB12A",0.10193189006343,162
"SDC4",0.0985350675670171,163
"HSPA1A",0.096499985857932,164
"SERPINB2",0.0931345844645599,165
"YWHAE",0.0929263623543422,166
"UGP2",0.0918131017807932,167
"RAB35",0.0878430368533142,168
"HMGN1",0.0855888018908788,169
"ARHGDIA",0.0833151061153437,170
"ACTR3",0.080465505908563,171
"GIPC1",0.080347385502025,172
"GNB1",0.0800340642982745,173
"RHOC",0.0787953597010815,174
"GPI",0.0784911417090687,175
"S100A4",0.0783697242404355,176
"VAMP3",0.0771515457898171,177
"ACTR2",0.0767542845875624,178
"RHOG",0.0765521538368,179
"GNG5",0.0762980026017591,180
"NRP1",0.0725467790745122,181
"MAGED2",0.0698111418824268,182
"CD47",0.0694018254515726,183
"PGD",0.0693909013947574,184
"LMNA",0.0689556145311066,185
"TIMP3",0.0647018460682267,186
"MACROH2A1",0.0640888748876145,187
"MDH2",0.0640643779228214,188
"MSN",0.0626540160687156,189
"SLC16A3",0.0620196263617167,190
"LAMP1",0.0587099435004808,191
"STOM",0.058299765334384,192
"SLC1A5",0.058299765334384,193
"TPBG",0.0558884921029033,194
"TUBB",0.0548283170370794,195
"MME",0.052979735228333,196
"MCAM",0.0526395042716034,197
"PXDN",0.0478046641385284,198
"IQGAP1",0.0445004041448301,199
"HSP90B1",0.042983962301108,200
"FERMT2",0.0425704781609587,201
"CFL1",0.0415193865479406,202
"PFN1",0.0364236756060095,203
"SDCBP",0.0355849201062654,204
"RDX",0.0354759796422224,205
"ANXA5",0.0330470697727259,206
"SEC13",0.0325910724701148,207
"F11R",0.0299333861767563,208
"SERPINB3",0.0265901527291064,209
"SERPINB4",0.0265901527291064,210
"CFL2",0.0264760324095096,211
"PSMC5",0.0248893248422062,212
"WDR1",0.0235625467619229,213
"PSMB2",0.0229566021306504,214
"TGM2",0.0224724567975766,215
"CLDN4",0.0222752874670737,216
"RALA",0.0187314828947973,217
"CTNNA1",0.016095551746062,218
"GSTP1",0.0148079300292407,219
"TUBA1A",0.0139575101874918,220
"TWF1",0.0137865774035834,221
"RAP1B",0.0137566175037049,222
"TKT",0.0129476492000015,223
"ARPC2",0.0127898222099401,224
"GSTO1",0.0112212405478774,225
"TUBB4B",0.0102123580633446,226
"HNRNPA2B1",0.00987421006218329,227
"DCTN2",0.00979949719089986,228
"ADAM10",0.0092320627953593,229
"PATJ",0.00821972600036061,230
"NDRG1",0.00797325102880658,231
"SLC9A3R1",0.00758584823846217,232
"CDC37",0.00747399677094047,233
"PLXNA1",0.00730674282619174,234
"TUBA4A",0.00717099368060997,235
"GDI2",0.00694363409215944,236
"CMPK1",0.00618819502074986,237
"SRM",0.00613108867898264,238
"GNAI2",0.0059958028139518,239
"TSPAN14",0.00586249042420801,240
"HNRNPK",0.00572471983512151,241
"CLIC1",0.00532545138624283,242
"SH3BGRL",0.00495887993525035,243
"EPS8L2",0.00488487641311584,244
"KPNB1",0.00487489377950954,245
"MYL6",0.00476444457348456,246
"ARPC4",0.00469941964461985,247
"HNRNPH1",0.00418494778153123,248
"BROX",0.00414883920346151,249
"HDGF",0.00399125290006539,250
"TAX1BP3",0.00390145442677856,251
"SPCS2",0.00338213066073891,252
"RAB8A",0.00293164998742913,253
"TUBA1B",0.00281372770103993,254
"TUBA1C",0.00276618981853621,255
"PARK7",0.00263253947298047,256
"TAGLN2",0.00227173609819105,257
"NAPA",0.00219851525626826,258
"VAMP8",0.00219851525626826,259
"MYO1D",0.00185167273520773,260
"PPP2R1A",0.00178019757560243,261
"CAPN1",0.00133016136792876,262
"FMNL1",0.00112673751681305,263
"RRAS",0.00103261057467484,264
"GLRX",0.000241126543209877,265
"SH3BGRL3",0.000212540926151791,266
"KPNA2",0.000131273865070875,267
"DPYSL2",0.000118413984013578,268
"RAB1B",8.28946430798282e-05,269
"RAB6A",8.28946430798282e-05,270
"RAB1A",8.28946430798282e-05,271
"RAB11B",6.14611725722837e-05,272
"IPO5",6.12862618707116e-05,273
"RANBP1",6.12862618707116e-05,274
"PRDX5",3.99894616424363e-05,275
"SOD2",3.99894616424363e-05,276
"PPP2R5D",3.50181368951413e-05,277
"ARF4",2.14334705075446e-05,278
"EHD1",2.14334705075446e-05,279
"TPD52L2",0,280
"EHD4",0,281
"RAB27B",0,282
"FASN",0,283
"MT1E",0,284
"WARS1",0,285
"EPB41L2",0,286
"MAL2",0,287
"ACSL4",0,288
"MT1X",0,289
"HARS1",0,290
"DDAH2",0,291
